-- phpMyAdmin SQL Dump
-- version 5.2.1
-- https://www.phpmyadmin.net/
--
-- Host: localhost:3306
-- Waktu pembuatan: 28 Mar 2025 pada 05.45
-- Versi server: 8.0.30
-- Versi PHP: 7.4.33

SET SQL_MODE = "NO_AUTO_VALUE_ON_ZERO";
START TRANSACTION;
SET time_zone = "+00:00";


/*!40101 SET @OLD_CHARACTER_SET_CLIENT=@@CHARACTER_SET_CLIENT */;
/*!40101 SET @OLD_CHARACTER_SET_RESULTS=@@CHARACTER_SET_RESULTS */;
/*!40101 SET @OLD_COLLATION_CONNECTION=@@COLLATION_CONNECTION */;
/*!40101 SET NAMES utf8mb4 */;

--
-- Database: `susukita_psikotest`
--

-- --------------------------------------------------------

--
-- Struktur dari tabel `dosen`
--

CREATE TABLE `dosen` (
  `id_dosen` int NOT NULL,
  `nip` char(12) NOT NULL,
  `nama_dosen` varchar(50) NOT NULL,
  `email` varchar(254) NOT NULL,
  `matkul_id` int NOT NULL,
  `jabatan_id` int NOT NULL
) ENGINE=InnoDB DEFAULT CHARSET=latin1;

--
-- Dumping data untuk tabel `dosen`
--

INSERT INTO `dosen` (`id_dosen`, `nip`, `nama_dosen`, `email`, `matkul_id`, `jabatan_id`) VALUES
(25, '12345678', 'HRD Mirota KSM', 'recruitment@mirota.co.id', 1, 2);

--
-- Trigger `dosen`
--
DELIMITER $$
CREATE TRIGGER `edit_user_dosen` BEFORE UPDATE ON `dosen` FOR EACH ROW UPDATE `users` SET `email` = NEW.email, `username` = NEW.nip WHERE `users`.`username` = OLD.nip
$$
DELIMITER ;
DELIMITER $$
CREATE TRIGGER `hapus_user_dosen` BEFORE DELETE ON `dosen` FOR EACH ROW DELETE FROM `users` WHERE `users`.`username` = OLD.nip
$$
DELIMITER ;

-- --------------------------------------------------------

--
-- Struktur dari tabel `groups`
--

CREATE TABLE `groups` (
  `id` mediumint UNSIGNED NOT NULL,
  `name` varchar(20) NOT NULL,
  `description` varchar(100) NOT NULL
) ENGINE=InnoDB DEFAULT CHARSET=utf8mb3;

--
-- Dumping data untuk tabel `groups`
--

INSERT INTO `groups` (`id`, `name`, `description`) VALUES
(1, 'admin', 'Administrator'),
(2, 'penguji', 'Pembuat Soal dan ujian'),
(3, 'pelamar', 'Peserta Ujian');

-- --------------------------------------------------------

--
-- Struktur dari tabel `h_ujian`
--

CREATE TABLE `h_ujian` (
  `id` int NOT NULL,
  `ujian_id` int NOT NULL,
  `mahasiswa_id` int NOT NULL,
  `list_soal` longtext NOT NULL,
  `list_jawaban` longtext NOT NULL,
  `jml_benar` int NOT NULL,
  `nilai` decimal(10,2) NOT NULL,
  `nilai_bobot` decimal(10,2) NOT NULL,
  `tgl_mulai` datetime NOT NULL,
  `tgl_selesai` datetime NOT NULL,
  `status` enum('Y','N') NOT NULL
) ENGINE=InnoDB DEFAULT CHARSET=utf8mb3;

--
-- Dumping data untuk tabel `h_ujian`
--

INSERT INTO `h_ujian` (`id`, `ujian_id`, `mahasiswa_id`, `list_soal`, `list_jawaban`, `jml_benar`, `nilai`, `nilai_bobot`, `tgl_mulai`, `tgl_selesai`, `status`) VALUES
(13, 22, 29, '90,91,92,93,94,95,96,97,98,99,202,203,204,205,206,207,208,209,210,211', '90:C:N,91:B:N,92:D:N,93:E:N,94:C:N,95:D:N,96:A:N,97:B:N,98:D:N,99:D:N,202:E:N,203:C:N,204:B:N,205:C:N,206:E:N,207:D:N,208:B:N,209:D:N,210:B:N,211:C:N', 7, 35.00, 100.00, '2023-02-15 11:04:24', '2023-02-15 11:10:24', 'N'),
(14, 22, 33, '90,91,92,93,94,95,96,97,98,99,202,203,204,205,206,207,208,209,210,211', '90:C:N,91:D:N,92:D:N,93:E:N,94:C:N,95:C:N,96:E:N,97::N,98::N,99::N,202::N,203::N,204::N,205::N,206::N,207::N,208::N,209::N,210::N,211::N', 5, 25.00, 100.00, '2023-02-16 13:21:17', '2023-02-16 13:27:17', 'N'),
(15, 22, 31, '90,91,92,93,94,95,96,97,98,99,202,203,204,205,206,207,208,209,210,211', '90:C:N,91:E:N,92:E:N,93:E:N,94:B:N,95:E:N,96:E:N,97:D:N,98:C:N,99:B:N,202:A:N,203:C:N,204:D:N,205:D:N,206:D:N,207:B:N,208:B:N,209:A:N,210:A:N,211::N', 10, 50.00, 100.00, '2023-02-16 13:21:26', '2023-02-16 13:27:26', 'N'),
(16, 22, 30, '90,91,92,93,94,95,96,97,98,99,202,203,204,205,206,207,208,209,210,211', '90:B:N,91:A:N,92:B:N,93:A:N,94:A:N,95:A:N,96:E:N,97:E:N,98:C:N,99:A:N,202:E:N,203:C:N,204:D:N,205:D:N,206:C:N,207:B:N,208:B:N,209:B:N,210:E:N,211:B:N', 9, 45.00, 100.00, '2023-02-16 13:21:57', '2023-02-16 13:27:57', 'N'),
(17, 23, 30, '100,101,102,103,104,105,106,107,108,109,110,111,112,113,114,115,116,117,118,119', '100:A:N,101:B:N,102:E:N,103:C:N,104:C:N,105:C:N,106:C:N,107:E:N,108:D:N,109:A:N,110:C:N,111:D:N,112:B:N,113:B:N,114:A:N,115:D:N,116:B:N,117:C:N,118:A:N,119:C:N', 9, 45.00, 100.00, '2023-02-16 13:29:57', '2023-02-16 13:35:57', 'N'),
(18, 23, 33, '100,101,102,103,104,105,106,107,108,109,110,111,112,113,114,115,116,117,118,119', '100:A:N,101:B:N,102:D:N,103:C:N,104:C:N,105:C:N,106:C:N,107:D:N,108:D:N,109:B:N,110:C:N,111:D:N,112:E:N,113:B:N,114:D:N,115:B:N,116:D:N,117:E:N,118:A:N,119:C:N', 10, 50.00, 100.00, '2023-02-16 13:30:04', '2023-02-16 13:36:04', 'N'),
(19, 23, 31, '100,101,102,103,104,105,106,107,108,109,110,111,112,113,114,115,116,117,118,119', '100:A:N,101:B:N,102:B:N,103:C:N,104:A:N,105:C:N,106:E:N,107:D:N,108:A:N,109:A:N,110:B:N,111:A:N,112:A:N,113:D:N,114:D:N,115:D:N,116:B:N,117:E:N,118:B:N,119:C:N', 9, 45.00, 100.00, '2023-02-16 13:30:13', '2023-02-16 13:36:13', 'N'),
(20, 24, 30, '120,121,122,123,124,126,127,128,129,130,131,132,133,134,135,136,137,138,139', '120:C:N,121:E:N,122:D:N,123:D:N,124:D:N,126:D:N,127:C:N,128:C:N,129:E:N,130:A:N,131:E:N,132:D:N,133:D:N,134:B:N,135:C:N,136:A:N,137:E:N,138:B:N,139:E:N', 9, 47.00, 100.00, '2023-02-16 13:37:38', '2023-02-16 13:44:38', 'N'),
(21, 24, 31, '120,121,122,123,124,126,127,128,129,130,131,132,133,134,135,136,137,138,139', '120:C:N,121:B:N,122:B:N,123:D:N,124:D:N,126:D:N,127:B:N,128:A:N,129:E:N,130:C:N,131:E:N,132:D:N,133:C:N,134:B:N,135:C:N,136:C:N,137:E:N,138:C:N,139:E:N', 11, 57.00, 100.00, '2023-02-16 13:37:46', '2023-02-16 13:44:46', 'N'),
(22, 24, 33, '120,121,122,123,124,126,127,128,129,130,131,132,133,134,135,136,137,138,139', '120:C:N,121:E:N,122:D:N,123:D:N,124:D:N,126:B:N,127:C:N,128:C:N,129:B:N,130:A:N,131:E:N,132:D:N,133:B:N,134:E:N,135:B:N,136:E:N,137:E:N,138:B:N,139:E:N', 8, 42.00, 100.00, '2023-02-16 13:38:09', '2023-02-16 13:45:09', 'N'),
(32, 28, 30, '161,162,163,164,165,166,167,168,169,170,171,172,173,174,175,176,177,178,179,180', '161::N,162::N,163::N,164::N,165::N,166::N,167::N,168::N,169::N,170::N,171::N,172::N,173::N,174::N,175::N,176::N,177::N,178::N,179::N,180::N', 0, 0.00, 100.00, '2023-02-24 14:47:29', '2023-02-24 14:55:29', 'N'),
(33, 28, 31, '161,162,163,164,165,166,167,168,169,170,171,172,173,174,175,176,177,178,179,180', '161::N,162::N,163::N,164::N,165::N,166::N,167::N,168::N,169::N,170::N,171::N,172::N,173::N,174::N,175::N,176::N,177::N,178::N,179::N,180::N', 0, 0.00, 100.00, '2023-02-24 14:47:39', '2023-02-24 14:55:39', 'N'),
(34, 29, 30, '181,182,183,184,185,186,187,188,189,190,191,192,193,194,195,197,198,199,200,201', '181::N,182::N,183::N,184::N,185::N,186::N,187::N,188::N,189::N,190::N,191::N,192::N,193::N,194::N,195::N,197::N,198::N,199::N,200::N,201::N', 0, 0.00, 100.00, '2023-02-24 14:50:57', '2023-02-24 14:59:57', 'N'),
(35, 29, 31, '181,182,183,184,185,186,187,188,189,190,191,192,193,194,195,197,198,199,200,201', '181::N,182::N,183::N,184::N,185::N,186::N,187::N,188::N,189::N,190::N,191::N,192::N,193::N,194::N,195::N,197::N,198::N,199::N,200::N,201::N', 0, 0.00, 100.00, '2023-02-24 14:51:07', '2023-02-24 15:00:07', 'N'),
(36, 30, 30, '140,141,142,143,144,145,146,147,148,149,150,151,152,153,154,155,156,157,158,159', '140:D:N,141:E:N,142:B:N,143:A:N,144:A:N,145:A:N,146:D:N,147:E:N,148:C:N,149:B:N,150:B:N,151:A:N,152:E:N,153:C:N,154:D:N,155:D:N,156:E:N,157:A:N,158:C:N,159:D:N', 8, 40.00, 100.00, '2023-02-24 14:56:37', '2023-02-24 15:05:37', 'N'),
(37, 30, 31, '140,141,142,143,144,145,146,147,148,149,150,151,152,153,154,155,156,157,158,159', '140:D:N,141:E:N,142:B:N,143:A:N,144:C:N,145:A:N,146:D:N,147:E:N,148:C:N,149:B:N,150:B:N,151:A:N,152:E:N,153:C:N,154:D:N,155:D:N,156:E:N,157:A:N,158:C:N,159:D:N', 7, 35.00, 100.00, '2023-02-24 14:56:48', '2023-02-24 15:05:48', 'N'),
(38, 28, 29, '161,162,163,164,165,166,167,168,169,170,171,172,173,174,175,176,177,178,179,180', '161:A:N,162:C:N,163:A:N,164:A:N,165:C:N,166:E:N,167:D:N,168:E:N,169:D:N,170:E:N,171:C:N,172:E:N,173:D:N,174:E:N,175:D:N,176:E:N,177:D:N,178:E:N,179:D:N,180::N', 5, 25.00, 100.00, '2023-03-02 10:04:46', '2023-03-02 10:12:46', 'N'),
(39, 22, 34, '90,91,92,93,94,95,96,97,98,99,202,203,204,205,206,207,208,209,210,211', '90:C:N,91:D:N,92:A:N,93:A:N,94:C:N,95:C:N,96:E:N,97:B:N,98:D:N,99:C:N,202:B:N,203:C:N,204:D:N,205:D:N,206:D:N,207:B:N,208:B:N,209:E:N,210:C:N,211:B:N', 10, 50.00, 100.00, '2023-03-10 14:13:03', '2023-03-10 14:19:03', 'N'),
(40, 23, 34, '100,101,102,103,104,105,106,107,108,109,110,111,112,113,114,115,116,117,118,119', '100:A:N,101:B:N,102:B:N,103:C:N,104:C:N,105:C:N,106:C:N,107:D:N,108:D:N,109:A:N,110:E:N,111:A:N,112:B:N,113:A:N,114:D:N,115:A:N,116:B:N,117:E:N,118::N,119::N', 12, 60.00, 100.00, '2023-03-10 14:20:45', '2023-03-10 14:26:45', 'N'),
(41, 28, 34, '161,162,163,164,165,166,167,168,169,170,171,172,173,174,175,176,177,178,179,180', '161:C:N,162:C:N,163:B:N,164:A:N,165:D:N,166:E:N,167:B:N,168:B:N,169:E:N,170:E:N,171:B:N,172:A:N,173:D:N,174:C:N,175:B:N,176:E:N,177:B:N,178:D:N,179:E:N,180:A:N', 10, 50.00, 100.00, '2023-03-10 15:02:44', '2023-03-10 15:10:44', 'N'),
(42, 29, 34, '181,182,183,184,185,186,187,188,189,190,191,192,193,194,195,197,198,199,200,201', '181:C:N,182:C:N,183:D:N,184:E:N,185:D:N,186:C:N,187:D:N,188:D:N,189:E:N,190:A:N,191:B:N,192:B:N,193:A:N,194:B:N,195:B:N,197:D:N,198:A:N,199:D:N,200:D:N,201:B:N', 10, 50.00, 100.00, '2023-03-10 15:14:04', '2023-03-10 15:23:04', 'N'),
(43, 30, 34, '140,141,142,143,144,145,146,147,148,149,150,151,152,153,154,155,156,157,158,159', '140:D:N,141:E:N,142:B:N,143:A:N,144:C:N,145:A:N,146:D:N,147:E:N,148:C:N,149:B:N,150:B:N,151:A:N,152:E:N,153:C:N,154:D:N,155:D:N,156:E:N,157:A:N,158:C:N,159:D:N', 7, 35.00, 100.00, '2023-03-10 15:29:23', '2023-03-10 15:38:23', 'N'),
(44, 22, 35, '90,91,92,93,94,95,96,97,98,99,202,203,204,205,206,207,208,209,210,211', '90:C:N,91:C:N,92:B:N,93:D:N,94:C:N,95:E:N,96:E:N,97:B:N,98:C:N,99:B:N,202:E:N,203:C:N,204:D:N,205:D:N,206:B:N,207:B:N,208:C:N,209:A:N,210:A:N,211:B:N', 13, 65.00, 100.00, '2023-03-17 14:03:56', '2023-03-17 14:09:56', 'N'),
(45, 23, 35, '100,101,102,103,104,105,106,107,108,109,110,111,112,113,114,115,116,117,118,119', '100:A:N,101:B:N,102:D:N,103:C:N,104:C:N,105:C:N,106:C:N,107:E:N,108:B:N,109:A:N,110:D:N,111:D:N,112:E:N,113:A:N,114:C:N,115:A:N,116:B:N,117:E:N,118:D:N,119:C:N', 11, 55.00, 100.00, '2023-03-17 14:12:01', '2023-03-17 14:18:01', 'N'),
(46, 24, 35, '120,121,122,123,124,126,127,128,129,130,131,132,133,134,135,136,137,138,139', '120:C:N,121:E:N,122:D:N,123:D:N,124:D:N,126:D:N,127:D:N,128:E:N,129:E:N,130:C:N,131:B:N,132:D:N,133:C:N,134:E:N,135:A:N,136:D:N,137:E:N,138:B:N,139:B:N', 11, 57.00, 100.00, '2023-03-17 14:18:30', '2023-03-17 14:25:30', 'N'),
(831, 35, 59, '219', '219:E:N', 0, 0.00, 100.00, '2025-01-22 01:22:20', '2025-01-22 01:25:20', 'N'),
(832, 23, 59, '100,101,102,103,104,105,106,107,108,109,110,111,112,113,114,115,116,117,118,119', '100:A:N,101:B:N,102:D:N,103:C:N,104:C:N,105:C:N,106:C:N,107:D:N,108:E:N,109:A:N,110:E:N,111:D:N,112:A:N,113:B:N,114:C:N,115:E:N,116:B:N,117:A:N,118:D:N,119:C:N', 13, 65.00, 100.00, '2025-01-22 01:27:14', '2025-01-22 01:33:14', 'N'),
(833, 24, 59, '120,121,122,123,124,126,127,128,129,130,131,132,133,134,135,136,137,138,139', '120:C:N,121:E:N,122:D:N,123:B:N,124:E:N,126:B:N,127:C:N,128:E:N,129:D:N,130:E:N,131:B:N,132:C:N,133:D:N,134:E:N,135:D:N,136:D:N,137:E:N,138:A:N,139:D:N', 8, 42.00, 100.00, '2025-01-22 01:33:29', '2025-01-22 01:40:29', 'N'),
(834, 28, 59, '161,162,163,164,165,166,167,168,169,170,171,172,173,174,175,176,177,178,179,180', '161:B:N,162:A:N,163:B:N,164:A:N,165:E:N,166:D:N,167:C:N,168:E:N,169:E:N,170:D:N,171:E:N,172:B:N,173:B:N,174:E:N,175:B:N,176:D:N,177::N,178::N,179::N,180::N', 9, 45.00, 100.00, '2025-01-22 01:40:38', '2025-01-22 01:48:38', 'N'),
(835, 29, 59, '181,182,183,184,185,186,187,188,189,190,191,192,193,194,195,197,198,199,200,201', '181:A:N,182:C:N,183:D:N,184:E:N,185:A:N,186:C:N,187:D:N,188:B:N,189:E:N,190:A:N,191:B:N,192:B:N,193:E:N,194:B:N,195:B:N,197:C:N,198:C:N,199:A:N,200:C:N,201:C:N', 13, 65.00, 100.00, '2025-01-22 01:49:01', '2025-01-22 01:58:01', 'N'),
(836, 30, 59, '140,141,142,143,144,145,146,147,148,149,150,151,152,153,154,155,156,157,158,159', '140:B:N,141:C:N,142:D:N,143:C:N,144:D:N,145:D:N,146:A:N,147:E:N,148:E:N,149:B:N,150:B:N,151:C:N,152:A:N,153:E:N,154:E:N,155:C:N,156:A:N,157:E:N,158:E:N,159:E:N', 3, 15.00, 100.00, '2025-01-22 01:57:20', '2025-01-22 02:03:20', 'N'),
(837, 22, 62, '90,91,92,93,94,95,96,97,98,99,202,203,204,205,206,207,208,209,210,211', '90::N,91::N,92::N,93::N,94::N,95::N,96::N,97::N,98::N,99::N,202::N,203::N,204::N,205::N,206::N,207::N,208::N,209::N,210::N,211::N', 0, 0.00, 0.00, '2025-01-22 10:11:25', '2025-01-22 10:17:25', 'Y'),
(838, 22, 59, '90,91,92,93,94,95,96,97,98,99,202,203,204,205,206,207,208,209,210,211', '90:D:N,91:D:N,92:D:N,93:A:N,94:E:N,95:A:N,96:E:N,97:C:N,98:D:N,99:C:N,202:E:N,203:D:N,204:C:N,205:D:N,206:D:N,207:C:N,208:B:N,209:A:N,210:B:N,211:C:N', 7, 35.00, 100.00, '2025-01-22 12:10:41', '2025-01-22 12:16:41', 'N'),
(839, 22, 66, '90,91,92,93,94,95,96,97,98,99,202,203,204,205,206,207,208,209,210,211', '90:C:N,91:D:N,92:D:N,93:E:N,94:C:N,95:D:N,96:C:N,97:C:N,98:D:N,99:B:N,202:E:N,203:C:N,204:C:N,205:D:N,206:C:N,207:C:N,208:C:N,209:A:N,210:E:N,211:B:N', 5, 25.00, 100.00, '2025-01-22 12:55:27', '2025-01-22 13:01:27', 'N'),
(840, 23, 66, '100,101,102,103,104,105,106,107,108,109,110,111,112,113,114,115,116,117,118,119', '100:A:N,101:B:N,102:B:N,103:C:N,104:C:N,105:C:N,106:C:N,107:D:N,108:E:N,109:A:N,110:E:N,111:D:N,112:B:N,113:B:N,114:C:N,115:D:N,116:D:N,117:E:N,118:A:N,119:C:N', 11, 55.00, 100.00, '2025-01-22 13:04:45', '2025-01-22 13:10:45', 'N'),
(841, 35, 66, '219', '219:A:N', 1, 100.00, 100.00, '2025-01-22 13:11:06', '2025-01-22 13:14:06', 'N'),
(842, 24, 66, '120,121,122,123,124,126,127,128,129,130,131,132,133,134,135,136,137,138,139', '120:C:N,121:E:N,122:D:N,123:D:N,124:D:N,126:D:N,127:E:N,128:C:N,129:A:N,130:C:N,131:B:N,132:D:N,133:E:N,134:C:N,135:D:N,136:C:N,137:A:N,138:A:N,139:B:N', 8, 42.00, 100.00, '2025-01-22 13:13:13', '2025-01-22 13:20:13', 'N'),
(843, 28, 66, '161,162,163,164,165,166,167,168,169,170,171,172,173,174,175,176,177,178,179,180', '161:C:N,162:C:N,163:B:N,164:A:N,165:D:N,166:D:N,167:C:N,168:C:N,169:E:N,170:D:N,171:B:N,172:B:N,173:D:N,174:A:N,175:B:N,176:D:N,177:E:N,178:E:N,179:B:N,180::N', 10, 50.00, 100.00, '2025-01-22 13:25:14', '2025-01-22 13:33:14', 'N'),
(844, 29, 66, '181,182,183,184,185,186,187,188,189,190,191,192,193,194,195,197,198,199,200,201', '181:A:N,182:C:N,183:E:N,184:D:N,185:B:Y,186:A:N,187:D:N,188:C:N,189:C:N,190:A:N,191:D:N,192:C:N,193:C:N,194:D:N,195:E:N,197:C:N,198:B:N,199::N,200::N,201::N', 5, 25.00, 100.00, '2025-01-22 13:33:44', '2025-01-22 13:42:44', 'N'),
(845, 30, 66, '140,141,142,143,144,145,146,147,148,149,150,151,152,153,154,155,156,157,158,159', '140:D:N,141:E:N,142:B:N,143:A:N,144:C:N,145:A:N,146:D:N,147:E:N,148:C:N,149:B:N,150:B:N,151:A:N,152:E:N,153:C:N,154:D:N,155:D:N,156:E:N,157:A:N,158:B:N,159:D:N', 7, 35.00, 100.00, '2025-01-22 13:43:20', '2025-01-22 13:49:20', 'N'),
(846, 35, 69, '219', '219:E:N', 0, 0.00, 100.00, '2025-01-22 17:07:33', '2025-01-22 17:10:33', 'N'),
(847, 22, 69, '90,91,92,93,94,95,96,97,98,99,202,203,204,205,206,207,208,209,210,211', '90:B:N,91:E:N,92:D:N,93:E:N,94:B:N,95:E:N,96:B:N,97:D:N,98:C:N,99:C:N,202:E:N,203:B:N,204:D:N,205:D:N,206:D:N,207:B:N,208:B:N,209:A:N,210:A:N,211:B:N', 11, 55.00, 100.00, '2025-01-22 17:11:02', '2025-01-22 17:17:02', 'N'),
(848, 23, 69, '100,101,102,103,104,105,106,107,108,109,110,111,112,113,114,115,116,117,118,119', '100:A:N,101:B:N,102:D:N,103:C:N,104:C:N,105:C:N,106:C:N,107:A:N,108:D:N,109:A:N,110:E:N,111:E:N,112:A:N,113:B:N,114:E:N,115:A:N,116:D:N,117:E:N,118:E:N,119:B:N', 14, 70.00, 100.00, '2025-01-22 17:14:26', '2025-01-22 17:20:26', 'N'),
(849, 24, 69, '120,121,122,123,124,126,127,128,129,130,131,132,133,134,135,136,137,138,139', '120:C:N,121:E:N,122:D:N,123:D:N,124:D:N,126:D:N,127:B:N,128:D:N,129:E:N,130:B:N,131:B:N,132:C:N,133:D:N,134:D:N,135:B:N,136:C:N,137:E:N,138:E:N,139:E:N', 12, 63.00, 100.00, '2025-01-22 17:19:01', '2025-01-22 17:26:01', 'N'),
(850, 28, 69, '161,162,163,164,165,166,167,168,169,170,171,172,173,174,175,176,177,178,179,180', '161:B:N,162:B:N,163:D:N,164:C:N,165:D:N,166:B:N,167:E:N,168:B:N,169:E:N,170:E:N,171:D:N,172:B:N,173:B:N,174:A:N,175:B:N,176:E:N,177:B:N,178:D:N,179:D:N,180:A:N', 7, 35.00, 100.00, '2025-01-22 17:23:47', '2025-01-22 17:31:47', 'N'),
(851, 29, 69, '181,182,183,184,185,186,187,188,189,190,191,192,193,194,195,197,198,199,200,201', '181:C:N,182:A:N,183:D:N,184:E:N,185:E:N,186:C:N,187:D:N,188:B:N,189:E:N,190:A:N,191:B:N,192:C:N,193:B:N,194:B:N,195:B:N,197:D:N,198:A:N,199:B:N,200:D:N,201:B:N', 9, 45.00, 100.00, '2025-01-22 17:30:15', '2025-01-22 17:39:15', 'N'),
(852, 30, 69, '140,141,142,143,144,145,146,147,148,149,150,151,152,153,154,155,156,157,158,159', '140:D:N,141:E:Y,142:B:N,143:A:N,144:C:N,145:A:N,146:D:N,147:E:N,148:C:N,149:B:N,150:E:N,151:A:N,152:E:N,153:C:N,154:B:N,155:B:N,156:A:N,157:A:N,158:D:N,159:A:N', 9, 45.00, 100.00, '2025-01-22 17:38:13', '2025-01-22 17:44:13', 'N'),
(853, 22, 68, '90,91,92,93,94,95,96,97,98,99,202,203,204,205,206,207,208,209,210,211', '90:C:N,91:E:N,92:E:N,93:E:N,94:C:N,95:E:N,96:E:N,97:E:N,98:A:N,99:B:N,202:E:N,203:C:N,204:D:N,205:D:N,206:D:N,207:E:N,208:A:N,209:E:N,210:E:N,211:B:N', 11, 55.00, 100.00, '2025-01-22 21:22:02', '2025-01-22 21:28:02', 'N'),
(854, 23, 68, '100,101,102,103,104,105,106,107,108,109,110,111,112,113,114,115,116,117,118,119', '100:C:N,101:C:N,102:D:N,103:D:N,104:D:N,105:C:N,106:E:N,107:A:N,108:C:N,109:A:N,110:A:N,111:C:N,112:B:N,113:A:N,114:B:N,115:D:N,116:A:N,117:D:N,118:D:N,119:C:N', 3, 15.00, 100.00, '2025-01-22 21:26:40', '2025-01-22 21:32:40', 'N'),
(855, 24, 68, '120,121,122,123,124,126,127,128,129,130,131,132,133,134,135,136,137,138,139', '120:C:N,121:A:N,122:D:N,123:D:N,124:D:N,126:D:N,127:C:N,128:D:N,129:B:N,130:C:N,131:B:N,132:D:N,133:E:N,134:E:N,135:A:N,136:E:N,137:E:N,138:C:N,139:B:N', 8, 42.00, 100.00, '2025-01-22 21:30:21', '2025-01-22 21:37:21', 'N'),
(856, 28, 68, '161,162,163,164,165,166,167,168,169,170,171,172,173,174,175,176,177,178,179,180', '161:B:N,162:A:N,163:B:N,164:B:N,165:D:N,166:D:N,167:B:N,168:B:N,169:E:N,170:D:N,171:D:N,172:D:N,173:D:N,174:C:N,175:E:N,176:E:N,177:B:N,178:D:N,179:E:N,180:A:N', 8, 40.00, 100.00, '2025-01-22 21:35:24', '2025-01-22 21:43:24', 'N'),
(857, 29, 68, '181,182,183,184,185,186,187,188,189,190,191,192,193,194,195,197,198,199,200,201', '181:A:N,182:A:N,183:D:N,184:E:N,185:B:N,186:C:N,187:D:N,188:B:N,189:E:N,190:A:N,191:B:N,192:B:N,193:B:N,194:B:N,195:B:N,197:D:N,198:B:N,199:B:N,200:D:N,201:B:N', 9, 45.00, 100.00, '2025-01-22 21:41:47', '2025-01-22 21:50:47', 'N'),
(858, 35, 68, '219', '219:B:N', 0, 0.00, 100.00, '2025-01-22 21:47:23', '2025-01-22 21:50:23', 'N'),
(859, 30, 68, '140,141,142,143,144,145,146,147,148,149,150,151,152,153,154,155,156,157,158,159', '140:D:N,141:E:N,142:B:N,143:A:N,144:C:N,145:A:N,146:D:N,147:E:N,148:C:N,149:B:N,150:B:N,151:A:N,152:E:N,153:C:N,154:D:N,155:D:N,156:E:N,157:A:N,158:C:N,159:D:N', 7, 35.00, 100.00, '2025-01-22 21:51:22', '2025-01-22 21:57:22', 'N'),
(860, 22, 67, '90,91,92,93,94,95,96,97,98,99,202,203,204,205,206,207,208,209,210,211', '90:C:N,91:E:N,92:A:N,93:E:N,94:A:N,95:D:N,96:C:N,97:E:N,98:E:N,99:E:N,202:E:N,203:C:N,204:D:N,205:D:N,206:E:N,207:B:N,208:B:N,209:E:N,210:E:N,211:B:N', 9, 45.00, 100.00, '2025-01-22 21:57:05', '2025-01-22 22:03:05', 'N'),
(861, 23, 67, '100,101,102,103,104,105,106,107,108,109,110,111,112,113,114,115,116,117,118,119', '100:C:N,101:B:N,102:D:N,103:C:N,104:C:N,105:C:N,106:C:N,107:D:N,108:E:N,109:A:N,110::N,111:E:N,112:B:N,113:C:N,114:C:N,115:A:N,116:D:N,117:C:N,118:A:N,119:C:N', 11, 55.00, 100.00, '2025-01-22 22:03:19', '2025-01-22 22:09:19', 'N'),
(862, 24, 67, '120,121,122,123,124,126,127,128,129,130,131,132,133,134,135,136,137,138,139', '120:C:N,121:E:N,122:D:N,123:D:N,124:E:N,126:A:N,127:B:N,128:C:N,129:E:N,130:C:N,131:E:N,132:C:N,133:B:N,134:B:N,135:A:N,136:D:N,137:E:N,138:C:N,139:E:N', 9, 47.00, 100.00, '2025-01-22 22:10:24', '2025-01-22 22:17:24', 'N'),
(863, 28, 67, '161,162,163,164,165,166,167,168,169,170,171,172,173,174,175,176,177,178,179,180', '161:A:N,162:E:N,163:E:N,164:C:N,165:D:N,166:B:N,167:E:N,168:C:N,169:E:N,170:C:N,171:D:N,172:A:N,173:E:N,174:C:N,175:B:N,176:A:N,177:B:N,178:C:N,179:A:N,180:A:N', 8, 40.00, 100.00, '2025-01-22 22:49:53', '2025-01-22 22:57:53', 'N'),
(864, 29, 67, '181,182,183,184,185,186,187,188,189,190,191,192,193,194,195,197,198,199,200,201', '181:A:N,182:C:N,183:D:N,184:E:N,185:A:N,186:C:N,187:D:N,188:C:N,189:E:N,190:A:N,191:B:N,192:D:N,193:E:N,194:B:N,195:C:N,197:B:N,198:A:N,199:E:N,200:B:N,201:C:N', 19, 95.00, 100.00, '2025-01-22 22:58:47', '2025-01-22 23:07:47', 'N'),
(865, 35, 67, '219', '219:E:N', 0, 0.00, 100.00, '2025-01-22 23:06:43', '2025-01-22 23:09:43', 'N'),
(866, 30, 67, '140,141,142,143,144,145,146,147,148,149,150,151,152,153,154,155,156,157,158,159', '140:B:N,141:E:N,142:B:N,143:D:N,144:C:N,145:A:N,146:D:N,147:E:N,148:C:N,149:A:N,150:C:N,151:B:N,152:E:N,153:C:N,154:A:N,155:A:N,156:E:N,157:D:N,158:A:N,159:B:N', 7, 35.00, 100.00, '2025-01-22 23:10:24', '2025-01-22 23:16:24', 'N'),
(867, 35, 63, '219', '219:E:N', 0, 0.00, 100.00, '2025-01-23 08:02:20', '2025-01-23 08:05:20', 'N'),
(868, 22, 63, '90,91,92,93,94,95,96,97,98,99,202,203,204,205,206,207,208,209,210,211', '90:C:N,91:D:N,92:D:N,93:E:N,94:C:N,95:C:N,96:C:N,97:E:N,98:C:N,99:B:N,202:D:N,203:C:N,204:D:N,205:D:N,206:C:N,207:B:N,208:C:N,209:A:N,210:E:N,211:B:N', 15, 75.00, 100.00, '2025-01-23 08:04:16', '2025-01-23 08:10:16', 'N'),
(869, 23, 63, '100,101,102,103,104,105,106,107,108,109,110,111,112,113,114,115,116,117,118,119', '100:A:N,101:B:N,102:D:N,103:C:N,104:C:N,105:D:N,106:C:N,107:A:N,108:E:N,109:A:N,110:E:N,111:A:N,112:B:N,113:A:N,114:E:N,115:E:N,116:D:N,117:C:N,118:A:N,119:C:N', 7, 35.00, 100.00, '2025-01-23 08:10:21', '2025-01-23 08:16:21', 'N'),
(870, 24, 63, '120,121,122,123,124,126,127,128,129,130,131,132,133,134,135,136,137,138,139', '120:C:N,121:E:N,122:B:N,123:D:N,124:D:N,126:D:N,127:B:N,128:E:N,129:D:N,130:C:N,131:E:N,132:C:N,133:C:N,134:D:N,135:D:N,136:A:N,137:E:N,138:C:N,139:E:N', 13, 68.00, 100.00, '2025-01-23 08:17:23', '2025-01-23 08:24:23', 'N'),
(871, 28, 63, '161,162,163,164,165,166,167,168,169,170,171,172,173,174,175,176,177,178,179,180', '161:A:N,162:E:N,163:D:N,164:E:N,165:A:N,166:C:N,167:D:N,168:C:N,169:B:N,170:A:N,171:B:N,172:D:N,173:B:N,174:C:N,175:D:N,176:B:N,177:B:N,178:E:N,179:B:N,180:A:N', 3, 15.00, 100.00, '2025-01-23 08:22:45', '2025-01-23 08:30:45', 'N'),
(872, 29, 63, '181,182,183,184,185,186,187,188,189,190,191,192,193,194,195,197,198,199,200,201', '181:C:N,182:A:N,183:E:N,184:D:N,185:D:N,186:A:N,187:A:N,188:C:N,189:A:N,190:E:N,191:D:N,192:C:N,193:C:N,194:A:N,195:C:N,197:B:N,198:A:N,199:D:N,200::N,201::N', 3, 15.00, 100.00, '2025-01-23 08:31:17', '2025-01-23 08:40:17', 'N'),
(873, 30, 63, '140,141,142,143,144,145,146,147,148,149,150,151,152,153,154,155,156,157,158,159', '140:D:N,141:E:N,142:B:N,143:A:N,144:C:N,145:A:N,146:D:N,147:E:N,148:E:N,149:B:N,150:B:N,151:A:N,152:E:N,153:E:N,154:D:N,155:D:N,156:E:N,157:A:N,158:C:N,159:D:N', 7, 35.00, 100.00, '2025-01-23 08:40:46', '2025-01-23 08:46:46', 'N'),
(874, 22, 70, '90,91,92,93,94,95,96,97,98,99,202,203,204,205,206,207,208,209,210,211', '90:B:N,91:E:N,92:D:N,93:A:N,94:A:N,95:E:N,96:A:N,97:A:N,98:C:N,99:B:N,202:E:N,203:C:N,204:D:N,205:D:N,206:D:N,207:C:N,208:B:N,209:A:N,210:D:N,211:B:N', 10, 50.00, 100.00, '2025-01-23 10:14:56', '2025-01-23 10:20:56', 'N'),
(875, 23, 70, '100,101,102,103,104,105,106,107,108,109,110,111,112,113,114,115,116,117,118,119', '100:A:N,101:B:N,102:D:N,103:E:N,104:A:N,105:C:N,106:C:N,107:D:N,108:D:N,109:A:N,110:C:N,111:A:N,112:E:N,113:B:N,114:C:N,115:E:N,116::N,117:E:N,118:E:N,119:C:N', 10, 50.00, 100.00, '2025-01-23 10:19:55', '2025-01-23 10:25:55', 'N'),
(876, 24, 70, '120,121,122,123,124,126,127,128,129,130,131,132,133,134,135,136,137,138,139', '120:C:N,121:A:N,122:A:N,123:D:N,124:D:N,126:D:N,127:B:N,128:A:N,129:A:N,130:A:N,131:B:N,132:D:N,133:B:N,134:E:N,135:C:N,136:D:N,137:E:N,138:C:N,139:D:N', 8, 42.00, 100.00, '2025-01-23 10:27:18', '2025-01-23 10:34:18', 'N'),
(877, 28, 70, '161,162,163,164,165,166,167,168,169,170,171,172,173,174,175,176,177,178,179,180', '161:B:N,162:A:N,163:B:N,164:B:N,165:D:N,166:B:N,167:E:N,168:E:N,169:E:N,170:D:N,171:D:N,172:E:N,173:D:N,174:C:N,175:B:N,176:A:N,177:E:N,178:D:N,179:C:N,180:A:N', 12, 60.00, 100.00, '2025-01-23 10:33:53', '2025-01-23 10:41:53', 'N'),
(878, 22, 65, '90,91,92,93,94,95,96,97,98,99,202,203,204,205,206,207,208,209,210,211', '90:A:N,91:D:N,92:D:N,93:A:N,94:A:N,95:E:N,96:E:N,97:C:N,98:A:N,99:C:N,202:D:N,203:C:N,204:D:N,205:D:N,206:C:N,207:B:N,208:B:N,209:A:N,210:D:N,211:B:N', 8, 40.00, 100.00, '2025-01-23 10:35:25', '2025-01-23 10:41:25', 'N'),
(879, 29, 70, '181,182,183,184,185,186,187,188,189,190,191,192,193,194,195,197,198,199,200,201', '181:C:N,182:A:N,183:D:N,184:E:N,185:E:N,186:A:N,187:B:N,188:D:N,189:E:N,190:A:N,191:B:N,192:E:N,193:C:N,194:B:N,195:D:N,197:D:N,198:A:N,199:A:N,200:B:N,201:C:N', 10, 50.00, 100.00, '2025-01-23 10:39:03', '2025-01-23 10:48:03', 'N'),
(880, 23, 65, '100,101,102,103,104,105,106,107,108,109,110,111,112,113,114,115,116,117,118,119', '100:B:N,101:B:N,102:D:N,103:C:N,104:D:N,105:C:N,106:C:N,107:D:N,108:E:N,109:A:N,110:E:N,111:E:N,112:B:N,113:B:N,114:C:N,115:C:N,116:B:N,117:C:N,118:D:N,119:C:N', 13, 65.00, 100.00, '2025-01-23 10:40:48', '2025-01-23 10:46:48', 'N'),
(881, 24, 65, '120,121,122,123,124,126,127,128,129,130,131,132,133,134,135,136,137,138,139', '120:C:N,121:D:N,122:D:N,123:D:N,124:E:N,126:D:N,127:B:N,128:A:N,129:E:N,130:D:N,131:D:N,132:A:N,133:C:N,134:E:N,135:B:N,136:A:N,137:E:N,138:D:N,139:E:N', 9, 47.00, 100.00, '2025-01-23 10:45:22', '2025-01-23 10:52:22', 'N'),
(882, 35, 70, '219', '219:B:N', 0, 0.00, 100.00, '2025-01-23 10:46:32', '2025-01-23 10:49:32', 'N'),
(883, 28, 65, '161,162,163,164,165,166,167,168,169,170,171,172,173,174,175,176,177,178,179,180', '161:A:N,162:A:N,163:B:N,164:A:N,165:D:N,166:B:N,167:E:N,168:B:N,169:E:N,170:E:N,171:E:N,172:E:N,173:B:N,174:A:N,175:E:N,176:E:N,177:D:N,178:D:N,179:C:N,180:A:N', 9, 45.00, 100.00, '2025-01-23 10:52:14', '2025-01-23 11:00:14', 'N'),
(884, 29, 65, '181,182,183,184,185,186,187,188,189,190,191,192,193,194,195,197,198,199,200,201', '181:D:N,182:C:N,183:A:N,184:A:N,185:C:N,186:B:N,187:D:N,188:D:N,189:B:N,190:D:N,191:B:N,192:E:N,193:E:N,194:A:N,195:B:N,197:E:N,198:D:N,199:D:N,200:C:N,201:A:N', 4, 20.00, 100.00, '2025-01-23 10:58:53', '2025-01-23 11:07:53', 'N'),
(885, 35, 65, '219', '219:B:N', 0, 0.00, 100.00, '2025-01-23 11:06:24', '2025-01-23 11:09:24', 'N'),
(886, 30, 65, '140,141,142,143,144,145,146,147,148,149,150,151,152,153,154,155,156,157,158,159', '140:D:N,141:E:N,142:B:N,143:A:N,144:C:N,145:A:N,146:D:N,147:E:N,148:C:N,149:B:N,150:E:N,151:C:N,152:E:N,153:C:N,154:B:N,155:D:N,156:E:N,157:D:N,158:C:N,159:D:N', 5, 25.00, 100.00, '2025-01-23 11:09:39', '2025-01-23 11:15:39', 'N'),
(887, 35, 64, '219', '219:D:Y', 0, 0.00, 100.00, '2025-01-23 11:37:01', '2025-01-23 11:40:01', 'N'),
(888, 22, 64, '90,91,92,93,94,95,96,97,98,99,202,203,204,205,206,207,208,209,210,211', '90:C:N,91:A:N,92:B:N,93:A:N,94:C:N,95:C:N,96:C:N,97:E:N,98:C:N,99:B:N,202:A:N,203:C:N,204:D:N,205:D:N,206:D:N,207:B:N,208:B:N,209:A:N,210:E:N,211:B:N', 12, 60.00, 100.00, '2025-01-23 11:40:32', '2025-01-23 11:46:32', 'N'),
(889, 23, 64, '100,101,102,103,104,105,106,107,108,109,110,111,112,113,114,115,116,117,118,119', '100:B:N,101:B:N,102:D:N,103:C:N,104:C:N,105:C:N,106:C:N,107:D:N,108:D:N,109:A:N,110:E:N,111:E:N,112:A:N,113:A:N,114:C:N,115:D:N,116:C:N,117:E:N,118:A:N,119:C:N', 15, 75.00, 100.00, '2025-01-23 11:46:45', '2025-01-23 11:52:45', 'N'),
(890, 24, 64, '120,121,122,123,124,126,127,128,129,130,131,132,133,134,135,136,137,138,139', '120:C:N,121:E:N,122:D:N,123:D:N,124:D:N,126:D:N,127:B:N,128:A:N,129:D:N,130:C:N,131:E:N,132:D:N,133:C:N,134:E:N,135:D:N,136:A:N,137:E:N,138:B:N,139:E:N', 13, 68.00, 100.00, '2025-01-23 11:53:27', '2025-01-23 12:00:27', 'N'),
(891, 28, 64, '161,162,163,164,165,166,167,168,169,170,171,172,173,174,175,176,177,178,179,180', '161:A:N,162:A:N,163:B:N,164:C:N,165:D:N,166:B:N,167:B:N,168:E:N,169:E:N,170:D:N,171:E:N,172:B:N,173:D:N,174:A:N,175:B:N,176:E:N,177:B:N,178:D:N,179:E:N,180:A:N', 13, 65.00, 100.00, '2025-01-23 12:00:56', '2025-01-23 12:08:56', 'N'),
(892, 29, 64, '181,182,183,184,185,186,187,188,189,190,191,192,193,194,195,197,198,199,200,201', '181:A:N,182:C:N,183:D:N,184:E:N,185:E:N,186:D:N,187:D:N,188:C:N,189:E:N,190:C:N,191:B:N,192:B:N,193:A:N,194:B:N,195:B:N,197:C:N,198:A:N,199:B:N,200:B:N,201:A:N', 11, 55.00, 100.00, '2025-01-23 12:08:56', '2025-01-23 12:17:56', 'N'),
(893, 30, 64, '140,141,142,143,144,145,146,147,148,149,150,151,152,153,154,155,156,157,158,159', '140:D:N,141:E:N,142:B:N,143:A:N,144:C:N,145:A:N,146:D:N,147:E:N,148:C:N,149:B:N,150:B:N,151:A:N,152:E:N,153:C:N,154:D:N,155:D:N,156:E:N,157:A:N,158:C:N,159:D:N', 7, 35.00, 100.00, '2025-01-23 12:18:18', '2025-01-23 12:24:18', 'N'),
(894, 30, 70, '140,141,142,143,144,145,146,147,148,149,150,151,152,153,154,155,156,157,158,159', '140:D:N,141:E:N,142:B:N,143:A:N,144:C:N,145:A:N,146:D:N,147:E:N,148:C:N,149:B:N,150:B:N,151:A:N,152:E:N,153:C:N,154:D:N,155:D:N,156:E:N,157:A:N,158:C:N,159:D:N', 7, 35.00, 100.00, '2025-01-23 12:39:08', '2025-01-23 12:45:08', 'N'),
(895, 22, 78, '90,91,92,93,94,95,96,97,98,99,202,203,204,205,206,207,208,209,210,211', '90:D:N,91:D:N,92:E:N,93:D:N,94:C:N,95:C:N,96:E:N,97:D:N,98:C:N,99:B:N,202:E:N,203:C:N,204:D:N,205:D:N,206:D:N,207:C:N,208:C:N,209:E:N,210:E:N,211:B:N', 12, 60.00, 100.00, '2025-01-26 10:05:32', '2025-01-26 10:11:32', 'N'),
(896, 35, 78, '219', '219:A:N', 0, 0.00, 100.00, '2025-01-26 10:12:21', '2025-01-26 10:15:21', 'N'),
(897, 23, 78, '100,101,102,103,104,105,106,107,108,109,110,111,112,113,114,115,116,117,118,119', '100:A:N,101:C:N,102:B:N,103:B:N,104:D:N,105:C:N,106:C:N,107:E:N,108:B:N,109:E:N,110:E:N,111:A:N,112:B:N,113:D:N,114:B:N,115:A:N,116:A:N,117:A:N,118:C:N,119:A:N', 4, 20.00, 100.00, '2025-01-26 10:15:24', '2025-01-26 10:21:24', 'N'),
(898, 24, 78, '120,121,122,123,124,126,127,128,129,130,131,132,133,134,135,136,137,138,139', '120:C:N,121:A:N,122:D:N,123:D:N,124:E:N,126:E:N,127:C:N,128:E:N,129:B:N,130:A:N,131:B:N,132:D:N,133:A:N,134:E:N,135:C:N,136:D:N,137:C:N,138:A:N,139:C:N', 6, 31.00, 100.00, '2025-01-26 10:18:28', '2025-01-26 10:25:28', 'N'),
(899, 28, 78, '161,162,163,164,165,166,167,168,169,170,171,172,173,174,175,176,177,178,179,180', '161:A:N,162:E:N,163:D:N,164:E:N,165:D:N,166:D:N,167:D:N,168:E:N,169:E:N,170:D:N,171:D:N,172:B:N,173:E:N,174:C:N,175:E:N,176:E:N,177:B:N,178:D:N,179:B:N,180::N', 9, 45.00, 100.00, '2025-01-26 10:59:15', '2025-01-26 11:07:15', 'N'),
(900, 29, 78, '181,182,183,184,185,186,187,188,189,190,191,192,193,194,195,197,198,199,200,201', '181:A:N,182:C:N,183:E:N,184:E:N,185:D:N,186:A:N,187:E:N,188:B:N,189:E:N,190:A:N,191:B:N,192:B:N,193:B:N,194:B:N,195:B:N,197:D:N,198:B:N,199::N,200::N,201::N', 7, 35.00, 100.00, '2025-01-26 11:07:16', '2025-01-26 11:16:16', 'N'),
(901, 30, 78, '140,141,142,143,144,145,146,147,148,149,150,151,152,153,154,155,156,157,158,159', '140:D:N,141:E:N,142:B:N,143:A:N,144:C:N,145:A:N,146:D:N,147:E:N,148:C:N,149:B:N,150:B:N,151:A:N,152:E:N,153:C:N,154:D:N,155:D:N,156:E:N,157:A:N,158:C:N,159:D:N', 7, 35.00, 100.00, '2025-01-26 11:16:49', '2025-01-26 11:22:49', 'N'),
(902, 35, 73, '219', '219:A:N', 1, 100.00, 100.00, '2025-01-26 11:55:11', '2025-01-26 11:58:11', 'N'),
(903, 22, 73, '90,91,92,93,94,95,96,97,98,99,202,203,204,205,206,207,208,209,210,211', '90:B:N,91:E:N,92:A:N,93:A:N,94:D:N,95:D:N,96:E:N,97:E:N,98:C:N,99:B:N,202:E:N,203:C:N,204:D:N,205:D:N,206:D:N,207:C:N,208:B:N,209:A:N,210:E:N,211:B:N', 10, 50.00, 100.00, '2025-01-26 11:58:15', '2025-01-26 12:04:15', 'N'),
(904, 23, 73, '100,101,102,103,104,105,106,107,108,109,110,111,112,113,114,115,116,117,118,119', '100:E:N,101:C:N,102:D:N,103:C:N,104:C:N,105:D:N,106:E:N,107:A:N,108:B:N,109:C:N,110:C:N,111:D:N,112:B:N,113:B:N,114:E:N,115:E:N,116:D:N,117:C:N,118:A:N,119:C:N', 4, 20.00, 100.00, '2025-01-26 12:04:46', '2025-01-26 12:10:46', 'N'),
(905, 24, 73, '120,121,122,123,124,126,127,128,129,130,131,132,133,134,135,136,137,138,139', '120:C:N,121:D:N,122:D:N,123:D:N,124:C:N,126:D:N,127:C:N,128:E:N,129:B:N,130:D:N,131:E:N,132:C:N,133:B:N,134:B:N,135:C:N,136:A:N,137:E:N,138:E:N,139:B:N', 9, 47.00, 100.00, '2025-01-26 12:12:19', '2025-01-26 12:19:19', 'N'),
(906, 28, 73, '161,162,163,164,165,166,167,168,169,170,171,172,173,174,175,176,177,178,179,180', '161:C:N,162:A:N,163:B:N,164:C:N,165:D:N,166:B:N,167:B:N,168:A:N,169:E:N,170:E:N,171:B:N,172:A:N,173:B:N,174:A:N,175:B:N,176:C:N,177:E:N,178:D:N,179:E:N,180::N', 6, 30.00, 100.00, '2025-01-26 12:19:53', '2025-01-26 12:27:53', 'N'),
(907, 29, 73, '181,182,183,184,185,186,187,188,189,190,191,192,193,194,195,197,198,199,200,201', '181:A:N,182:C:N,183:B:N,184:C:N,185:C:N,186:C:N,187:D:N,188:C:N,189:C:N,190:A:N,191:D:N,192:A:N,193:A:N,194:A:N,195:A:N,197:E:N,198:C:N,199:C:N,200::N,201::N', 6, 30.00, 100.00, '2025-01-26 12:28:16', '2025-01-26 12:37:16', 'N'),
(908, 30, 73, '140,141,142,143,144,145,146,147,148,149,150,151,152,153,154,155,156,157,158,159', '140:D:N,141:E:N,142:B:N,143:A:N,144:C:N,145:A:N,146:D:N,147:E:N,148:C:N,149:B:N,150:B:N,151:A:N,152:E:N,153:C:N,154:D:N,155:D:N,156:E:N,157:A:N,158:C:N,159:D:N', 7, 35.00, 100.00, '2025-01-26 12:38:14', '2025-01-26 12:44:14', 'N'),
(909, 35, 79, '219', '219:E:N', 0, 0.00, 100.00, '2025-01-26 12:45:00', '2025-01-26 12:48:00', 'N'),
(910, 22, 79, '90,91,92,93,94,95,96,97,98,99,202,203,204,205,206,207,208,209,210,211', '90:D:N,91:B:N,92:A:N,93:A:N,94:A:N,95:D:N,96:A:N,97:E:N,98:C:N,99:C:N,202:E:N,203:E:N,204:D:N,205:D:N,206:A:N,207:B:N,208:E:N,209:A:N,210:A:N,211:B:N', 7, 35.00, 100.00, '2025-01-26 12:46:36', '2025-01-26 12:52:36', 'N'),
(911, 23, 79, '100,101,102,103,104,105,106,107,108,109,110,111,112,113,114,115,116,117,118,119', '100:B:N,101:B:N,102:B:N,103:B:N,104:D:N,105:E:N,106:B:N,107:D:N,108:E:N,109:A:N,110:D:N,111:D:N,112:D:N,113:C:N,114:C:N,115:E:N,116:D:N,117:C:N,118:D:N,119:E:N', 5, 25.00, 100.00, '2025-01-26 12:52:47', '2025-01-26 12:58:47', 'N'),
(912, 24, 79, '120,121,122,123,124,126,127,128,129,130,131,132,133,134,135,136,137,138,139', '120:C:N,121:D:N,122:A:N,123:C:N,124:B:N,126:B:N,127:D:N,128:E:N,129:C:N,130:C:N,131:D:N,132:D:N,133:C:N,134:E:N,135:A:N,136:D:N,137:E:N,138:B:N,139:D:N', 6, 31.00, 100.00, '2025-01-26 12:57:35', '2025-01-26 13:04:35', 'N'),
(913, 28, 79, '161,162,163,164,165,166,167,168,169,170,171,172,173,174,175,176,177,178,179,180', '161:A:N,162:B:N,163:D:N,164:B:N,165:E:N,166:B:N,167:C:N,168:A:N,169:E:N,170:A:N,171:D:N,172:A:N,173:D:N,174:C:N,175:B:N,176:E:N,177:B:N,178:E:N,179:C:N,180:A:N', 9, 45.00, 100.00, '2025-01-26 13:02:00', '2025-01-26 13:10:00', 'N'),
(914, 29, 79, '181,182,183,184,185,186,187,188,189,190,191,192,193,194,195,197,198,199,200,201', '181:A:N,182:C:N,183:D:N,184:E:N,185:B:N,186:C:N,187:D:N,188:B:N,189:E:N,190:A:N,191:B:N,192:B:N,193:E:N,194:B:N,195:B:N,197:D:N,198:B:N,199:B:N,200:D:N,201:B:N', 11, 55.00, 100.00, '2025-01-26 13:07:40', '2025-01-26 13:16:40', 'N'),
(915, 30, 79, '140,141,142,143,144,145,146,147,148,149,150,151,152,153,154,155,156,157,158,159', '140:B:N,141:A:N,142:E:N,143:A:N,144:E:N,145:C:N,146:E:N,147:C:N,148:A:N,149:E:N,150:B:N,151:D:N,152:A:N,153:A:N,154:D:N,155:E:N,156:E:N,157:C:N,158:B:N,159:A:N', 5, 25.00, 100.00, '2025-01-26 13:12:20', '2025-01-26 13:18:20', 'N'),
(916, 35, 84, '219', '219:A:N', 1, 100.00, 100.00, '2025-01-26 19:41:36', '2025-01-26 19:44:36', 'N'),
(917, 22, 84, '90,91,92,93,94,95,96,97,98,99,202,203,204,205,206,207,208,209,210,211', '90:B:N,91:D:N,92:D:N,93:E:N,94:C:N,95:D:N,96:C:N,97:D:N,98:E:N,99:B:N,202:E:N,203:C:N,204:D:N,205:D:N,206:C:N,207:B:N,208:C:N,209:A:N,210:E:N,211:B:N', 14, 70.00, 100.00, '2025-01-26 19:44:54', '2025-01-26 19:50:54', 'N'),
(918, 23, 84, '100,101,102,103,104,105,106,107,108,109,110,111,112,113,114,115,116,117,118,119', '100:B:N,101:B:N,102:D:N,103:C:N,104:C:N,105:C:N,106:C:N,107:A:N,108:D:N,109:A:N,110:E:N,111:A:N,112:A:N,113:B:N,114:C:N,115:A:N,116:B:N,117:C:N,118:A:N,119:C:N', 15, 75.00, 100.00, '2025-01-26 19:49:59', '2025-01-26 19:55:59', 'N'),
(919, 24, 84, '120,121,122,123,124,126,127,128,129,130,131,132,133,134,135,136,137,138,139', '120:C:N,121:E:N,122:D:N,123:D:N,124:D:N,126:D:N,127:B:N,128:D:N,129:D:N,130:C:N,131:E:N,132:C:N,133:D:N,134:E:N,135:C:N,136:A:N,137:E:N,138:B:N,139:C:N', 13, 68.00, 100.00, '2025-01-26 19:55:14', '2025-01-26 20:02:14', 'N'),
(920, 28, 84, '161,162,163,164,165,166,167,168,169,170,171,172,173,174,175,176,177,178,179,180', '161:C:N,162:C:N,163:C:N,164:A:N,165:D:N,166:B:N,167:E:N,168:E:N,169:E:N,170:E:N,171:E:N,172:A:N,173:D:N,174:C:N,175:B:N,176:A:N,177:B:N,178:D:N,179:E:N,180:C:N', 14, 70.00, 100.00, '2025-01-26 20:02:06', '2025-01-26 20:10:06', 'N'),
(921, 29, 84, '181,182,183,184,185,186,187,188,189,190,191,192,193,194,195,197,198,199,200,201', '181:D:N,182:C:N,183:D:N,184:E:N,185:C:N,186:C:N,187:D:N,188:C:N,189:E:N,190:A:N,191:B:N,192:A:N,193:A:N,194:B:N,195:B:N,197:D:N,198:A:N,199:B:N,200:B:N,201:C:N', 13, 65.00, 100.00, '2025-01-26 20:08:24', '2025-01-26 20:17:24', 'N'),
(922, 30, 84, '140,141,142,143,144,145,146,147,148,149,150,151,152,153,154,155,156,157,158,159', '140:D:N,141:A:N,142:B:N,143:A:N,144:C:N,145:A:N,146:D:N,147:E:N,148:C:N,149:B:N,150:B:N,151:A:N,152:E:N,153:C:N,154:D:N,155:D:N,156:E:N,157:A:N,158:C:N,159:D:N', 6, 30.00, 100.00, '2025-01-26 20:18:16', '2025-01-26 20:24:16', 'N'),
(923, 22, 82, '90,91,92,93,94,95,96,97,98,99,202,203,204,205,206,207,208,209,210,211', '90:C:N,91:D:N,92:D:N,93:E:N,94:C:N,95:E:N,96:B:N,97:A:N,98:C:N,99:B:N,202:E:N,203:C:N,204:D:N,205:D:N,206:D:N,207:B:N,208:C:N,209::N,210::N,211::N', 15, 75.00, 100.00, '2025-01-26 22:56:40', '2025-01-26 23:02:40', 'N'),
(924, 23, 82, '100,101,102,103,104,105,106,107,108,109,110,111,112,113,114,115,116,117,118,119', '100:B:N,101:B:N,102:D:N,103:C:N,104:C:N,105:C:N,106:C:N,107:D:N,108:D:N,109:A:N,110:E:N,111:E:N,112:A:N,113:A:N,114:C:N,115:A:N,116:D:N,117:E:N,118:D:N,119:C:N', 16, 80.00, 100.00, '2025-01-26 23:03:35', '2025-01-26 23:09:35', 'N'),
(925, 24, 82, '120,121,122,123,124,126,127,128,129,130,131,132,133,134,135,136,137,138,139', '120:C:N,121:E:N,122:D:N,123:B:N,124:D:N,126:D:N,127:C:N,128:A:N,129:B:N,130:C:N,131:E:N,132:D:N,133:D:N,134:B:N,135:C:N,136:E:N,137:E:N,138:C:N,139:A:N', 8, 42.00, 100.00, '2025-01-26 23:09:13', '2025-01-26 23:16:13', 'N'),
(926, 28, 82, '161,162,163,164,165,166,167,168,169,170,171,172,173,174,175,176,177,178,179,180', '161:A:N,162:A:N,163:E:N,164:B:N,165:D:N,166:B:N,167:E:N,168:C:N,169:D:N,170:D:N,171:E:N,172:A:N,173:D:N,174:C:N,175:E:N,176:A:N,177:D:N,178:B:N,179:E:N,180:A:N', 8, 40.00, 100.00, '2025-01-26 23:16:07', '2025-01-26 23:24:07', 'N'),
(927, 29, 82, '181,182,183,184,185,186,187,188,189,190,191,192,193,194,195,197,198,199,200,201', '181:A:N,182:C:N,183:D:N,184:C:N,185:A:N,186:C:N,187:D:N,188:C:N,189:E:N,190:A:N,191:B:N,192:D:N,193:E:N,194:B:N,195:D:N,197:B:N,198:C:N,199:B:N,200::N,201::N', 15, 75.00, 100.00, '2025-01-26 23:22:37', '2025-01-26 23:31:37', 'N'),
(928, 30, 82, '140,141,142,143,144,145,146,147,148,149,150,151,152,153,154,155,156,157,158,159', '140:E:N,141:A:N,142::N,143::N,144::N,145::N,146::N,147::N,148::N,149::N,150::N,151::N,152::N,153::N,154::N,155::N,156::N,157::N,158::N,159::N', 0, 0.00, 0.00, '2025-01-26 23:32:13', '2025-01-26 23:38:13', 'Y'),
(929, 35, 82, '219', '219:A:Y', 0, 0.00, 0.00, '2025-01-26 23:34:22', '2025-01-26 23:37:22', 'Y'),
(930, 22, 75, '90,91,92,93,94,95,96,97,98,99,202,203,204,205,206,207,208,209,210,211', '90:B:N,91:B:N,92:E:N,93:E:N,94:C:N,95:D:N,96:C:N,97:C:N,98:A:N,99:B:N,202::N,203::N,204::N,205::N,206::N,207::N,208::N,209::N,210::N,211::N', 3, 15.00, 100.00, '2025-01-27 01:01:02', '2025-01-27 01:07:02', 'N'),
(931, 23, 75, '100,101,102,103,104,105,106,107,108,109,110,111,112,113,114,115,116,117,118,119', '100:D:N,101:B:N,102:D:N,103:E:N,104:C:N,105:C:N,106:C:N,107:D:N,108:B:N,109:A:N,110:C:N,111:D:N,112:B:N,113:C:N,114:D:N,115:E:N,116:B:N,117:E:N,118:B:N,119:C:N', 10, 50.00, 100.00, '2025-01-27 01:04:41', '2025-01-27 01:10:41', 'N'),
(932, 24, 75, '120,121,122,123,124,126,127,128,129,130,131,132,133,134,135,136,137,138,139', '120:C:N,121:A:N,122:D:N,123:D:N,124:D:N,126:D:N,127:C:N,128:A:N,129:D:N,130:C:N,131:E:N,132:C:N,133:D:N,134:B:N,135:C:N,136:A:N,137:E:N,138:C:N,139:C:N', 10, 52.00, 100.00, '2025-01-27 01:08:43', '2025-01-27 01:15:43', 'N'),
(933, 22, 85, '90,91,92,93,94,95,96,97,98,99,202,203,204,205,206,207,208,209,210,211', '90:B:N,91:C:N,92:D:N,93:A:N,94:B:N,95:A:N,96:E:N,97:A:N,98:E:N,99:B:N,202:E:N,203:C:N,204:D:N,205:D:N,206:D:N,207:B:N,208:B:N,209:A:N,210:E:N,211:B:N', 12, 60.00, 100.00, '2025-01-27 07:00:35', '2025-01-27 07:06:35', 'N'),
(935, 35, 83, '219', '219:E:N', 0, 0.00, 100.00, '2025-01-27 07:05:10', '2025-01-27 07:08:10', 'N'),
(936, 23, 85, '100,101,102,103,104,105,106,107,108,109,110,111,112,113,114,115,116,117,118,119', '100:A:N,101:B:N,102:D:N,103:C:N,104:C:N,105:C:N,106:C:N,107:D:N,108:B:N,109:A:N,110:E:N,111:D:N,112:B:N,113:C:N,114:D:N,115:B:N,116:D:N,117:A:N,118:B:N,119:C:N', 10, 50.00, 100.00, '2025-01-27 07:07:53', '2025-01-27 07:13:53', 'N'),
(937, 22, 83, '90,91,92,93,94,95,96,97,98,99,202,203,204,205,206,207,208,209,210,211', '90:C:N,91:A:N,92:B:N,93:E:N,94:C:N,95:E:N,96:B:N,97:B:N,98:C:N,99:B:N,202:A:N,203:C:N,204:D:N,205:D:N,206:D:N,207:B:N,208:B:N,209:E:N,210:A:N,211:B:N', 13, 65.00, 100.00, '2025-01-27 07:08:51', '2025-01-27 07:14:51', 'N'),
(938, 23, 83, '100,101,102,103,104,105,106,107,108,109,110,111,112,113,114,115,116,117,118,119', '100:B:N,101:B:N,102:D:N,103:C:N,104:C:N,105:C:N,106:C:N,107:D:N,108:D:N,109:A:N,110:E:N,111:A:N,112:A:N,113:B:N,114:C:N,115:C:N,116:E:N,117:C:N,118:A:N,119:C:N', 14, 70.00, 100.00, '2025-01-27 07:12:01', '2025-01-27 07:18:01', 'N'),
(939, 24, 85, '120,121,122,123,124,126,127,128,129,130,131,132,133,134,135,136,137,138,139', '120:C:N,121:A:N,122:D:N,123:D:N,124:C:N,126:B:N,127:B:N,128:D:N,129:B:N,130:A:N,131:D:N,132:D:N,133:E:N,134:B:N,135:D:N,136:D:N,137:E:N,138:A:N,139:A:N', 5, 26.00, 100.00, '2025-01-27 07:14:40', '2025-01-27 07:21:40', 'N'),
(940, 24, 83, '120,121,122,123,124,126,127,128,129,130,131,132,133,134,135,136,137,138,139', '120:C:N,121:E:N,122:D:N,123:D:N,124:D:N,126:D:N,127:C:N,128:D:N,129:D:N,130:A:N,131:E:N,132:D:N,133:C:N,134:B:N,135:C:N,136:A:N,137:E:N,138:B:N,139:E:N', 11, 57.00, 100.00, '2025-01-27 07:15:15', '2025-01-27 07:22:15', 'N'),
(941, 28, 83, '161,162,163,164,165,166,167,168,169,170,171,172,173,174,175,176,177,178,179,180', '161:A:N,162:A:N,163:B:N,164:C:N,165:D:N,166:B:N,167:A:N,168:C:N,169:E:N,170:D:N,171:D:N,172:B:N,173:D:N,174:C:N,175:B:N,176:E:N,177:B:N,178:D:N,179:E:N,180:A:N', 12, 60.00, 100.00, '2025-01-27 07:18:39', '2025-01-27 07:26:39', 'N'),
(942, 28, 85, '161,162,163,164,165,166,167,168,169,170,171,172,173,174,175,176,177,178,179,180', '161:A:N,162:A:N,163:B:N,164:A:N,165:E:N,166:B:N,167:A:N,168:E:N,169:E:N,170:C:N,171:B:N,172:A:N,173:D:N,174:C:N,175:B:N,176:E:N,177:B:N,178:E:N,179:E:N,180::N', 10, 50.00, 100.00, '2025-01-27 07:20:08', '2025-01-27 07:28:08', 'N'),
(943, 29, 83, '181,182,183,184,185,186,187,188,189,190,191,192,193,194,195,197,198,199,200,201', '181:A:N,182:C:N,183:D:N,184:E:N,185:D:N,186:C:N,187:D:N,188:D:N,189:D:N,190:A:N,191:B:N,192:B:N,193:B:N,194:B:N,195:D:N,197:C:N,198:C:N,199:D:N,200:C:N,201:D:N', 10, 50.00, 100.00, '2025-01-27 07:22:30', '2025-01-27 07:31:30', 'N'),
(944, 22, 74, '90,91,92,93,94,95,96,97,98,99,202,203,204,205,206,207,208,209,210,211', '90:C:N,91:A:N,92:A:N,93:A:N,94:B:N,95:E:N,96:B:N,97:E:N,98:A:N,99:B:N,202:B:N,203:C:N,204:D:N,205:D:N,206:E:N,207:C:N,208:B:N,209:B:N,210:E:N,211:B:N', 8, 40.00, 100.00, '2025-01-27 07:24:20', '2025-01-27 07:30:20', 'N'),
(945, 23, 74, '100,101,102,103,104,105,106,107,108,109,110,111,112,113,114,115,116,117,118,119', '100:A:N,101:B:N,102:B:N,103:C:N,104:D:N,105:C:N,106:C:N,107:D:N,108:D:N,109:A:N,110:E:N,111:A:N,112:A:N,113:B:N,114:D:N,115:A:N,116:D:N,117:E:N,118:D:N,119:C:N', 12, 60.00, 100.00, '2025-01-27 07:26:58', '2025-01-27 07:32:58', 'N'),
(946, 30, 83, '140,141,142,143,144,145,146,147,148,149,150,151,152,153,154,155,156,157,158,159', '140:D:N,141:E:N,142:D:N,143:A:N,144:C:N,145:A:N,146:B:N,147:E:N,148:C:N,149:C:N,150:E:N,151:A:N,152:A:N,153:C:N,154:C:N,155:E:N,156:A:N,157:D:N,158:C:N,159:E:N', 7, 35.00, 100.00, '2025-01-27 07:28:26', '2025-01-27 07:34:26', 'N'),
(947, 29, 85, '181,182,183,184,185,186,187,188,189,190,191,192,193,194,195,197,198,199,200,201', '181:A:N,182:B:N,183:B:N,184:D:N,185:D:N,186:C:N,187:A:N,188:A:N,189:B:N,190:A:N,191:E:N,192:C:N,193:B:N,194:A:N,195:D:N,197:B:N,198:E:N,199:D:N,200:E:N,201::N', 5, 25.00, 100.00, '2025-01-27 07:28:41', '2025-01-27 07:37:41', 'N'),
(948, 24, 74, '120,121,122,123,124,126,127,128,129,130,131,132,133,134,135,136,137,138,139', '120:C:N,121:E:N,122:D:N,123:B:N,124:D:N,126:D:N,127:B:N,128:C:N,129:E:N,130:C:N,131:E:N,132:D:N,133:A:N,134:E:N,135:B:N,136:C:N,137:E:N,138:B:N,139:E:N', 11, 57.00, 100.00, '2025-01-27 07:32:04', '2025-01-27 07:39:04', 'N'),
(949, 28, 74, '161,162,163,164,165,166,167,168,169,170,171,172,173,174,175,176,177,178,179,180', '161:C:N,162:C:N,163:A:N,164:A:N,165:D:N,166:B:N,167:B:N,168:C:N,169:E:N,170:E:N,171:B:N,172:A:N,173:D:N,174:A:N,175:E:N,176:E:N,177:E:N,178:E:N,179:E:N,180:A:N', 6, 30.00, 100.00, '2025-01-27 07:37:19', '2025-01-27 07:45:19', 'N'),
(950, 35, 85, '219', '219:B:N', 0, 0.00, 100.00, '2025-01-27 07:37:55', '2025-01-27 07:40:55', 'N'),
(951, 30, 85, '140,141,142,143,144,145,146,147,148,149,150,151,152,153,154,155,156,157,158,159', '140:D:N,141:E:N,142:D:N,143:A:N,144:C:N,145:A:N,146:D:N,147:E:N,148:E:N,149:B:N,150:B:N,151:A:N,152:B:N,153:E:N,154:D:N,155:D:N,156:C:N,157:A:N,158:C:N,159:D:N', 6, 30.00, 100.00, '2025-01-27 07:41:21', '2025-01-27 07:47:21', 'N'),
(952, 29, 74, '181,182,183,184,185,186,187,188,189,190,191,192,193,194,195,197,198,199,200,201', '181:A:N,182:C:N,183:D:N,184:E:N,185:A:N,186:C:N,187:D:N,188:C:N,189:E:N,190:A:N,191:B:N,192:D:N,193:E:N,194:B:N,195:B:N,197:C:N,198:A:N,199:C:N,200:C:N,201:C:N', 16, 80.00, 100.00, '2025-01-27 07:42:27', '2025-01-27 07:51:27', 'N'),
(953, 30, 74, '140,141,142,143,144,145,146,147,148,149,150,151,152,153,154,155,156,157,158,159', '140:A:Y,141:C:N,142:C:N,143:C:N,144:C:N,145:C:N,146:B:N,147:C:N,148:A:N,149:D:N,150:B:N,151:D:N,152:B:N,153:C:N,154:B:N,155:E:N,156:C:N,157:C:N,158:B:N,159:C:N', 1, 5.00, 100.00, '2025-01-27 07:50:21', '2025-01-27 07:56:21', 'N'),
(954, 35, 74, '219', '219:D:N', 0, 0.00, 100.00, '2025-01-27 07:51:41', '2025-01-27 07:54:41', 'N'),
(955, 28, 75, '161,162,163,164,165,166,167,168,169,170,171,172,173,174,175,176,177,178,179,180', '161:A:N,162:C:N,163:B:N,164:A:N,165:D:N,166:B:N,167:B:N,168:E:N,169:E:N,170:D:N,171:E:N,172:E:N,173:D:N,174:C:N,175:B:N,176:E:N,177:B:N,178:D:N,179:B:N,180:A:N', 15, 75.00, 100.00, '2025-01-27 08:49:13', '2025-01-27 08:57:13', 'N'),
(956, 29, 75, '181,182,183,184,185,186,187,188,189,190,191,192,193,194,195,197,198,199,200,201', '181:A:N,182:C:N,183:D:N,184:E:N,185:A:N,186:C:N,187:D:N,188:D:N,189:E:N,190:A:N,191::N,192::N,193::N,194::N,195::N,197::N,198::N,199::N,200::N,201::N', 9, 45.00, 100.00, '2025-01-27 08:56:51', '2025-01-27 09:05:51', 'N'),
(957, 35, 75, '219', '219::N', 0, 0.00, 100.00, '2025-01-27 09:03:19', '2025-01-27 09:06:19', 'N'),
(958, 30, 75, '140,141,142,143,144,145,146,147,148,149,150,151,152,153,154,155,156,157,158,159', '140:D:N,141:E:N,142:B:N,143:A:N,144:E:N,145:A:N,146:D:N,147:E:N,148:C:N,149:C:N,150:B:N,151:B:N,152:E:N,153:C:N,154:D:N,155:D:N,156:E:N,157:A:N,158:A:N,159:D:N', 7, 35.00, 100.00, '2025-01-27 09:05:56', '2025-01-27 09:11:56', 'N'),
(959, 35, 81, '219', '219:A:N', 1, 100.00, 100.00, '2025-01-28 09:08:47', '2025-01-28 09:11:47', 'N'),
(960, 22, 81, '90,91,92,93,94,95,96,97,98,99,202,203,204,205,206,207,208,209,210,211', '90:B:N,91:A:N,92:B:N,93:E:N,94:B:N,95:E:N,96:C:N,97:E:N,98:C:N,99:B:N,202:A:N,203:C:N,204:D:N,205:D:N,206:D:N,207:B:N,208:C:N,209:C:N,210:E:N,211::N', 10, 50.00, 100.00, '2025-01-28 09:12:52', '2025-01-28 09:18:52', 'N'),
(961, 23, 81, '100,101,102,103,104,105,106,107,108,109,110,111,112,113,114,115,116,117,118,119', '100:A:N,101:B:N,102:E:N,103:E:N,104:C:N,105:D:N,106:C:N,107:D:N,108:D:N,109:A:N,110:E:N,111:A:N,112:E:N,113:A:N,114:C:N,115:A:N,116:D:N,117:E:N,118:B:N,119:C:N', 11, 55.00, 100.00, '2025-01-28 09:19:20', '2025-01-28 09:25:20', 'N'),
(962, 24, 81, '120,121,122,123,124,126,127,128,129,130,131,132,133,134,135,136,137,138,139', '120:C:N,121:A:N,122:D:N,123:C:N,124:D:N,126:D:N,127:B:N,128:A:N,129:E:N,130:A:N,131:B:N,132:D:N,133:D:N,134:E:N,135:B:N,136:D:N,137:D:N,138:B:N,139:D:N', 6, 31.00, 100.00, '2025-01-28 09:24:51', '2025-01-28 09:31:51', 'N'),
(963, 28, 81, '161,162,163,164,165,166,167,168,169,170,171,172,173,174,175,176,177,178,179,180', '161:C:N,162:B:N,163:D:N,164:B:N,165:E:N,166:B:N,167:C:N,168:A:N,169:E:N,170:C:N,171:E:N,172:C:N,173:E:N,174:C:N,175:E:N,176:E:N,177:B:N,178:D:N,179:E:N,180:A:N', 7, 35.00, 100.00, '2025-01-28 09:30:12', '2025-01-28 09:38:12', 'N'),
(964, 29, 81, '181,182,183,184,185,186,187,188,189,190,191,192,193,194,195,197,198,199,200,201', '181:C:N,182:B:N,183:A:N,184:C:N,185:D:N,186:C:N,187:B:N,188:E:N,189:B:N,190:A:N,191:D:N,192:C:N,193:B:N,194:B:N,195:C:N,197:D:N,198:C:N,199:A:N,200:D:N,201:C:N', 4, 20.00, 100.00, '2025-01-28 09:36:58', '2025-01-28 09:45:58', 'N'),
(965, 30, 81, '140,141,142,143,144,145,146,147,148,149,150,151,152,153,154,155,156,157,158,159', '140:D:N,141:E:N,142:B:N,143:A:N,144:C:N,145:A:N,146:D:N,147:E:N,148:C:N,149:B:N,150:B:N,151:A:N,152:E:N,153:C:N,154:D:N,155:D:N,156:E:N,157:A:N,158:C:N,159:D:N', 7, 35.00, 100.00, '2025-01-28 09:40:02', '2025-01-28 09:46:02', 'N'),
(966, 22, 86, '90,91,92,93,94,95,96,97,98,99,202,203,204,205,206,207,208,209,210,211', '90:C:N,91:E:N,92:B:N,93:A:N,94:E:N,95:A:N,96:B:N,97:E:N,98:C:N,99:B:N,202:E:N,203:C:N,204:D:N,205:D:N,206:A:N,207:B:N,208:B:N,209:A:N,210:E:N,211:B:N', 13, 65.00, 100.00, '2025-02-02 14:02:08', '2025-02-02 14:08:08', 'N'),
(967, 23, 86, '100,101,102,103,104,105,106,107,108,109,110,111,112,113,114,115,116,117,118,119', '100:B:N,101:B:N,102:D:N,103:C:N,104:D:N,105:C:N,106:C:N,107:D:N,108:E:N,109:A:N,110:E:N,111:A:N,112:B:N,113:B:N,114:C:N,115:C:N,116:D:N,117:E:N,118:B:N,119:C:N', 13, 65.00, 100.00, '2025-02-02 14:07:58', '2025-02-02 14:13:58', 'N'),
(968, 35, 86, '219', '219:A:N', 1, 100.00, 100.00, '2025-02-02 14:13:46', '2025-02-02 14:16:46', 'N'),
(969, 24, 86, '120,121,122,123,124,126,127,128,129,130,131,132,133,134,135,136,137,138,139', '120:C:N,121:E:N,122:D:N,123:D:N,124:D:N,126:D:N,127:B:N,128:E:N,129:B:N,130:D:N,131:E:N,132:C:N,133:D:N,134:E:N,135:D:N,136:A:N,137:E:N,138:B:N,139:B:N', 11, 57.00, 100.00, '2025-02-02 14:17:18', '2025-02-02 14:24:18', 'N'),
(970, 28, 86, '161,162,163,164,165,166,167,168,169,170,171,172,173,174,175,176,177,178,179,180', '161:A:N,162:C:N,163:E:N,164:B:N,165:D:N,166:D:N,167:D:N,168:B:N,169:D:N,170:E:N,171:D:N,172:A:N,173:B:N,174:C:N,175:B:N,176:E:N,177:E:N,178:D:N,179:C:N,180:A:N', 7, 35.00, 100.00, '2025-02-02 14:24:10', '2025-02-02 14:32:10', 'N'),
(971, 29, 86, '181,182,183,184,185,186,187,188,189,190,191,192,193,194,195,197,198,199,200,201', '181:A:N,182:C:N,183:D:N,184:E:N,185:B:N,186:C:N,187:D:N,188:B:N,189:E:N,190:A:N,191:B:N,192:B:N,193:B:N,194:B:N,195:B:N,197:D:N,198:B:N,199:B:N,200:D:N,201:B:N', 10, 50.00, 100.00, '2025-02-02 14:31:31', '2025-02-02 14:40:31', 'N'),
(972, 30, 86, '140,141,142,143,144,145,146,147,148,149,150,151,152,153,154,155,156,157,158,159', '140:D:N,141:E:N,142:B:N,143:A:N,144:C:N,145:A:N,146:D:N,147:E:N,148:C:N,149:B:N,150:D:N,151:A:N,152:E:N,153:C:N,154:D:N,155:D:N,156:B:N,157:A:N,158:C:N,159:D:N', 7, 35.00, 100.00, '2025-02-02 14:40:08', '2025-02-02 14:46:08', 'N'),
(973, 22, 87, '90,91,92,93,94,95,96,97,98,99,202,203,204,205,206,207,208,209,210,211', '90:C:N,91:D:N,92:D:N,93:E:Y,94:C:N,95:D:Y,96:B:N,97:D:N,98:C:N,99:B:N,202:B:N,203:C:N,204:D:N,205:D:N,206:D:N,207:C:N,208:C:N,209:B:N,210:E:N,211:B:N', 15, 75.00, 100.00, '2025-02-02 20:27:04', '2025-02-02 20:33:04', 'N'),
(974, 23, 87, '100,101,102,103,104,105,106,107,108,109,110,111,112,113,114,115,116,117,118,119', '100:B:N,101:B:N,102:D:N,103:C:N,104:C:N,105:C:N,106:C:N,107:D:N,108:D:N,109:A:N,110:E:N,111:A:N,112:A:N,113:B:N,114:D:N,115:A:N,116:D:N,117:E:N,118:B:N,119:C:N', 16, 80.00, 100.00, '2025-02-02 20:35:54', '2025-02-02 20:41:54', 'N');
INSERT INTO `h_ujian` (`id`, `ujian_id`, `mahasiswa_id`, `list_soal`, `list_jawaban`, `jml_benar`, `nilai`, `nilai_bobot`, `tgl_mulai`, `tgl_selesai`, `status`) VALUES
(975, 24, 87, '120,121,122,123,124,126,127,128,129,130,131,132,133,134,135,136,137,138,139', '120:C:N,121:E:N,122:D:N,123:D:N,124:D:Y,126:D:N,127:B:N,128:A:N,129:D:N,130:C:N,131:E:N,132:C:N,133:C:N,134:D:N,135:C:N,136:C:N,137:E:N,138:D:N,139:E:N', 15, 78.00, 100.00, '2025-02-02 20:43:40', '2025-02-02 20:50:40', 'N'),
(976, 28, 87, '161,162,163,164,165,166,167,168,169,170,171,172,173,174,175,176,177,178,179,180', '161:A:N,162:C:N,163:B:N,164:A:N,165:D:N,166:B:N,167:C:N,168:C:N,169:E:Y,170:D:N,171:B:N,172:A:N,173:D:N,174:A:N,175:B:N,176:E:N,177:B:N,178:D:N,179:E:N,180:A:N', 13, 65.00, 100.00, '2025-02-02 20:51:09', '2025-02-02 20:59:09', 'N'),
(977, 29, 87, '181,182,183,184,185,186,187,188,189,190,191,192,193,194,195,197,198,199,200,201', '181:A:N,182:C:N,183:D:N,184:E:N,185:A:Y,186:C:N,187:D:N,188:C:N,189:E:N,190:A:N,191:B:N,192:D:N,193:E:N,194:B:N,195:D:N,197:C:N,198:A:N,199:E:N,200:B:N,201:B:N', 18, 90.00, 100.00, '2025-02-02 21:01:05', '2025-02-02 21:10:05', 'N'),
(978, 35, 87, '219', '219:D:N', 0, 0.00, 100.00, '2025-02-02 21:44:06', '2025-02-02 21:47:06', 'N'),
(979, 30, 87, '140,141,142,143,144,145,146,147,148,149,150,151,152,153,154,155,156,157,158,159', '140:D:N,141:E:N,142:B:N,143:A:N,144:C:N,145:A:N,146:D:N,147:E:N,148:C:N,149:B:N,150:B:N,151:A:N,152:E:N,153:C:N,154:D:N,155:D:N,156:E:N,157:A:N,158:C:N,159:D:N', 7, 35.00, 100.00, '2025-02-02 21:47:43', '2025-02-02 21:53:43', 'N'),
(980, 35, 89, '219', '219:E:Y', 0, 0.00, 100.00, '2025-02-04 20:11:16', '2025-02-04 20:14:16', 'N'),
(981, 22, 89, '90,91,92,93,94,95,96,97,98,99,202,203,204,205,206,207,208,209,210,211', '90:C:N,91:C:N,92:D:N,93:E:N,94:B:N,95:E:N,96:E:N,97:B:N,98:D:N,99:C:N,202:D:N,203:C:N,204:D:N,205:D:N,206:D:N,207:B:N,208:C:N,209::N,210::N,211::N', 10, 50.00, 100.00, '2025-02-04 20:13:00', '2025-02-04 20:19:00', 'N'),
(982, 23, 89, '100,101,102,103,104,105,106,107,108,109,110,111,112,113,114,115,116,117,118,119', '100:C:N,101:B:N,102:D:N,103:C:N,104:C:N,105:C:N,106:C:N,107:D:N,108:B:N,109:A:N,110:C:N,111:A:N,112:A:N,113:B:N,114:E:N,115:E:N,116:B:N,117:C:N,118:E:N,119:C:N', 11, 55.00, 100.00, '2025-02-04 20:19:35', '2025-02-04 20:25:35', 'N'),
(983, 24, 89, '120,121,122,123,124,126,127,128,129,130,131,132,133,134,135,136,137,138,139', '120:C:N,121:E:N,122:D:N,123:D:N,124:E:N,126:D:N,127:C:N,128:D:N,129:D:N,130:C:N,131:E:N,132:C:N,133:D:N,134:E:N,135::N,136:A:N,137:E:N,138:E:N,139:C:N', 11, 57.00, 100.00, '2025-02-04 20:24:14', '2025-02-04 20:31:14', 'N'),
(984, 28, 89, '161,162,163,164,165,166,167,168,169,170,171,172,173,174,175,176,177,178,179,180', '161:A:N,162:A:N,163:B:N,164:D:N,165:B:N,166:E:N,167:E:N,168:D:N,169:D:N,170:B:N,171:D:N,172:B:N,173:E:N,174:D:N,175:E:N,176:E:N,177:D:N,178:B:N,179:D:N,180::N', 3, 15.00, 100.00, '2025-02-04 20:31:18', '2025-02-04 20:39:18', 'N'),
(985, 29, 89, '181,182,183,184,185,186,187,188,189,190,191,192,193,194,195,197,198,199,200,201', '181:A:N,182:C:N,183:D:N,184:E:N,185:B:N,186:A:N,187:D:N,188:B:N,189:E:N,190:A:N,191:B:N,192:B:N,193:B:N,194:B:N,195:B:N,197:D:N,198:B:N,199:B:N,200:D:N,201::N', 9, 45.00, 100.00, '2025-02-04 20:36:22', '2025-02-04 20:45:22', 'N'),
(986, 30, 89, '140,141,142,143,144,145,146,147,148,149,150,151,152,153,154,155,156,157,158,159', '140:E:N,141:E:N,142:E:N,143:A:N,144:B:N,145:E:N,146:B:N,147:C:N,148:E:N,149:E:N,150:E:N,151:E:N,152:E:N,153:D:N,154:A:N,155:A:N,156:A:N,157:E:N,158:E:N,159:A:N', 6, 30.00, 100.00, '2025-02-04 20:40:52', '2025-02-04 20:46:52', 'N'),
(987, 22, 93, '90,91,92,93,94,95,96,97,98,99,202,203,204,205,206,207,208,209,210,211', '90:B:N,91:E:N,92:B:N,93:A:N,94:E:N,95:D:N,96:C:N,97:B:N,98:C:N,99:B:N,202:A:N,203:C:N,204:B:N,205:D:N,206:E:N,207:B:N,208:C:N,209:B:N,210:A:N,211:B:N', 8, 40.00, 100.00, '2025-02-05 22:54:53', '2025-02-05 23:00:53', 'N'),
(988, 23, 93, '100,101,102,103,104,105,106,107,108,109,110,111,112,113,114,115,116,117,118,119', '100:A:N,101:B:N,102:D:N,103:C:N,104:C:N,105:C:N,106:C:N,107:D:N,108:E:N,109:A:N,110:E:N,111:D:N,112:A:N,113:B:N,114:D:N,115:D:N,116:B:N,117:E:N,118:B:N,119:C:N', 14, 70.00, 100.00, '2025-02-05 22:59:32', '2025-02-05 23:05:32', 'N'),
(989, 24, 93, '120,121,122,123,124,126,127,128,129,130,131,132,133,134,135,136,137,138,139', '120:C:N,121:A:N,122:D:N,123:D:N,124:C:N,126:D:N,127:B:N,128:C:N,129:E:N,130:A:N,131:B:N,132:D:N,133:B:N,134:B:N,135:B:N,136:A:N,137:E:N,138:B:N,139:A:N', 6, 31.00, 100.00, '2025-02-05 23:05:27', '2025-02-05 23:12:27', 'N'),
(990, 28, 93, '161,162,163,164,165,166,167,168,169,170,171,172,173,174,175,176,177,178,179,180', '161:A:N,162:C:N,163:E:N,164:B:N,165:D:N,166:E:N,167:D:N,168:A:N,169:E:N,170:B:N,171:E:N,172:B:N,173:D:N,174:A:N,175:E:N,176:E:N,177:B:N,178:C:N,179:C:N,180::N', 9, 45.00, 100.00, '2025-02-05 23:11:19', '2025-02-05 23:19:19', 'N'),
(991, 29, 93, '181,182,183,184,185,186,187,188,189,190,191,192,193,194,195,197,198,199,200,201', '181:A:N,182:C:N,183:D:N,184:E:N,185:B:N,186:C:N,187:D:N,188:B:N,189:E:N,190:A:N,191:B:N,192:B:N,193:B:N,194:B:N,195:B:N,197:D:N,198:B:N,199:B:N,200:D:N,201:B:N', 10, 50.00, 100.00, '2025-02-05 23:16:22', '2025-02-05 23:25:22', 'N'),
(992, 35, 93, '219', '219:A:N', 1, 100.00, 100.00, '2025-02-05 23:21:42', '2025-02-05 23:24:42', 'N'),
(993, 30, 93, '140,141,142,143,144,145,146,147,148,149,150,151,152,153,154,155,156,157,158,159', '140:D:N,141:E:N,142:B:N,143:A:N,144:D:N,145:A:N,146:B:N,147:D:N,148:C:N,149:B:N,150:D:N,151:A:N,152:A:N,153:C:N,154:D:N,155:E:N,156:B:N,157:A:N,158:B:N,159:E:N', 8, 40.00, 100.00, '2025-02-05 23:25:04', '2025-02-05 23:31:04', 'N'),
(994, 35, 95, '219', '219:A:N', 1, 100.00, 100.00, '2025-02-11 11:48:27', '2025-02-11 11:51:27', 'N'),
(995, 22, 95, '90,91,92,93,94,95,96,97,98,99,202,203,204,205,206,207,208,209,210,211', '90:B:N,91:E:N,92:D:N,93:E:N,94:C:N,95:E:N,96:B:N,97:E:N,98:C:N,99:B:N,202:E:N,203:C:N,204:D:N,205:D:N,206:E:N,207:B:N,208:D:N,209:A:N,210:E:N,211:B:N', 14, 70.00, 100.00, '2025-02-11 11:51:40', '2025-02-11 11:57:40', 'N'),
(996, 23, 95, '100,101,102,103,104,105,106,107,108,109,110,111,112,113,114,115,116,117,118,119', '100:B:N,101:B:N,102:D:N,103:C:N,104:C:N,105:C:N,106:C:N,107:D:N,108:E:N,109:A:N,110:C:N,111:A:N,112:A:N,113:B:N,114:D:N,115:D:N,116:D:N,117:A:N,118:B:N,119:B:N', 12, 60.00, 100.00, '2025-02-11 12:02:41', '2025-02-11 12:08:41', 'N'),
(997, 24, 95, '120,121,122,123,124,126,127,128,129,130,131,132,133,134,135,136,137,138,139', '120:C:N,121:A:N,122:A:N,123:D:N,124:D:N,126:D:N,127:B:N,128:C:N,129:D:N,130:A:N,131:C:N,132:D:N,133:C:N,134:E:N,135:C:N,136:C:N,137:D:N,138:E:N,139:E:N', 13, 68.00, 100.00, '2025-02-11 12:07:29', '2025-02-11 12:14:29', 'N'),
(998, 28, 95, '161,162,163,164,165,166,167,168,169,170,171,172,173,174,175,176,177,178,179,180', '161:A:N,162:C:N,163:B:N,164:A:N,165:D:N,166:B:N,167:C:N,168:C:N,169:E:N,170:D:N,171:B:N,172:A:N,173:D:N,174:A:N,175:B:N,176:E:N,177:B:N,178:D:N,179:E:N,180:A:N', 13, 65.00, 100.00, '2025-02-11 12:10:54', '2025-02-11 12:18:54', 'N'),
(999, 29, 95, '181,182,183,184,185,186,187,188,189,190,191,192,193,194,195,197,198,199,200,201', '181:A:N,182:C:N,183:D:N,184:E:N,185:A:N,186:C:N,187:E:N,188:C:N,189:E:N,190:A:N,191:B:N,192:D:N,193:E:N,194:B:N,195:D:N,197:C:N,198:A:N,199:E:N,200:B:N,201:B:N', 17, 85.00, 100.00, '2025-02-11 12:22:34', '2025-02-11 12:31:34', 'N'),
(1000, 30, 95, '140,141,142,143,144,145,146,147,148,149,150,151,152,153,154,155,156,157,158,159', '140:D:N,141:E:N,142:B:N,143:A:N,144:C:N,145:A:N,146:D:N,147:E:N,148:C:N,149:B:N,150:B:N,151:A:N,152:E:N,153:C:N,154:D:N,155:B:N,156:E:N,157:A:N,158:C:N,159:D:N', 7, 35.00, 100.00, '2025-02-11 12:40:22', '2025-02-11 12:46:22', 'N'),
(1001, 35, 97, '219', '219:A:N', 1, 100.00, 100.00, '2025-02-11 13:44:58', '2025-02-11 13:47:58', 'N'),
(1002, 22, 97, '90,91,92,93,94,95,96,97,98,99,202,203,204,205,206,207,208,209,210,211', '90:C:N,91:D:N,92:D:N,93:A:N,94:A:N,95:E:N,96:B:N,97:E:N,98:C:N,99:B:N,202:E:N,203:C:N,204:D:N,205:D:N,206:C:N,207:B:N,208:C:N,209:C:N,210:E:N,211:B:N', 13, 65.00, 100.00, '2025-02-11 13:48:41', '2025-02-11 13:54:41', 'N'),
(1003, 23, 97, '100,101,102,103,104,105,106,107,108,109,110,111,112,113,114,115,116,117,118,119', '100:A:N,101:B:N,102:D:N,103:C:N,104:C:N,105:C:N,106:C:N,107:D:N,108:E:N,109:A:N,110:C:N,111:C:N,112:E:N,113:B:N,114:D:N,115:A:N,116:B:N,117:C:N,118:D:N,119:C:N', 11, 55.00, 100.00, '2025-02-11 13:55:19', '2025-02-11 14:01:19', 'N'),
(1004, 24, 97, '120,121,122,123,124,126,127,128,129,130,131,132,133,134,135,136,137,138,139', '120:C:N,121:E:N,122:D:N,123:D:N,124:D:N,126:D:N,127:B:N,128:A:N,129:D:N,130:C:N,131:E:N,132:C:N,133:C:N,134:D:N,135:C:N,136:C:N,137:E:N,138:C:N,139:E:N', 15, 78.00, 100.00, '2025-02-11 14:05:40', '2025-02-11 14:12:40', 'N'),
(1005, 28, 97, '161,162,163,164,165,166,167,168,169,170,171,172,173,174,175,176,177,178,179,180', '161:A:N,162:C:N,163:B:N,164:A:N,165:D:N,166:B:N,167:C:N,168:C:N,169:E:N,170:D:N,171:B:N,172:A:N,173:D:N,174:A:N,175:B:N,176:E:N,177:B:N,178:D:N,179:E:N,180:A:N', 13, 65.00, 100.00, '2025-02-11 14:09:20', '2025-02-11 14:17:20', 'N'),
(1006, 29, 97, '181,182,183,184,185,186,187,188,189,190,191,192,193,194,195,197,198,199,200,201', '181:A:N,182:C:N,183:D:N,184:E:N,185:A:N,186:C:N,187:E:N,188:C:N,189:E:N,190:A:N,191:B:N,192:D:N,193:E:N,194:B:N,195:D:N,197:C:N,198:A:N,199:E:N,200:B:N,201:B:N', 17, 85.00, 100.00, '2025-02-11 14:14:42', '2025-02-11 14:23:42', 'N'),
(1007, 30, 97, '140,141,142,143,144,145,146,147,148,149,150,151,152,153,154,155,156,157,158,159', '140:D:N,141:E:N,142:B:N,143:A:N,144:C:N,145:A:N,146:D:N,147:E:N,148:C:N,149:B:N,150:B:N,151:A:N,152:E:N,153:C:N,154:D:N,155:D:N,156:E:N,157:A:N,158:C:N,159:D:N', 7, 35.00, 100.00, '2025-02-11 14:21:59', '2025-02-11 14:27:59', 'N'),
(1008, 35, 96, '219', '219:E:N', 0, 0.00, 100.00, '2025-02-11 20:09:22', '2025-02-11 20:12:22', 'N'),
(1009, 22, 96, '90,91,92,93,94,95,96,97,98,99,202,203,204,205,206,207,208,209,210,211', '90:C:N,91:D:N,92:A:N,93:E:N,94:C:N,95:B:N,96:B:N,97:E:N,98:C:N,99:E:N,202:E:N,203:C:N,204:D:N,205:D:N,206:D:N,207:B:N,208:C:N,209:A:N,210:E:N,211:B:N', 16, 80.00, 100.00, '2025-02-11 20:13:08', '2025-02-11 20:19:08', 'N'),
(1010, 23, 96, '100,101,102,103,104,105,106,107,108,109,110,111,112,113,114,115,116,117,118,119', '100:A:N,101:B:N,102:D:N,103:E:N,104:D:Y,105:A:N,106:C:N,107:D:N,108:A:N,109:A:N,110:E:N,111:D:N,112:A:N,113:B:N,114:C:N,115:D:N,116:D:N,117:C:N,118:A:N,119:B:N', 9, 45.00, 100.00, '2025-02-11 20:19:23', '2025-02-11 20:25:23', 'N'),
(1011, 24, 96, '120,121,122,123,124,126,127,128,129,130,131,132,133,134,135,136,137,138,139', '120:C:N,121:A:N,122:D:N,123:D:N,124:E:N,126:B:N,127:C:N,128:D:N,129:A:N,130:A:Y,131:B:N,132:D:N,133:B:N,134:B:N,135:B:N,136:D:Y,137:E:N,138:D:N,139:C:N', 4, 21.00, 100.00, '2025-02-11 20:23:30', '2025-02-11 20:30:30', 'N'),
(1012, 28, 96, '161,162,163,164,165,166,167,168,169,170,171,172,173,174,175,176,177,178,179,180', '161:A:N,162:C:N,163:B:N,164:A:N,165:B:Y,166:B:N,167:C:N,168:C:N,169:E:N,170:A:N,171:B:N,172:A:N,173:D:N,174:A:N,175:B:N,176:E:N,177:E:N,178:D:N,179:E:N,180:A:N', 10, 50.00, 100.00, '2025-02-11 20:28:57', '2025-02-11 20:36:57', 'N'),
(1013, 29, 96, '181,182,183,184,185,186,187,188,189,190,191,192,193,194,195,197,198,199,200,201', '181:C:N,182:C:N,183:D:N,184:E:N,185:B:N,186:C:N,187:D:N,188:B:N,189:E:N,190:A:N,191:B:N,192:B:N,193:B:N,194:B:N,195:B:N,197:D:N,198:B:N,199:B:N,200:D:N,201:B:N', 9, 45.00, 100.00, '2025-02-11 20:34:34', '2025-02-11 20:43:34', 'N'),
(1014, 30, 96, '140,141,142,143,144,145,146,147,148,149,150,151,152,153,154,155,156,157,158,159', '140:E:N,141:E:N,142:E:N,143:A:N,144:E:N,145:A:N,146:D:N,147:E:N,148:C:N,149:B:N,150:B:N,151:A:N,152:E:N,153:C:N,154:D:N,155:D:N,156:E:N,157:A:N,158:C:N,159:D:N', 5, 25.00, 100.00, '2025-02-11 20:42:19', '2025-02-11 20:48:19', 'N'),
(1015, 35, 98, '219', '219:A:N', 1, 100.00, 100.00, '2025-02-13 21:55:18', '2025-02-13 21:58:18', 'N'),
(1016, 22, 98, '90,91,92,93,94,95,96,97,98,99,202,203,204,205,206,207,208,209,210,211', '90:C:N,91:A:N,92:D:N,93:E:N,94:E:N,95:E:N,96:B:N,97:E:N,98:C:N,99:A:N,202:E:N,203:C:N,204:D:N,205:D:N,206:C:N,207:B:N,208:B:N,209:A:N,210:E:N,211:B:N', 13, 65.00, 100.00, '2025-02-13 21:56:43', '2025-02-13 22:02:43', 'N'),
(1017, 23, 98, '100,101,102,103,104,105,106,107,108,109,110,111,112,113,114,115,116,117,118,119', '100:E:N,101:B:N,102:D:N,103:C:N,104:C:N,105:C:N,106:C:N,107:D:N,108:D:N,109:A:N,110:A:N,111:A:N,112:E:N,113:B:N,114:D:N,115:C:N,116:D:N,117:E:N,118:A:N,119:C:N', 11, 55.00, 100.00, '2025-02-13 22:01:41', '2025-02-13 22:07:41', 'N'),
(1018, 24, 98, '120,121,122,123,124,126,127,128,129,130,131,132,133,134,135,136,137,138,139', '120:C:N,121:A:N,122:D:N,123:D:N,124:D:N,126:D:N,127:C:N,128:A:N,129:D:N,130:C:N,131:C:N,132:D:N,133:E:N,134:A:N,135:C:N,136:A:N,137:E:N,138:C:N,139:E:N', 11, 57.00, 100.00, '2025-02-13 22:08:15', '2025-02-13 22:15:15', 'N'),
(1019, 28, 98, '161,162,163,164,165,166,167,168,169,170,171,172,173,174,175,176,177,178,179,180', '161:B:N,162:C:N,163:B:N,164:B:N,165:D:N,166:B:N,167:D:N,168:C:N,169:E:N,170:B:N,171:D:N,172:B:N,173:D:N,174:A:N,175:B:N,176:E:N,177:D:N,178:D:N,179:E:N,180::N', 9, 45.00, 100.00, '2025-02-13 22:13:47', '2025-02-13 22:21:47', 'N'),
(1020, 29, 98, '181,182,183,184,185,186,187,188,189,190,191,192,193,194,195,197,198,199,200,201', '181:A:N,182:A:N,183:B:N,184:B:N,185:B:N,186:A:N,187:D:N,188:B:N,189:B:N,190:A:N,191:B:N,192:D:N,193:E:N,194:B:N,195:B:N,197:C:N,198::N,199::N,200::N,201::N', 7, 35.00, 100.00, '2025-02-13 22:21:45', '2025-02-13 22:30:45', 'N'),
(1021, 30, 98, '140,141,142,143,144,145,146,147,148,149,150,151,152,153,154,155,156,157,158,159', '140:D:N,141:E:N,142:B:N,143:A:N,144:C:N,145:A:N,146:D:N,147:E:N,148:C:N,149:B:N,150:B:N,151:B:N,152:E:N,153:C:N,154:D:N,155:D:N,156:E:N,157:A:N,158:C:N,159:D:N', 6, 30.00, 100.00, '2025-02-13 22:31:45', '2025-02-13 22:37:45', 'N'),
(1022, 35, 99, '219', '219:A:N', 1, 100.00, 100.00, '2025-02-18 22:46:05', '2025-02-18 22:49:05', 'N'),
(1023, 22, 99, '90,91,92,93,94,95,96,97,98,99,202,203,204,205,206,207,208,209,210,211', '90:C:N,91:A:N,92:B:N,93:A:N,94:B:N,95:C:N,96:E:N,97:B:N,98:E:N,99:B:N,202:E:N,203:C:N,204:D:N,205:D:N,206:D:N,207:B:N,208:A:N,209:E:N,210:E:N,211:B:N', 11, 55.00, 100.00, '2025-02-18 22:50:33', '2025-02-18 22:56:33', 'N'),
(1024, 23, 99, '100,101,102,103,104,105,106,107,108,109,110,111,112,113,114,115,116,117,118,119', '100:B:N,101:B:N,102:D:N,103:E:N,104:A:N,105:C:N,106:C:N,107:A:N,108:D:N,109:C:N,110:E:N,111:D:N,112:D:N,113:B:N,114:D:N,115:E:N,116:B:N,117:A:N,118:B:N,119:C:N', 10, 50.00, 100.00, '2025-02-18 22:56:38', '2025-02-18 23:02:38', 'N'),
(1025, 24, 99, '120,121,122,123,124,126,127,128,129,130,131,132,133,134,135,136,137,138,139', '120:C:N,121:E:N,122:D:N,123:D:N,124:D:N,126:C:N,127:B:N,128:D:N,129:E:N,130:A:N,131:B:N,132:C:N,133:E:N,134:E:N,135:B:N,136:B:N,137:E:N,138:B:N,139:E:N', 10, 52.00, 100.00, '2025-02-18 23:01:44', '2025-02-18 23:08:44', 'N'),
(1026, 28, 99, '161,162,163,164,165,166,167,168,169,170,171,172,173,174,175,176,177,178,179,180', '161:C:N,162:C:N,163:B:N,164:A:N,165:D:N,166:B:N,167:C:N,168:E:N,169:E:N,170:D:N,171:D:N,172:A:N,173:D:N,174:C:N,175:B:N,176:E:N,177:B:N,178:D:N,179:D:N,180:A:N', 14, 70.00, 100.00, '2025-02-18 23:07:33', '2025-02-18 23:15:33', 'N'),
(1027, 29, 99, '181,182,183,184,185,186,187,188,189,190,191,192,193,194,195,197,198,199,200,201', '181:C:N,182:A:N,183:D:N,184:E:N,185:A:N,186:C:N,187:D:N,188:A:N,189:D:N,190:A:N,191:E:N,192:B:N,193:C:N,194:B:N,195:B:N,197::N,198::N,199::N,200::N,201::N', 7, 35.00, 100.00, '2025-02-18 23:14:03', '2025-02-18 23:23:03', 'N'),
(1028, 30, 99, '140,141,142,143,144,145,146,147,148,149,150,151,152,153,154,155,156,157,158,159', '140:B:N,141:D:N,142:C:N,143:A:N,144:E:N,145:A:N,146:E:N,147:B:N,148:E:N,149:E:N,150:D:N,151:B:N,152:D:N,153:B:N,154:D:N,155:A:N,156:E:N,157:D:N,158:A:N,159:E:N', 4, 20.00, 100.00, '2025-02-18 23:23:37', '2025-02-18 23:29:37', 'N'),
(1029, 35, 101, '219', '219:C:N', 0, 0.00, 100.00, '2025-02-19 15:36:04', '2025-02-19 15:39:04', 'N'),
(1030, 22, 101, '90,91,92,93,94,95,96,97,98,99,202,203,204,205,206,207,208,209,210,211', '90:C:N,91:D:N,92:A:N,93:E:N,94:C:N,95:A:N,96:B:N,97:B:N,98:C:N,99:B:N,202:E:N,203:C:N,204:D:N,205:D:N,206:D:N,207:B:N,208:B:N,209:A:N,210:E:N,211:B:N', 18, 90.00, 100.00, '2025-02-19 15:39:15', '2025-02-19 15:45:15', 'N'),
(1031, 23, 101, '100,101,102,103,104,105,106,107,108,109,110,111,112,113,114,115,116,117,118,119', '100:B:N,101:B:N,102:D:N,103:C:N,104:D:N,105:C:N,106:C:N,107:D:N,108:E:N,109:A:N,110:E:N,111:A:N,112:A:N,113:B:N,114:D:N,115:A:N,116:D:N,117:E:N,118:B:N,119:C:N', 14, 70.00, 100.00, '2025-02-19 15:45:27', '2025-02-19 15:51:27', 'N'),
(1032, 24, 101, '120,121,122,123,124,126,127,128,129,130,131,132,133,134,135,136,137,138,139', '120:C:N,121:E:N,122:D:N,123:D:N,124:C:N,126:D:N,127:B:N,128:D:N,129:B:N,130:C:N,131:C:N,132:C:N,133:C:N,134:B:N,135:B:N,136:D:N,137:E:N,138:B:N,139:E:N', 12, 63.00, 100.00, '2025-02-19 15:50:05', '2025-02-19 15:57:05', 'N'),
(1033, 28, 101, '161,162,163,164,165,166,167,168,169,170,171,172,173,174,175,176,177,178,179,180', '161:A:N,162:C:N,163:E:N,164:A:N,165:D:N,166:B:N,167:E:N,168:C:N,169:B:N,170:D:N,171:B:N,172:A:N,173:D:N,174:C:N,175:B:N,176:E:N,177:B:N,178:B:N,179:C:N,180:A:N', 11, 55.00, 100.00, '2025-02-19 15:55:58', '2025-02-19 16:03:58', 'N'),
(1034, 29, 101, '181,182,183,184,185,186,187,188,189,190,191,192,193,194,195,197,198,199,200,201', '181:A:N,182:C:N,183:D:N,184:E:N,185:A:N,186:C:N,187:D:N,188:C:N,189:E:N,190:A:N,191:B:N,192:B:N,193:E:N,194:B:N,195:D:N,197:B:N,198:A:N,199:D:N,200:B:N,201:C:N', 18, 90.00, 100.00, '2025-02-19 16:00:52', '2025-02-19 16:09:52', 'N'),
(1035, 30, 101, '140,141,142,143,144,145,146,147,148,149,150,151,152,153,154,155,156,157,158,159', '140:D:N,141:E:N,142:B:N,143:A:N,144:C:N,145:A:N,146:D:N,147:B:N,148:C:N,149:B:N,150:B:N,151:A:N,152:E:N,153:D:N,154:B:N,155:B:N,156:E:N,157:A:N,158:C:N,159:B:N', 7, 35.00, 100.00, '2025-02-19 16:09:12', '2025-02-19 16:15:12', 'N'),
(1036, 35, 105, '219', '219:B:N', 0, 0.00, 100.00, '2025-02-19 21:30:04', '2025-02-19 21:33:04', 'N'),
(1037, 22, 105, '90,91,92,93,94,95,96,97,98,99,202,203,204,205,206,207,208,209,210,211', '90:C:N,91:C:N,92:A:N,93:E:N,94:C:N,95:E:N,96:E:N,97:E:N,98:C:N,99:B:N,202:E:N,203:C:N,204:D:N,205:D:N,206:C:N,207:B:N,208:C:N,209::N,210::N,211::N', 11, 55.00, 100.00, '2025-02-19 21:33:18', '2025-02-19 21:39:18', 'N'),
(1038, 22, 100, '90,91,92,93,94,95,96,97,98,99,202,203,204,205,206,207,208,209,210,211', '90:C:N,91:C:N,92:B:N,93:A:N,94:C:N,95:E:N,96:E:N,97:A:N,98:C:N,99:B:N,202:E:N,203:C:N,204:D:N,205:D:N,206:D:N,207:E:N,208:C:N,209:E:N,210:E:N,211:B:N', 12, 60.00, 100.00, '2025-02-19 21:34:10', '2025-02-19 21:40:10', 'N'),
(1039, 23, 100, '100,101,102,103,104,105,106,107,108,109,110,111,112,113,114,115,116,117,118,119', '100:A:N,101:B:N,102:D:N,103:C:N,104:D:N,105:D:N,106:C:N,107:D:N,108:E:N,109:A:N,110:C:N,111:D:N,112:B:N,113:E:N,114:D:N,115:D:N,116:D:N,117:E:N,118:E:N,119:C:N', 7, 35.00, 100.00, '2025-02-19 21:39:31', '2025-02-19 21:45:31', 'N'),
(1040, 23, 105, '100,101,102,103,104,105,106,107,108,109,110,111,112,113,114,115,116,117,118,119', '100:B:N,101:B:N,102:D:N,103:C:N,104:C:N,105:C:N,106:C:N,107:D:N,108:D:N,109:A:N,110:D:N,111:E:N,112:B:N,113:B:N,114:C:N,115:A:N,116:D:N,117:B:N,118:B:N,119::N', 15, 75.00, 100.00, '2025-02-19 21:40:02', '2025-02-19 21:46:02', 'N'),
(1041, 24, 100, '120,121,122,123,124,126,127,128,129,130,131,132,133,134,135,136,137,138,139', '120:C:N,121:E:N,122:D:N,123:D:N,124:D:N,126:D:N,127:C:N,128:C:N,129:E:N,130:C:N,131:D:N,132:D:N,133:B:N,134:B:N,135:C:N,136:B:N,137:E:N,138:B:N,139:E:N', 10, 52.00, 100.00, '2025-02-19 21:44:06', '2025-02-19 21:51:06', 'N'),
(1042, 24, 105, '120,121,122,123,124,126,127,128,129,130,131,132,133,134,135,136,137,138,139', '120:C:N,121:A:N,122:D:N,123:D:N,124:B:N,126:D:N,127:C:N,128:A:N,129:B:N,130:C:N,131:D:N,132:D:N,133:B:N,134:B:N,135:B:N,136:D:N,137:E:N,138:B:N,139:B:N', 6, 31.00, 100.00, '2025-02-19 21:46:04', '2025-02-19 21:53:04', 'N'),
(1043, 28, 100, '161,162,163,164,165,166,167,168,169,170,171,172,173,174,175,176,177,178,179,180', '161:A:N,162:C:N,163:A:N,164:B:N,165:D:N,166:B:N,167:B:N,168:B:N,169:E:N,170:E:N,171:D:N,172:A:N,173:D:N,174:A:N,175:B:N,176:E:N,177:B:N,178:D:N,179:E:N,180:A:N', 9, 45.00, 100.00, '2025-02-19 21:47:50', '2025-02-19 21:55:50', 'N'),
(1044, 29, 100, '181,182,183,184,185,186,187,188,189,190,191,192,193,194,195,197,198,199,200,201', '181:A:N,182:B:N,183:B:N,184:E:N,185:A:N,186:D:N,187:D:N,188:C:N,189:E:N,190:C:N,191:A:N,192:B:N,193:B:N,194:B:N,195:B:N,197:D:N,198:B:N,199:B:N,200:D:N,201:B:N', 7, 35.00, 100.00, '2025-02-19 21:51:49', '2025-02-19 22:00:49', 'N'),
(1045, 28, 105, '161,162,163,164,165,166,167,168,169,170,171,172,173,174,175,176,177,178,179,180', '161:B:N,162:C:N,163:D:N,164:B:N,165:B:N,166:D:N,167:D:N,168:E:N,169:E:N,170:B:N,171:D:N,172:A:N,173:D:N,174:C:N,175:B:N,176:E:N,177:B:N,178:D:N,179::N,180::N', 8, 40.00, 100.00, '2025-02-19 21:53:06', '2025-02-19 22:01:06', 'N'),
(1046, 30, 100, '140,141,142,143,144,145,146,147,148,149,150,151,152,153,154,155,156,157,158,159', '140::Y,141::N,142::N,143::N,144::N,145::N,146::N,147::N,148::N,149::N,150::N,151::N,152::N,153::N,154::N,155::N,156::N,157::N,158::N,159::N', 0, 0.00, 0.00, '2025-02-19 21:58:29', '2025-02-19 22:04:29', 'Y'),
(1047, 35, 100, '219', '219:A:N', 1, 100.00, 100.00, '2025-02-19 22:00:25', '2025-02-19 22:03:25', 'N'),
(1048, 29, 105, '181,182,183,184,185,186,187,188,189,190,191,192,193,194,195,197,198,199,200,201', '181:A:N,182:C:N,183:D:N,184:E:N,185:A:N,186:C:N,187:D:N,188:C:N,189:E:N,190:A:N,191:B:N,192:B:N,193:A:N,194:B:N,195:B:N,197:D:N,198::N,199::N,200::N,201::N', 12, 60.00, 100.00, '2025-02-19 22:01:33', '2025-02-19 22:10:33', 'N'),
(1049, 30, 105, '140,141,142,143,144,145,146,147,148,149,150,151,152,153,154,155,156,157,158,159', '140:D:N,141:E:N,142:B:N,143:A:N,144:C:N,145:A:N,146:B:N,147:E:N,148:E:N,149:E:N,150:D:N,151:A:N,152:E:N,153:C:N,154:D:N,155:D:N,156:A:N,157:A:N,158:C:N,159:D:N', 8, 40.00, 100.00, '2025-02-19 22:11:16', '2025-02-19 22:17:16', 'N'),
(1050, 35, 102, '219', '219:A:N', 1, 100.00, 100.00, '2025-02-20 09:55:58', '2025-02-20 09:58:58', 'N'),
(1051, 22, 102, '90,91,92,93,94,95,96,97,98,99,202,203,204,205,206,207,208,209,210,211', '90:C:N,91:A:N,92:A:N,93:E:N,94:C:N,95:A:N,96:C:N,97:D:N,98:C:N,99:B:N,202:D:N,203:C:N,204:D:N,205:D:N,206:D:N,207:C:N,208:B:N,209:E:N,210:E:N,211:B:N', 12, 60.00, 100.00, '2025-02-20 09:57:14', '2025-02-20 10:03:14', 'N'),
(1052, 23, 102, '100,101,102,103,104,105,106,107,108,109,110,111,112,113,114,115,116,117,118,119', '100:A:N,101:B:N,102:D:N,103:C:N,104:C:N,105:C:N,106:C:N,107:D:N,108:E:N,109:A:N,110:E:N,111:E:N,112:A:N,113:B:N,114:C:N,115:E:N,116:B:N,117:B:N,118:D:N,119:C:N', 14, 70.00, 100.00, '2025-02-20 10:03:18', '2025-02-20 10:09:18', 'N'),
(1053, 24, 102, '120,121,122,123,124,126,127,128,129,130,131,132,133,134,135,136,137,138,139', '120:C:N,121:E:N,122:D:N,123:C:N,124:D:N,126:D:N,127:B:N,128:A:N,129:A:N,130:C:N,131:E:N,132:C:N,133:D:N,134:E:N,135:D:N,136:C:N,137:E:N,138:D:N,139:A:N', 11, 57.00, 100.00, '2025-02-20 10:09:03', '2025-02-20 10:16:03', 'N'),
(1054, 28, 102, '161,162,163,164,165,166,167,168,169,170,171,172,173,174,175,176,177,178,179,180', '161:C:N,162:A:N,163:E:N,164:B:N,165:D:N,166:B:N,167:C:N,168:B:N,169:E:N,170:D:N,171:B:N,172:E:N,173:D:N,174:A:N,175:B:N,176:E:N,177:E:N,178:D:N,179:C:N,180:E:N', 9, 45.00, 100.00, '2025-02-20 10:16:22', '2025-02-20 10:24:22', 'N'),
(1055, 29, 102, '181,182,183,184,185,186,187,188,189,190,191,192,193,194,195,197,198,199,200,201', '181:A:N,182:B:N,183:C:N,184:D:N,185:D:N,186:A:N,187:D:N,188:B:N,189:E:N,190:A:N,191:B:N,192:B:N,193:B:N,194:B:N,195:B:N,197:D:N,198::N,199::N,200::N,201::N', 6, 30.00, 100.00, '2025-02-20 10:24:41', '2025-02-20 10:33:41', 'N'),
(1056, 35, 103, '219', '219::N', 0, 0.00, 100.00, '2025-02-20 10:29:36', '2025-02-20 10:32:36', 'N'),
(1057, 22, 103, '90,91,92,93,94,95,96,97,98,99,202,203,204,205,206,207,208,209,210,211', '90::N,91::N,92::N,93::N,94::N,95::N,96::N,97::N,98::N,99::N,202::N,203::N,204::N,205::N,206::N,207::N,208::N,209::N,210::N,211::N', 0, 0.00, 100.00, '2025-02-20 10:30:50', '2025-02-20 10:36:50', 'N'),
(1058, 30, 103, '140,141,142,143,144,145,146,147,148,149,150,151,152,153,154,155,156,157,158,159', '140::N,141::N,142::N,143::N,144::N,145::N,146::N,147::N,148::N,149::N,150::N,151::N,152::N,153::N,154::N,155::N,156::N,157::N,158::N,159::N', 0, 0.00, 100.00, '2025-02-20 10:33:46', '2025-02-20 10:39:46', 'N'),
(1059, 30, 102, '140,141,142,143,144,145,146,147,148,149,150,151,152,153,154,155,156,157,158,159', '140:D:N,141:E:N,142:B:N,143:A:N,144:C:N,145:A:N,146:D:N,147:E:N,148:E:N,149:B:N,150:B:N,151:A:N,152:E:N,153:C:N,154:D:N,155:D:N,156:E:N,157:A:N,158:C:N,159:D:N', 7, 35.00, 100.00, '2025-02-20 10:34:08', '2025-02-20 10:40:08', 'N'),
(1060, 23, 103, '100,101,102,103,104,105,106,107,108,109,110,111,112,113,114,115,116,117,118,119', '100::N,101::N,102::N,103::N,104::N,105::N,106::N,107::N,108::N,109::N,110::N,111::N,112::N,113::N,114::N,115::N,116::N,117::N,118::N,119::N', 0, 0.00, 100.00, '2025-02-20 11:09:32', '2025-02-20 11:15:32', 'N'),
(1061, 24, 103, '120,121,122,123,124,126,127,128,129,130,131,132,133,134,135,136,137,138,139', '120::N,121::N,122::N,123::N,124::N,126::N,127::N,128::N,129::N,130::N,131::N,132::N,133::N,134::N,135::N,136::N,137::N,138::N,139::N', 0, 0.00, 100.00, '2025-02-20 12:02:40', '2025-02-20 12:09:40', 'N'),
(1062, 28, 103, '161,162,163,164,165,166,167,168,169,170,171,172,173,174,175,176,177,178,179,180', '161::N,162::N,163::N,164::N,165::N,166::N,167::N,168::N,169::N,170::N,171::N,172::N,173::N,174::N,175::N,176::N,177::N,178::N,179::N,180::N', 0, 0.00, 100.00, '2025-02-20 12:03:17', '2025-02-20 12:11:17', 'N'),
(1063, 29, 103, '181,182,183,184,185,186,187,188,189,190,191,192,193,194,195,197,198,199,200,201', '181::N,182::N,183::N,184::N,185::N,186::N,187::N,188::N,189::N,190::N,191::N,192::N,193::N,194::N,195::N,197::N,198::N,199::N,200::N,201::N', 0, 0.00, 100.00, '2025-02-20 12:03:39', '2025-02-20 12:12:39', 'N'),
(1064, 35, 104, '219', '219:E:N', 0, 0.00, 100.00, '2025-02-20 13:43:56', '2025-02-20 13:46:56', 'N'),
(1065, 22, 104, '90,91,92,93,94,95,96,97,98,99,202,203,204,205,206,207,208,209,210,211', '90:B:Y,91::N,92:D:N,93:E:N,94:C:N,95::N,96:E:N,97:C:N,98::N,99:B:N,202:E:N,203:B:N,204:D:N,205:D:N,206::N,207:C:N,208:B:N,209:B:N,210:A:N,211:B:N', 8, 40.00, 100.00, '2025-02-20 13:47:36', '2025-02-20 13:53:36', 'N'),
(1066, 23, 104, '100,101,102,103,104,105,106,107,108,109,110,111,112,113,114,115,116,117,118,119', '100:B:N,101:B:N,102:D:N,103:C:N,104:C:N,105:C:N,106:C:N,107:E:N,108:E:N,109:A:N,110:C:N,111:E:N,112:D:N,113:B:N,114:D:N,115:C:N,116:D:N,117:B:N,118:A:N,119:C:N', 10, 50.00, 100.00, '2025-02-20 13:54:06', '2025-02-20 14:00:06', 'N'),
(1067, 24, 104, '120,121,122,123,124,126,127,128,129,130,131,132,133,134,135,136,137,138,139', '120:C:N,121:E:N,122:D:N,123:C:N,124:D:Y,126:D:N,127:D:N,128:A:Y,129:B:N,130:C:N,131:B:N,132:D:N,133:A:N,134:B:N,135:C:N,136:C:N,137:E:N,138:C:N,139:E:N', 10, 52.00, 100.00, '2025-02-20 14:00:24', '2025-02-20 14:07:24', 'N'),
(1068, 28, 104, '161,162,163,164,165,166,167,168,169,170,171,172,173,174,175,176,177,178,179,180', '161::N,162:B:N,163:D:N,164:A:N,165:D:N,166:E:N,167:D:N,168:B:N,169:D:N,170:E:N,171:D:N,172:E:N,173:E:N,174::N,175::N,176:B:N,177:D:N,178:D:N,179:B:N,180:A:N', 3, 15.00, 100.00, '2025-02-20 14:06:53', '2025-02-20 14:14:53', 'N'),
(1069, 29, 104, '181,182,183,184,185,186,187,188,189,190,191,192,193,194,195,197,198,199,200,201', '181:A:N,182:C:N,183:D:N,184:A:N,185:A:N,186:E:N,187:C:N,188:A:N,189::N,190::N,191::N,192::N,193::N,194::N,195::N,197:D:N,198:C:N,199:B:N,200:D:N,201:C:N', 5, 25.00, 100.00, '2025-02-20 14:15:25', '2025-02-20 14:24:25', 'N'),
(1070, 22, 107, '90,91,92,93,94,95,96,97,98,99,202,203,204,205,206,207,208,209,210,211', '90:C:N,91:D:N,92:D:N,93:A:N,94:C:N,95:E:N,96:E:N,97:C:Y,98:C:N,99:B:N,202:E:N,203:C:N,204:D:N,205:D:N,206:C:N,207:B:N,208:B:N,209:E:N,210:E:N,211:B:N', 13, 65.00, 100.00, '2025-02-20 14:18:23', '2025-02-20 14:24:23', 'N'),
(1071, 30, 104, '140,141,142,143,144,145,146,147,148,149,150,151,152,153,154,155,156,157,158,159', '140:D:N,141:C:N,142:B:N,143:A:N,144:C:N,145:A:N,146:D:N,147:E:N,148:C:N,149:B:N,150:B:N,151:A:N,152:E:N,153:C:N,154:D:N,155:D:N,156:E:N,157:A:N,158:C:N,159:D:N', 6, 30.00, 100.00, '2025-02-20 14:24:50', '2025-02-20 14:30:50', 'N'),
(1072, 23, 107, '100,101,102,103,104,105,106,107,108,109,110,111,112,113,114,115,116,117,118,119', '100:B:N,101:B:N,102:D:N,103:C:N,104:D:N,105:C:N,106:C:N,107:D:N,108:B:N,109:A:N,110:E:N,111:A:N,112:B:N,113:C:N,114:C:N,115:A:N,116:D:N,117:C:N,118:A:N,119:C:N', 11, 55.00, 100.00, '2025-02-20 14:25:27', '2025-02-20 14:31:27', 'N'),
(1073, 24, 107, '120,121,122,123,124,126,127,128,129,130,131,132,133,134,135,136,137,138,139', '120:C:N,121:E:N,122:D:N,123:D:N,124:D:N,126:D:N,127:B:N,128:C:N,129:A:N,130:C:N,131:B:N,132:C:N,133:A:N,134:B:N,135:D:N,136:C:N,137:E:N,138:D:N,139:A:N', 11, 57.00, 100.00, '2025-02-20 14:31:15', '2025-02-20 14:38:15', 'N'),
(1074, 35, 107, '219', '219:A:N', 0, 0.00, 100.00, '2025-02-20 14:39:36', '2025-02-20 14:42:36', 'N'),
(1075, 28, 107, '161,162,163,164,165,166,167,168,169,170,171,172,173,174,175,176,177,178,179,180', '161:C:N,162:C:N,163:B:N,164:B:N,165:D:N,166:B:N,167:A:N,168:E:N,169:E:N,170:D:N,171:E:N,172:E:N,173:B:N,174:C:N,175:B:N,176:E:N,177:B:N,178:D:N,179:A:N,180:A:N', 11, 55.00, 100.00, '2025-02-20 14:42:58', '2025-02-20 14:50:58', 'N'),
(1076, 29, 107, '181,182,183,184,185,186,187,188,189,190,191,192,193,194,195,197,198,199,200,201', '181:A:N,182:C:N,183:D:N,184:E:N,185:B:N,186:C:N,187:D:N,188:C:N,189:E:N,190:A:N,191:B:N,192:A:N,193:E:N,194:B:N,195:B:N,197:B:N,198:A:N,199:E:N,200:A:N,201::N', 15, 75.00, 100.00, '2025-02-20 14:51:18', '2025-02-20 15:00:18', 'N'),
(1077, 30, 107, '140,141,142,143,144,145,146,147,148,149,150,151,152,153,154,155,156,157,158,159', '140:D:N,141:E:N,142:B:N,143:A:N,144:C:N,145:A:N,146:E:Y,147:E:N,148:C:N,149:B:N,150:B:N,151:A:N,152:E:N,153:D:Y,154:D:N,155:D:N,156:E:N,157:A:N,158:B:N,159:D:N', 7, 35.00, 100.00, '2025-02-20 15:00:40', '2025-02-20 15:06:40', 'N');

-- --------------------------------------------------------

--
-- Struktur dari tabel `h_ujian_essay`
--

CREATE TABLE `h_ujian_essay` (
  `id` int NOT NULL,
  `ujianessay_id` int NOT NULL,
  `mahasiswa_id` int NOT NULL,
  `list_soal` longtext COLLATE utf8mb4_general_ci NOT NULL,
  `list_jawaban` longtext COLLATE utf8mb4_general_ci NOT NULL,
  `jml_benar` int NOT NULL,
  `nilai` decimal(10,2) NOT NULL,
  `nilai_bobot` decimal(10,2) NOT NULL,
  `tgl_mulai` datetime NOT NULL,
  `tgl_selesai` datetime NOT NULL,
  `status` enum('Y','N') COLLATE utf8mb4_general_ci NOT NULL
) ENGINE=InnoDB DEFAULT CHARSET=utf8mb4 COLLATE=utf8mb4_general_ci;

--
-- Dumping data untuk tabel `h_ujian_essay`
--

INSERT INTO `h_ujian_essay` (`id`, `ujianessay_id`, `mahasiswa_id`, `list_soal`, `list_jawaban`, `jml_benar`, `nilai`, `nilai_bobot`, `tgl_mulai`, `tgl_selesai`, `status`) VALUES
(491, 21, 59, '<p>61) mawar - melati</p>;<p>62) mata-telinga</p>;<p>63) Gula-Intan</p>;<p>64) Hujan-Salju</p>;<p>65) Pengantar surat-Telepon</p>;<p>66) Kamera-Kacamata</p>;<p>67) Lambung-Usus</p>;<p>68) Banyak-sedikit</p>;<p>69) Telur-Benih</p>;<p>70) Bendera-Lencana</p>;<p>71) Rumput-Gajah</p>;<p>72) Ember-Kantong</p>;<p>73) Awal-Akhir</p>;<p>74) Kikir-Boros</p>;<p>75) Penawaran-Permintaan</p>;<p>76) Atas-Bawah</p>', '55:bunga:N,56:anggota tubuh:N,57:kristal:N,58:musim:N,59:alat komunikasi:N,60:kaca:N,61:organ:N,62:jumlah:N,63:pra reproduksi:N,64:simbol:N,65:ekosistem:N,66:wadah:N,67:proses:N,68:sifat:N,69:jual beli:N,70:arahan:N', 0, 0.00, 100.00, '2025-01-22 02:01:29', '2025-01-22 02:09:29', 'N'),
(492, 15, 59, '<p>77. Jika seorang anak memiliki 50 rupiah dan memberikan 15 rupiah kepada orang lain ,berapa rupiahkah yang masih tinggal padanya?</p>;<p>78. Berapa km-kah yang dapat ditempuh oleh kereta api dalam waktu 7 jam ,jika kecepatanya 40 km/jam?</p>;<p>79. 15 Peti buah -buahan beratnya 250 kg dan setiap peti kosong beratnya 3 kg, berapakah berat buah-buahan itu?</p>;<p>80. Seseorang mempunyai persediaan rumput yang cukup untuk 7 ekor kuda selama 78 hari. Berapa harikah persediaan itu cukup untuk 21 ekor kuda?</p>;<p>81. 3 Batang coklat harganya Rp. 5,- berapa batangkah yang dapat kita beli dengan Rp. 50,-?</p>;<p xss=removed>82. Seseorang dapat berjalan 1,75 m dalam waktu 1/4 detik.Berapa meterkah yang dapat ia tampuh dalam waktu 10 detik?</p>;<p>83. Jika sebuah batu terletak 15 m disebelah selatan dari sebatang pohon dan pohon itu berada 30 m disebelah selatan dari sebuah rumah, berapa meterkah jarak antara batu dan rumah itu?</p>;<p xss=removed>84. Jika 4 <sup>1/2</sup> m bahan sandang harganya Rp.90,-berapa rupiahkah harganya 2 <sup>1/2</sup> m?</p>;<p>85. 7 Orang dapat menyelesaikan sesuatu pekerjaan dalam 6 hari. Berapa orangkah yang diperlukan untuk menyelesaikan pekerjaan itu dalam setengah hari?</p>;<p>86. Karena dipanaskan, kawat yang panjangnya 48 cm akan mengembang menjadi 52 cm. Setelah pemanasan, berapakah panjangnya kawat yang berukuran 72 cm?</p>;<p>87. Suatu pabrik dapat menghasilkan 304 batang pensiun dalam waktu 8 jam. Berapa batangkah yang dihasilkan dalam waktu setengah jam?</p>;<p>88. Untuk suatu campuran diperlukan 2 bagian perak dan 3 bagian timah. Berapa gramkah perak yang diperlukan untuk mendapatkan campuran itu yang beratnya 15 gram?</p>;<p>89. Untuk setiap Rp. 3,- yang dimiliki Sidin, Hamid memiliki Rp.5,- Jika mereka bersama mempunyai Rp.120,- berapa rupiahkah yang dimiliki Hamid?</p>;<p>90. Mesin A menenun 60 m kain, sedangkan mesin B menenun 40 m. Berapa meterkah yang ditenun mesin A, jika mesin B menenun 60 m?</p>;<p>91. Seseorang membelikan <sup>1/10 </sup>dari uangnya untuk perangko dan 4 kali jumlah itu untuk alat tulis. Sisa uangnya masih Rp.60,- Berapa rupiahkah uangnya semula?</p>;<p>92. Didalam dua peti terdapat 43 buah piring. Di dalam peti yang satu terdapat 9 buah piring lebih banyak dari pada di dalam peti yang lain. Berapa buah piring terdapat didalam peti yang lebih kecil?</p>;<p>93. Suatu lembaran kain yang panjangnya 60 cm harus dibagi sedemikian rupa sehingga panjangmya satu bagian ialah <span xss=removed>2/3</span>dari bagian yang lain. Berapa panjangnya bagian yang terpendek?</p>;<p>94. Suatu perusahaan mengekspor 3/4 dari hasil produksinya dan menjual 4/5 dari sisa itu didalam Negeri. Berapa % kah hasil produksi yang masih tinggal?</p>;<p>95. Jika suatu botol berisi anggur hanya 7/8 bagian dan harganya ialah Rp. 84,- Berapakah harga anggur itu jika botol itu hanya terisi 1/2 penuh?</p>;<p>96. Didalam suatu keluarga setiap anak perempuan mempunyai jumlah saudara laki-laki yang sama dengan jumlah saudara perempuan dan setiap anak laki-laki mempunyai dua kali lebih banyak saudara perempuan dari pada saudara laki laki. Berapa anak laki-laki', '13:35:N,14:20:N,15:205:N,16:234:N,17:30:N,18:7:N,19:15:N,21:45:N,22:1:N,23:76:N,24:40:N,25:16:N,26:65:N,27:80:N,28:120:N,29:34:N,30:40:N,32:1:N,33:120:N,34:5:N', 3, 15.00, 100.00, '2025-01-22 02:05:58', '2025-01-22 02:15:58', 'N'),
(493, 17, 59, '<p>97)   6   9  12  15  18  21  24  ?</p>;<p>98)     15  16  18  19  21  22  24  ?</p>;<p>99)     19  18  22  21  25  24  28  ?</p>;<p>100)     16  12  17  13  18  14  19  ?</p>;<p>101)     2  4  8  10  20  22  44  ?</p>;<p>102)     15  13  16  12  17  11  18  ?</p>;<p>103)     25  22  11  33  30  15  45  ?</p>;<p>104)     49  51  54  27  9  11  14  ?</p>;<p>105)     2  3  1  3  4  2  4  ?</p>;<p>106)     19  17  20  16  21  15  22  ?</p>;<p>107)     94  92  46  44  22  20  10  ?</p>;<p>108)      5   8   9   8   11  12   11   ?</p>;<p>109)      12   15   19   23   28   33   39   ?</p>;<p>110)      7   5   10   7   21   17   68   ?</p>;<p>111)      11  15   18   9   13   16   8   ?</p>;<p>112)      3   8   15   24   35   48   63   ?</p>;<p>113)      4  5  7   4   8   13   7   ?</p>;<p>114)       8   5   15   18   6   3   9   ?</p>;<p>115)      15   6   18   10   30   23   69   ?</p>;<p>116)       5   35   28   4   11   77   70  ?</p>', '35:27:N,36:25:N,37:27:N,38:15:N,39:46:N,40:10:N,41:42:N,42:7:N,43:5:N,44:14:N,45:8:N,46:14:N,47:45:N,48:62:N,49:12:N,50:79:N,51::N,52::N,53::N,54::N', 13, 65.00, 100.00, '2025-01-22 02:15:07', '2025-01-22 02:25:07', 'N'),
(494, 21, 66, '<p>61) mawar - melati</p>;<p>62) mata-telinga</p>;<p>63) Gula-Intan</p>;<p>64) Hujan-Salju</p>;<p>65) Pengantar surat-Telepon</p>;<p>66) Kamera-Kacamata</p>;<p>67) Lambung-Usus</p>;<p>68) Banyak-sedikit</p>;<p>69) Telur-Benih</p>;<p>70) Bendera-Lencana</p>;<p>71) Rumput-Gajah</p>;<p>72) Ember-Kantong</p>;<p>73) Awal-Akhir</p>;<p>74) Kikir-Boros</p>;<p>75) Penawaran-Permintaan</p>;<p>76) Atas-Bawah</p>', '55:bunga:N,56:indera:N,57:kristal:N,58:cuaca:N,59:komunikasi:N,60:lensa:N,61:pencernaan:N,62:jumlah:N,63:bibit:N,64:simbol:N,65:rantai makanan:N,66:wadah:N,67:batas:N,68:sifat:N,69:pasar:N,70:batas:N', 0, 0.00, 100.00, '2025-01-22 13:49:39', '2025-01-22 13:57:39', 'N'),
(495, 15, 66, '<p>77. Jika seorang anak memiliki 50 rupiah dan memberikan 15 rupiah kepada orang lain ,berapa rupiahkah yang masih tinggal padanya?</p>;<p>78. Berapa km-kah yang dapat ditempuh oleh kereta api dalam waktu 7 jam ,jika kecepatanya 40 km/jam?</p>;<p>79. 15 Peti buah -buahan beratnya 250 kg dan setiap peti kosong beratnya 3 kg, berapakah berat buah-buahan itu?</p>;<p>80. Seseorang mempunyai persediaan rumput yang cukup untuk 7 ekor kuda selama 78 hari. Berapa harikah persediaan itu cukup untuk 21 ekor kuda?</p>;<p>81. 3 Batang coklat harganya Rp. 5,- berapa batangkah yang dapat kita beli dengan Rp. 50,-?</p>;<p xss=removed>82. Seseorang dapat berjalan 1,75 m dalam waktu 1/4 detik.Berapa meterkah yang dapat ia tampuh dalam waktu 10 detik?</p>;<p>83. Jika sebuah batu terletak 15 m disebelah selatan dari sebatang pohon dan pohon itu berada 30 m disebelah selatan dari sebuah rumah, berapa meterkah jarak antara batu dan rumah itu?</p>;<p xss=removed>84. Jika 4 <sup>1/2</sup> m bahan sandang harganya Rp.90,-berapa rupiahkah harganya 2 <sup>1/2</sup> m?</p>;<p>85. 7 Orang dapat menyelesaikan sesuatu pekerjaan dalam 6 hari. Berapa orangkah yang diperlukan untuk menyelesaikan pekerjaan itu dalam setengah hari?</p>;<p>86. Karena dipanaskan, kawat yang panjangnya 48 cm akan mengembang menjadi 52 cm. Setelah pemanasan, berapakah panjangnya kawat yang berukuran 72 cm?</p>;<p>87. Suatu pabrik dapat menghasilkan 304 batang pensiun dalam waktu 8 jam. Berapa batangkah yang dihasilkan dalam waktu setengah jam?</p>;<p>88. Untuk suatu campuran diperlukan 2 bagian perak dan 3 bagian timah. Berapa gramkah perak yang diperlukan untuk mendapatkan campuran itu yang beratnya 15 gram?</p>;<p>89. Untuk setiap Rp. 3,- yang dimiliki Sidin, Hamid memiliki Rp.5,- Jika mereka bersama mempunyai Rp.120,- berapa rupiahkah yang dimiliki Hamid?</p>;<p>90. Mesin A menenun 60 m kain, sedangkan mesin B menenun 40 m. Berapa meterkah yang ditenun mesin A, jika mesin B menenun 60 m?</p>;<p>91. Seseorang membelikan <sup>1/10 </sup>dari uangnya untuk perangko dan 4 kali jumlah itu untuk alat tulis. Sisa uangnya masih Rp.60,- Berapa rupiahkah uangnya semula?</p>;<p>92. Didalam dua peti terdapat 43 buah piring. Di dalam peti yang satu terdapat 9 buah piring lebih banyak dari pada di dalam peti yang lain. Berapa buah piring terdapat didalam peti yang lebih kecil?</p>;<p>93. Suatu lembaran kain yang panjangnya 60 cm harus dibagi sedemikian rupa sehingga panjangmya satu bagian ialah <span xss=removed>2/3</span>dari bagian yang lain. Berapa panjangnya bagian yang terpendek?</p>;<p>94. Suatu perusahaan mengekspor 3/4 dari hasil produksinya dan menjual 4/5 dari sisa itu didalam Negeri. Berapa % kah hasil produksi yang masih tinggal?</p>;<p>95. Jika suatu botol berisi anggur hanya 7/8 bagian dan harganya ialah Rp. 84,- Berapakah harga anggur itu jika botol itu hanya terisi 1/2 penuh?</p>;<p>96. Didalam suatu keluarga setiap anak perempuan mempunyai jumlah saudara laki-laki yang sama dengan jumlah saudara perempuan dan setiap anak laki-laki mempunyai dua kali lebih banyak saudara perempuan dari pada saudara laki laki. Berapa anak laki-laki', '13:35 rupiah:N,14:280:N,15:205:N,16:26 hari:N,17:30:N,18:70 m:N,19:45 m:N,21:50:N,22:84:N,23:78:N,24:19:N,25:6 g:N,26:75:N,27:90 m:N,28:120:N,29:30:N,30:20:N,32:12:N,33:1:N,34:23:N', 5, 25.00, 100.00, '2025-01-22 13:55:40', '2025-01-22 14:05:40', 'N'),
(496, 17, 66, '<p>97)   6   9  12  15  18  21  24  ?</p>;<p>98)     15  16  18  19  21  22  24  ?</p>;<p>99)     19  18  22  21  25  24  28  ?</p>;<p>100)     16  12  17  13  18  14  19  ?</p>;<p>101)     2  4  8  10  20  22  44  ?</p>;<p>102)     15  13  16  12  17  11  18  ?</p>;<p>103)     25  22  11  33  30  15  45  ?</p>;<p>104)     49  51  54  27  9  11  14  ?</p>;<p>105)     2  3  1  3  4  2  4  ?</p>;<p>106)     19  17  20  16  21  15  22  ?</p>;<p>107)     94  92  46  44  22  20  10  ?</p>;<p>108)      5   8   9   8   11  12   11   ?</p>;<p>109)      12   15   19   23   28   33   39   ?</p>;<p>110)      7   5   10   7   21   17   68   ?</p>;<p>111)      11  15   18   9   13   16   8   ?</p>;<p>112)      3   8   15   24   35   48   63   ?</p>;<p>113)      4  5  7   4   8   13   7   ?</p>;<p>114)       8   5   15   18   6   3   9   ?</p>;<p>115)      15   6   18   10   30   23   69   ?</p>;<p>116)       5   35   28   4   11   77   70  ?</p>', '35:27:N,36:25, 27:N,37:27, 31:N,38:15, 20:N,39:46:N,40:10, 19:N,41:42:N,42:7, 119:N,43:1, :N,44:14, 23:N,45:8:N,46:14, 15:N,47:45:N,48:63:N,49:12:N,50:80,99:N,51:14, 22:N,52:12:N,53:37,82:N,54:10:N', 16, 51.00, 80.00, '2025-01-22 14:06:04', '2025-01-22 14:16:04', 'N'),
(497, 21, 69, '<p>61) mawar - melati</p>;<p>62) mata-telinga</p>;<p>63) Gula-Intan</p>;<p>64) Hujan-Salju</p>;<p>65) Pengantar surat-Telepon</p>;<p>66) Kamera-Kacamata</p>;<p>67) Lambung-Usus</p>;<p>68) Banyak-sedikit</p>;<p>69) Telur-Benih</p>;<p>70) Bendera-Lencana</p>;<p>71) Rumput-Gajah</p>;<p>72) Ember-Kantong</p>;<p>73) Awal-Akhir</p>;<p>74) Kikir-Boros</p>;<p>75) Penawaran-Permintaan</p>;<p>76) Atas-Bawah</p>', '55:bunga:N,56:panca indera:N,57:butiran:N,58:cuaca:N,59:kurir:N,60:alat melihat:N,61:alat pencernaan:N,62:jumlah:N,63:bibit:N,64:tanda kebesaran:N,65:jenis:N,66:wadah:N,67:alfa omega:N,68:sifat:N,69:hukum ekonomi:N,70:letak:N', 0, 0.00, 100.00, '2025-01-22 17:44:12', '2025-01-22 17:52:12', 'N'),
(498, 15, 69, '<p>77. Jika seorang anak memiliki 50 rupiah dan memberikan 15 rupiah kepada orang lain ,berapa rupiahkah yang masih tinggal padanya?</p>;<p>78. Berapa km-kah yang dapat ditempuh oleh kereta api dalam waktu 7 jam ,jika kecepatanya 40 km/jam?</p>;<p>79. 15 Peti buah -buahan beratnya 250 kg dan setiap peti kosong beratnya 3 kg, berapakah berat buah-buahan itu?</p>;<p>80. Seseorang mempunyai persediaan rumput yang cukup untuk 7 ekor kuda selama 78 hari. Berapa harikah persediaan itu cukup untuk 21 ekor kuda?</p>;<p>81. 3 Batang coklat harganya Rp. 5,- berapa batangkah yang dapat kita beli dengan Rp. 50,-?</p>;<p xss=removed>82. Seseorang dapat berjalan 1,75 m dalam waktu 1/4 detik.Berapa meterkah yang dapat ia tampuh dalam waktu 10 detik?</p>;<p>83. Jika sebuah batu terletak 15 m disebelah selatan dari sebatang pohon dan pohon itu berada 30 m disebelah selatan dari sebuah rumah, berapa meterkah jarak antara batu dan rumah itu?</p>;<p xss=removed>84. Jika 4 <sup>1/2</sup> m bahan sandang harganya Rp.90,-berapa rupiahkah harganya 2 <sup>1/2</sup> m?</p>;<p>85. 7 Orang dapat menyelesaikan sesuatu pekerjaan dalam 6 hari. Berapa orangkah yang diperlukan untuk menyelesaikan pekerjaan itu dalam setengah hari?</p>;<p>86. Karena dipanaskan, kawat yang panjangnya 48 cm akan mengembang menjadi 52 cm. Setelah pemanasan, berapakah panjangnya kawat yang berukuran 72 cm?</p>;<p>87. Suatu pabrik dapat menghasilkan 304 batang pensiun dalam waktu 8 jam. Berapa batangkah yang dihasilkan dalam waktu setengah jam?</p>;<p>88. Untuk suatu campuran diperlukan 2 bagian perak dan 3 bagian timah. Berapa gramkah perak yang diperlukan untuk mendapatkan campuran itu yang beratnya 15 gram?</p>;<p>89. Untuk setiap Rp. 3,- yang dimiliki Sidin, Hamid memiliki Rp.5,- Jika mereka bersama mempunyai Rp.120,- berapa rupiahkah yang dimiliki Hamid?</p>;<p>90. Mesin A menenun 60 m kain, sedangkan mesin B menenun 40 m. Berapa meterkah yang ditenun mesin A, jika mesin B menenun 60 m?</p>;<p>91. Seseorang membelikan <sup>1/10 </sup>dari uangnya untuk perangko dan 4 kali jumlah itu untuk alat tulis. Sisa uangnya masih Rp.60,- Berapa rupiahkah uangnya semula?</p>;<p>92. Didalam dua peti terdapat 43 buah piring. Di dalam peti yang satu terdapat 9 buah piring lebih banyak dari pada di dalam peti yang lain. Berapa buah piring terdapat didalam peti yang lebih kecil?</p>;<p>93. Suatu lembaran kain yang panjangnya 60 cm harus dibagi sedemikian rupa sehingga panjangmya satu bagian ialah <span xss=removed>2/3</span>dari bagian yang lain. Berapa panjangnya bagian yang terpendek?</p>;<p>94. Suatu perusahaan mengekspor 3/4 dari hasil produksinya dan menjual 4/5 dari sisa itu didalam Negeri. Berapa % kah hasil produksi yang masih tinggal?</p>;<p>95. Jika suatu botol berisi anggur hanya 7/8 bagian dan harganya ialah Rp. 84,- Berapakah harga anggur itu jika botol itu hanya terisi 1/2 penuh?</p>;<p>96. Didalam suatu keluarga setiap anak perempuan mempunyai jumlah saudara laki-laki yang sama dengan jumlah saudara perempuan dan setiap anak laki-laki mempunyai dua kali lebih banyak saudara perempuan dari pada saudara laki laki. Berapa anak laki-laki', '13:35:N,14:280:N,15:50:N,16:234:N,17:30:N,18:4.375:N,19:45:N,21:45:N,22:1:N,23:76:N,24:19:N,25:5:N,26::N,27::N,28::N,29::N,30::N,32::N,33::N,34::N', 4, 20.00, 100.00, '2025-01-22 17:47:26', '2025-01-22 17:57:26', 'N'),
(499, 17, 69, '<p>97)   6   9  12  15  18  21  24  ?</p>;<p>98)     15  16  18  19  21  22  24  ?</p>;<p>99)     19  18  22  21  25  24  28  ?</p>;<p>100)     16  12  17  13  18  14  19  ?</p>;<p>101)     2  4  8  10  20  22  44  ?</p>;<p>102)     15  13  16  12  17  11  18  ?</p>;<p>103)     25  22  11  33  30  15  45  ?</p>;<p>104)     49  51  54  27  9  11  14  ?</p>;<p>105)     2  3  1  3  4  2  4  ?</p>;<p>106)     19  17  20  16  21  15  22  ?</p>;<p>107)     94  92  46  44  22  20  10  ?</p>;<p>108)      5   8   9   8   11  12   11   ?</p>;<p>109)      12   15   19   23   28   33   39   ?</p>;<p>110)      7   5   10   7   21   17   68   ?</p>;<p>111)      11  15   18   9   13   16   8   ?</p>;<p>112)      3   8   15   24   35   48   63   ?</p>;<p>113)      4  5  7   4   8   13   7   ?</p>;<p>114)       8   5   15   18   6   3   9   ?</p>;<p>115)      15   6   18   10   30   23   69   ?</p>;<p>116)       5   35   28   4   11   77   70  ?</p>', '35:27:N,36:25:N,37:27:N,38:14:N,39:46:N,40:10:N,41:42:N,42:7:N,43:5:N,44:14:N,45:8:N,46:12:N,47::N,48::N,49::N,50::N,51::N,52::N,53::N,54::N', 9, 45.00, 100.00, '2025-01-22 17:57:47', '2025-01-22 18:07:47', 'N'),
(500, 21, 68, '<p>61) mawar - melati</p>;<p>62) mata-telinga</p>;<p>63) Gula-Intan</p>;<p>64) Hujan-Salju</p>;<p>65) Pengantar surat-Telepon</p>;<p>66) Kamera-Kacamata</p>;<p>67) Lambung-Usus</p>;<p>68) Banyak-sedikit</p>;<p>69) Telur-Benih</p>;<p>70) Bendera-Lencana</p>;<p>71) Rumput-Gajah</p>;<p>72) Ember-Kantong</p>;<p>73) Awal-Akhir</p>;<p>74) Kikir-Boros</p>;<p>75) Penawaran-Permintaan</p>;<p>76) Atas-Bawah</p>', '55:bunga:N,56:indra:N,57:permata:N,58:dingin:N,59:informasi:N,60:lensa:N,61:organ:N,62:jumlah:N,63:bibit:N,64:lambang:N,65:makhluk hidup:N,66:wadah:N,67:cerita:N,68:sifat:N,69:negosiasi:N,70:wilayah:N', 0, 0.00, 100.00, '2025-01-22 21:57:25', '2025-01-22 22:05:25', 'N'),
(501, 15, 68, '<p>77. Jika seorang anak memiliki 50 rupiah dan memberikan 15 rupiah kepada orang lain ,berapa rupiahkah yang masih tinggal padanya?</p>;<p>78. Berapa km-kah yang dapat ditempuh oleh kereta api dalam waktu 7 jam ,jika kecepatanya 40 km/jam?</p>;<p>79. 15 Peti buah -buahan beratnya 250 kg dan setiap peti kosong beratnya 3 kg, berapakah berat buah-buahan itu?</p>;<p>80. Seseorang mempunyai persediaan rumput yang cukup untuk 7 ekor kuda selama 78 hari. Berapa harikah persediaan itu cukup untuk 21 ekor kuda?</p>;<p>81. 3 Batang coklat harganya Rp. 5,- berapa batangkah yang dapat kita beli dengan Rp. 50,-?</p>;<p xss=removed>82. Seseorang dapat berjalan 1,75 m dalam waktu 1/4 detik.Berapa meterkah yang dapat ia tampuh dalam waktu 10 detik?</p>;<p>83. Jika sebuah batu terletak 15 m disebelah selatan dari sebatang pohon dan pohon itu berada 30 m disebelah selatan dari sebuah rumah, berapa meterkah jarak antara batu dan rumah itu?</p>;<p xss=removed>84. Jika 4 <sup>1/2</sup> m bahan sandang harganya Rp.90,-berapa rupiahkah harganya 2 <sup>1/2</sup> m?</p>;<p>85. 7 Orang dapat menyelesaikan sesuatu pekerjaan dalam 6 hari. Berapa orangkah yang diperlukan untuk menyelesaikan pekerjaan itu dalam setengah hari?</p>;<p>86. Karena dipanaskan, kawat yang panjangnya 48 cm akan mengembang menjadi 52 cm. Setelah pemanasan, berapakah panjangnya kawat yang berukuran 72 cm?</p>;<p>87. Suatu pabrik dapat menghasilkan 304 batang pensiun dalam waktu 8 jam. Berapa batangkah yang dihasilkan dalam waktu setengah jam?</p>;<p>88. Untuk suatu campuran diperlukan 2 bagian perak dan 3 bagian timah. Berapa gramkah perak yang diperlukan untuk mendapatkan campuran itu yang beratnya 15 gram?</p>;<p>89. Untuk setiap Rp. 3,- yang dimiliki Sidin, Hamid memiliki Rp.5,- Jika mereka bersama mempunyai Rp.120,- berapa rupiahkah yang dimiliki Hamid?</p>;<p>90. Mesin A menenun 60 m kain, sedangkan mesin B menenun 40 m. Berapa meterkah yang ditenun mesin A, jika mesin B menenun 60 m?</p>;<p>91. Seseorang membelikan <sup>1/10 </sup>dari uangnya untuk perangko dan 4 kali jumlah itu untuk alat tulis. Sisa uangnya masih Rp.60,- Berapa rupiahkah uangnya semula?</p>;<p>92. Didalam dua peti terdapat 43 buah piring. Di dalam peti yang satu terdapat 9 buah piring lebih banyak dari pada di dalam peti yang lain. Berapa buah piring terdapat didalam peti yang lebih kecil?</p>;<p>93. Suatu lembaran kain yang panjangnya 60 cm harus dibagi sedemikian rupa sehingga panjangmya satu bagian ialah <span xss=removed>2/3</span>dari bagian yang lain. Berapa panjangnya bagian yang terpendek?</p>;<p>94. Suatu perusahaan mengekspor 3/4 dari hasil produksinya dan menjual 4/5 dari sisa itu didalam Negeri. Berapa % kah hasil produksi yang masih tinggal?</p>;<p>95. Jika suatu botol berisi anggur hanya 7/8 bagian dan harganya ialah Rp. 84,- Berapakah harga anggur itu jika botol itu hanya terisi 1/2 penuh?</p>;<p>96. Didalam suatu keluarga setiap anak perempuan mempunyai jumlah saudara laki-laki yang sama dengan jumlah saudara perempuan dan setiap anak laki-laki mempunyai dua kali lebih banyak saudara perempuan dari pada saudara laki laki. Berapa anak laki-laki', '13:35:N,14:280:N,15:205:N,16:84:N,17:83:N,18:70:N,19::N,21:50:N,22:0.58:N,23:66.4:N,24:19:N,25::N,26::N,27::N,28::N,29::N,30::N,32::N,33::N,34::N', 4, 20.00, 100.00, '2025-01-22 22:00:51', '2025-01-22 22:10:51', 'N'),
(502, 17, 68, '<p>97)   6   9  12  15  18  21  24  ?</p>;<p>98)     15  16  18  19  21  22  24  ?</p>;<p>99)     19  18  22  21  25  24  28  ?</p>;<p>100)     16  12  17  13  18  14  19  ?</p>;<p>101)     2  4  8  10  20  22  44  ?</p>;<p>102)     15  13  16  12  17  11  18  ?</p>;<p>103)     25  22  11  33  30  15  45  ?</p>;<p>104)     49  51  54  27  9  11  14  ?</p>;<p>105)     2  3  1  3  4  2  4  ?</p>;<p>106)     19  17  20  16  21  15  22  ?</p>;<p>107)     94  92  46  44  22  20  10  ?</p>;<p>108)      5   8   9   8   11  12   11   ?</p>;<p>109)      12   15   19   23   28   33   39   ?</p>;<p>110)      7   5   10   7   21   17   68   ?</p>;<p>111)      11  15   18   9   13   16   8   ?</p>;<p>112)      3   8   15   24   35   48   63   ?</p>;<p>113)      4  5  7   4   8   13   7   ?</p>;<p>114)       8   5   15   18   6   3   9   ?</p>;<p>115)      15   6   18   10   30   23   69   ?</p>;<p>116)       5   35   28   4   11   77   70  ?</p>', '35:27:N,36:25:N,37:27:N,38:15:N,39:46:N,40:12:N,41:42:N,42::N,43:1:N,44:15:N,45:8:N,46:14:N,47:42:N,48:63:N,49:12:N,50::N,51:8:N,52:3:N,53:58:N,54::N', 8, 40.00, 100.00, '2025-01-22 22:11:40', '2025-01-22 22:21:40', 'N'),
(503, 21, 67, '<p>61) mawar - melati</p>;<p>62) mata-telinga</p>;<p>63) Gula-Intan</p>;<p>64) Hujan-Salju</p>;<p>65) Pengantar surat-Telepon</p>;<p>66) Kamera-Kacamata</p>;<p>67) Lambung-Usus</p>;<p>68) Banyak-sedikit</p>;<p>69) Telur-Benih</p>;<p>70) Bendera-Lencana</p>;<p>71) Rumput-Gajah</p>;<p>72) Ember-Kantong</p>;<p>73) Awal-Akhir</p>;<p>74) Kikir-Boros</p>;<p>75) Penawaran-Permintaan</p>;<p>76) Atas-Bawah</p>', '55:Bunga:N,56:Panca Indra:N,57:Mengkilap:N,58:Cuaca:N,59:Komunikasi:N,60:Lensa:N,61:Organ pencernaan:N,62:Takaran:N,63:Hasil:N,64:Tanda Pengenal:N,65:Makhluk Hidup:N,66:Wadah:N,67:Fase:N,68:Sifat:N,69:Ekonomi:N,70:Posisi:N', 0, 0.00, 100.00, '2025-01-22 22:18:56', '2025-01-22 22:26:56', 'N'),
(504, 15, 67, '<p>77. Jika seorang anak memiliki 50 rupiah dan memberikan 15 rupiah kepada orang lain ,berapa rupiahkah yang masih tinggal padanya?</p>;<p>78. Berapa km-kah yang dapat ditempuh oleh kereta api dalam waktu 7 jam ,jika kecepatanya 40 km/jam?</p>;<p>79. 15 Peti buah -buahan beratnya 250 kg dan setiap peti kosong beratnya 3 kg, berapakah berat buah-buahan itu?</p>;<p>80. Seseorang mempunyai persediaan rumput yang cukup untuk 7 ekor kuda selama 78 hari. Berapa harikah persediaan itu cukup untuk 21 ekor kuda?</p>;<p>81. 3 Batang coklat harganya Rp. 5,- berapa batangkah yang dapat kita beli dengan Rp. 50,-?</p>;<p xss=removed>82. Seseorang dapat berjalan 1,75 m dalam waktu 1/4 detik.Berapa meterkah yang dapat ia tampuh dalam waktu 10 detik?</p>;<p>83. Jika sebuah batu terletak 15 m disebelah selatan dari sebatang pohon dan pohon itu berada 30 m disebelah selatan dari sebuah rumah, berapa meterkah jarak antara batu dan rumah itu?</p>;<p xss=removed>84. Jika 4 <sup>1/2</sup> m bahan sandang harganya Rp.90,-berapa rupiahkah harganya 2 <sup>1/2</sup> m?</p>;<p>85. 7 Orang dapat menyelesaikan sesuatu pekerjaan dalam 6 hari. Berapa orangkah yang diperlukan untuk menyelesaikan pekerjaan itu dalam setengah hari?</p>;<p>86. Karena dipanaskan, kawat yang panjangnya 48 cm akan mengembang menjadi 52 cm. Setelah pemanasan, berapakah panjangnya kawat yang berukuran 72 cm?</p>;<p>87. Suatu pabrik dapat menghasilkan 304 batang pensiun dalam waktu 8 jam. Berapa batangkah yang dihasilkan dalam waktu setengah jam?</p>;<p>88. Untuk suatu campuran diperlukan 2 bagian perak dan 3 bagian timah. Berapa gramkah perak yang diperlukan untuk mendapatkan campuran itu yang beratnya 15 gram?</p>;<p>89. Untuk setiap Rp. 3,- yang dimiliki Sidin, Hamid memiliki Rp.5,- Jika mereka bersama mempunyai Rp.120,- berapa rupiahkah yang dimiliki Hamid?</p>;<p>90. Mesin A menenun 60 m kain, sedangkan mesin B menenun 40 m. Berapa meterkah yang ditenun mesin A, jika mesin B menenun 60 m?</p>;<p>91. Seseorang membelikan <sup>1/10 </sup>dari uangnya untuk perangko dan 4 kali jumlah itu untuk alat tulis. Sisa uangnya masih Rp.60,- Berapa rupiahkah uangnya semula?</p>;<p>92. Didalam dua peti terdapat 43 buah piring. Di dalam peti yang satu terdapat 9 buah piring lebih banyak dari pada di dalam peti yang lain. Berapa buah piring terdapat didalam peti yang lebih kecil?</p>;<p>93. Suatu lembaran kain yang panjangnya 60 cm harus dibagi sedemikian rupa sehingga panjangmya satu bagian ialah <span xss=removed>2/3</span>dari bagian yang lain. Berapa panjangnya bagian yang terpendek?</p>;<p>94. Suatu perusahaan mengekspor 3/4 dari hasil produksinya dan menjual 4/5 dari sisa itu didalam Negeri. Berapa % kah hasil produksi yang masih tinggal?</p>;<p>95. Jika suatu botol berisi anggur hanya 7/8 bagian dan harganya ialah Rp. 84,- Berapakah harga anggur itu jika botol itu hanya terisi 1/2 penuh?</p>;<p>96. Didalam suatu keluarga setiap anak perempuan mempunyai jumlah saudara laki-laki yang sama dengan jumlah saudara perempuan dan setiap anak laki-laki mempunyai dua kali lebih banyak saudara perempuan dari pada saudara laki laki. Berapa anak laki-laki', '13:35:N,14:280:N,15::N,16::N,17:30:N,18:70:N,19:45:N,21:45:N,22::N,23:76:N,24::N,25::N,26::N,27:80:N,28::N,29::N,30::N,32::N,33::N,34::N', 5, 25.00, 100.00, '2025-01-22 22:25:46', '2025-01-22 22:35:46', 'N'),
(505, 17, 67, '<p>97)   6   9  12  15  18  21  24  ?</p>;<p>98)     15  16  18  19  21  22  24  ?</p>;<p>99)     19  18  22  21  25  24  28  ?</p>;<p>100)     16  12  17  13  18  14  19  ?</p>;<p>101)     2  4  8  10  20  22  44  ?</p>;<p>102)     15  13  16  12  17  11  18  ?</p>;<p>103)     25  22  11  33  30  15  45  ?</p>;<p>104)     49  51  54  27  9  11  14  ?</p>;<p>105)     2  3  1  3  4  2  4  ?</p>;<p>106)     19  17  20  16  21  15  22  ?</p>;<p>107)     94  92  46  44  22  20  10  ?</p>;<p>108)      5   8   9   8   11  12   11   ?</p>;<p>109)      12   15   19   23   28   33   39   ?</p>;<p>110)      7   5   10   7   21   17   68   ?</p>;<p>111)      11  15   18   9   13   16   8   ?</p>;<p>112)      3   8   15   24   35   48   63   ?</p>;<p>113)      4  5  7   4   8   13   7   ?</p>;<p>114)       8   5   15   18   6   3   9   ?</p>;<p>115)      15   6   18   10   30   23   69   ?</p>;<p>116)       5   35   28   4   11   77   70  ?</p>', '35:27:N,36:25:N,37:27:N,38:15:N,39:46:N,40:10:N,41:42:N,42:7:N,43::N,44:14:N,45:8:N,46::N,47:45:N,48:63:N,49:12:N,50:80:N,51:14:N,52::N,53::N,54::N', 13, 65.00, 100.00, '2025-01-22 22:37:36', '2025-01-22 22:47:36', 'N'),
(506, 21, 63, '<p>61) mawar - melati</p>;<p>62) mata-telinga</p>;<p>63) Gula-Intan</p>;<p>64) Hujan-Salju</p>;<p>65) Pengantar surat-Telepon</p>;<p>66) Kamera-Kacamata</p>;<p>67) Lambung-Usus</p>;<p>68) Banyak-sedikit</p>;<p>69) Telur-Benih</p>;<p>70) Bendera-Lencana</p>;<p>71) Rumput-Gajah</p>;<p>72) Ember-Kantong</p>;<p>73) Awal-Akhir</p>;<p>74) Kikir-Boros</p>;<p>75) Penawaran-Permintaan</p>;<p>76) Atas-Bawah</p>', '55:Bunga:N,56:Indera:N,57:Kristal:N,58:Musim:N,59:Komunikasi :N,60:Lensa:N,61:Organ:N,62:Jumlah:N,63:Bibit:N,64:Lambang :N,65:Organisme :N,66:Wadah:N,67:Batas:N,68:Sifat :N,69:Pasar:N,70:Posisi:N', 0, 0.00, 100.00, '2025-01-23 08:46:26', '2025-01-23 08:54:26', 'N'),
(507, 15, 63, '<p>77. Jika seorang anak memiliki 50 rupiah dan memberikan 15 rupiah kepada orang lain ,berapa rupiahkah yang masih tinggal padanya?</p>;<p>78. Berapa km-kah yang dapat ditempuh oleh kereta api dalam waktu 7 jam ,jika kecepatanya 40 km/jam?</p>;<p>79. 15 Peti buah -buahan beratnya 250 kg dan setiap peti kosong beratnya 3 kg, berapakah berat buah-buahan itu?</p>;<p>80. Seseorang mempunyai persediaan rumput yang cukup untuk 7 ekor kuda selama 78 hari. Berapa harikah persediaan itu cukup untuk 21 ekor kuda?</p>;<p>81. 3 Batang coklat harganya Rp. 5,- berapa batangkah yang dapat kita beli dengan Rp. 50,-?</p>;<p xss=removed>82. Seseorang dapat berjalan 1,75 m dalam waktu 1/4 detik.Berapa meterkah yang dapat ia tampuh dalam waktu 10 detik?</p>;<p>83. Jika sebuah batu terletak 15 m disebelah selatan dari sebatang pohon dan pohon itu berada 30 m disebelah selatan dari sebuah rumah, berapa meterkah jarak antara batu dan rumah itu?</p>;<p xss=removed>84. Jika 4 <sup>1/2</sup> m bahan sandang harganya Rp.90,-berapa rupiahkah harganya 2 <sup>1/2</sup> m?</p>;<p>85. 7 Orang dapat menyelesaikan sesuatu pekerjaan dalam 6 hari. Berapa orangkah yang diperlukan untuk menyelesaikan pekerjaan itu dalam setengah hari?</p>;<p>86. Karena dipanaskan, kawat yang panjangnya 48 cm akan mengembang menjadi 52 cm. Setelah pemanasan, berapakah panjangnya kawat yang berukuran 72 cm?</p>;<p>87. Suatu pabrik dapat menghasilkan 304 batang pensiun dalam waktu 8 jam. Berapa batangkah yang dihasilkan dalam waktu setengah jam?</p>;<p>88. Untuk suatu campuran diperlukan 2 bagian perak dan 3 bagian timah. Berapa gramkah perak yang diperlukan untuk mendapatkan campuran itu yang beratnya 15 gram?</p>;<p>89. Untuk setiap Rp. 3,- yang dimiliki Sidin, Hamid memiliki Rp.5,- Jika mereka bersama mempunyai Rp.120,- berapa rupiahkah yang dimiliki Hamid?</p>;<p>90. Mesin A menenun 60 m kain, sedangkan mesin B menenun 40 m. Berapa meterkah yang ditenun mesin A, jika mesin B menenun 60 m?</p>;<p>91. Seseorang membelikan <sup>1/10 </sup>dari uangnya untuk perangko dan 4 kali jumlah itu untuk alat tulis. Sisa uangnya masih Rp.60,- Berapa rupiahkah uangnya semula?</p>;<p>92. Didalam dua peti terdapat 43 buah piring. Di dalam peti yang satu terdapat 9 buah piring lebih banyak dari pada di dalam peti yang lain. Berapa buah piring terdapat didalam peti yang lebih kecil?</p>;<p>93. Suatu lembaran kain yang panjangnya 60 cm harus dibagi sedemikian rupa sehingga panjangmya satu bagian ialah <span xss=removed>2/3</span>dari bagian yang lain. Berapa panjangnya bagian yang terpendek?</p>;<p>94. Suatu perusahaan mengekspor 3/4 dari hasil produksinya dan menjual 4/5 dari sisa itu didalam Negeri. Berapa % kah hasil produksi yang masih tinggal?</p>;<p>95. Jika suatu botol berisi anggur hanya 7/8 bagian dan harganya ialah Rp. 84,- Berapakah harga anggur itu jika botol itu hanya terisi 1/2 penuh?</p>;<p>96. Didalam suatu keluarga setiap anak perempuan mempunyai jumlah saudara laki-laki yang sama dengan jumlah saudara perempuan dan setiap anak laki-laki mempunyai dua kali lebih banyak saudara perempuan dari pada saudara laki laki. Berapa anak laki-laki', '13:35:N,14:280:N,15::N,16::N,17:30:N,18:7:N,19:45:N,21:50:N,22:1:N,23:76:N,24:19:N,25::N,26::N,27::N,28::N,29::N,30::N,32::N,33::N,34::N', 5, 25.00, 100.00, '2025-01-23 08:49:50', '2025-01-23 08:59:50', 'N'),
(508, 17, 63, '<p>97)   6   9  12  15  18  21  24  ?</p>;<p>98)     15  16  18  19  21  22  24  ?</p>;<p>99)     19  18  22  21  25  24  28  ?</p>;<p>100)     16  12  17  13  18  14  19  ?</p>;<p>101)     2  4  8  10  20  22  44  ?</p>;<p>102)     15  13  16  12  17  11  18  ?</p>;<p>103)     25  22  11  33  30  15  45  ?</p>;<p>104)     49  51  54  27  9  11  14  ?</p>;<p>105)     2  3  1  3  4  2  4  ?</p>;<p>106)     19  17  20  16  21  15  22  ?</p>;<p>107)     94  92  46  44  22  20  10  ?</p>;<p>108)      5   8   9   8   11  12   11   ?</p>;<p>109)      12   15   19   23   28   33   39   ?</p>;<p>110)      7   5   10   7   21   17   68   ?</p>;<p>111)      11  15   18   9   13   16   8   ?</p>;<p>112)      3   8   15   24   35   48   63   ?</p>;<p>113)      4  5  7   4   8   13   7   ?</p>;<p>114)       8   5   15   18   6   3   9   ?</p>;<p>115)      15   6   18   10   30   23   69   ?</p>;<p>116)       5   35   28   4   11   77   70  ?</p>', '35:27:N,36:25:N,37:27:N,38:14:N,39:46:N,40:10:N,41:42:N,42::N,43::N,44::N,45::N,46::N,47::N,48::N,49::N,50::N,51::N,52::N,53::N,54::N', 5, 25.00, 100.00, '2025-01-23 09:00:23', '2025-01-23 09:10:23', 'N'),
(509, 21, 65, '<p>61) mawar - melati</p>;<p>62) mata-telinga</p>;<p>63) Gula-Intan</p>;<p>64) Hujan-Salju</p>;<p>65) Pengantar surat-Telepon</p>;<p>66) Kamera-Kacamata</p>;<p>67) Lambung-Usus</p>;<p>68) Banyak-sedikit</p>;<p>69) Telur-Benih</p>;<p>70) Bendera-Lencana</p>;<p>71) Rumput-Gajah</p>;<p>72) Ember-Kantong</p>;<p>73) Awal-Akhir</p>;<p>74) Kikir-Boros</p>;<p>75) Penawaran-Permintaan</p>;<p>76) Atas-Bawah</p>', '55:Bunga:N,56:Indra:N,57:Rasa:N,58:Musim:N,59:Komunukasi:N,60:Visual:N,61:Pencernaan:N,62:Jumlah:N,63:Anak:N,64:Pengenal:N,65:Kebutuhan:N,66:Wadah:N,67:Proses:N,68:Sifat:N,69:Transaksi:N,70:Letak:N', 0, 0.00, 100.00, '2025-01-23 11:15:59', '2025-01-23 11:23:59', 'N'),
(510, 15, 65, '<p>77. Jika seorang anak memiliki 50 rupiah dan memberikan 15 rupiah kepada orang lain ,berapa rupiahkah yang masih tinggal padanya?</p>;<p>78. Berapa km-kah yang dapat ditempuh oleh kereta api dalam waktu 7 jam ,jika kecepatanya 40 km/jam?</p>;<p>79. 15 Peti buah -buahan beratnya 250 kg dan setiap peti kosong beratnya 3 kg, berapakah berat buah-buahan itu?</p>;<p>80. Seseorang mempunyai persediaan rumput yang cukup untuk 7 ekor kuda selama 78 hari. Berapa harikah persediaan itu cukup untuk 21 ekor kuda?</p>;<p>81. 3 Batang coklat harganya Rp. 5,- berapa batangkah yang dapat kita beli dengan Rp. 50,-?</p>;<p xss=removed>82. Seseorang dapat berjalan 1,75 m dalam waktu 1/4 detik.Berapa meterkah yang dapat ia tampuh dalam waktu 10 detik?</p>;<p>83. Jika sebuah batu terletak 15 m disebelah selatan dari sebatang pohon dan pohon itu berada 30 m disebelah selatan dari sebuah rumah, berapa meterkah jarak antara batu dan rumah itu?</p>;<p xss=removed>84. Jika 4 <sup>1/2</sup> m bahan sandang harganya Rp.90,-berapa rupiahkah harganya 2 <sup>1/2</sup> m?</p>;<p>85. 7 Orang dapat menyelesaikan sesuatu pekerjaan dalam 6 hari. Berapa orangkah yang diperlukan untuk menyelesaikan pekerjaan itu dalam setengah hari?</p>;<p>86. Karena dipanaskan, kawat yang panjangnya 48 cm akan mengembang menjadi 52 cm. Setelah pemanasan, berapakah panjangnya kawat yang berukuran 72 cm?</p>;<p>87. Suatu pabrik dapat menghasilkan 304 batang pensiun dalam waktu 8 jam. Berapa batangkah yang dihasilkan dalam waktu setengah jam?</p>;<p>88. Untuk suatu campuran diperlukan 2 bagian perak dan 3 bagian timah. Berapa gramkah perak yang diperlukan untuk mendapatkan campuran itu yang beratnya 15 gram?</p>;<p>89. Untuk setiap Rp. 3,- yang dimiliki Sidin, Hamid memiliki Rp.5,- Jika mereka bersama mempunyai Rp.120,- berapa rupiahkah yang dimiliki Hamid?</p>;<p>90. Mesin A menenun 60 m kain, sedangkan mesin B menenun 40 m. Berapa meterkah yang ditenun mesin A, jika mesin B menenun 60 m?</p>;<p>91. Seseorang membelikan <sup>1/10 </sup>dari uangnya untuk perangko dan 4 kali jumlah itu untuk alat tulis. Sisa uangnya masih Rp.60,- Berapa rupiahkah uangnya semula?</p>;<p>92. Didalam dua peti terdapat 43 buah piring. Di dalam peti yang satu terdapat 9 buah piring lebih banyak dari pada di dalam peti yang lain. Berapa buah piring terdapat didalam peti yang lebih kecil?</p>;<p>93. Suatu lembaran kain yang panjangnya 60 cm harus dibagi sedemikian rupa sehingga panjangmya satu bagian ialah <span xss=removed>2/3</span>dari bagian yang lain. Berapa panjangnya bagian yang terpendek?</p>;<p>94. Suatu perusahaan mengekspor 3/4 dari hasil produksinya dan menjual 4/5 dari sisa itu didalam Negeri. Berapa % kah hasil produksi yang masih tinggal?</p>;<p>95. Jika suatu botol berisi anggur hanya 7/8 bagian dan harganya ialah Rp. 84,- Berapakah harga anggur itu jika botol itu hanya terisi 1/2 penuh?</p>;<p>96. Didalam suatu keluarga setiap anak perempuan mempunyai jumlah saudara laki-laki yang sama dengan jumlah saudara perempuan dan setiap anak laki-laki mempunyai dua kali lebih banyak saudara perempuan dari pada saudara laki laki. Berapa anak laki-laki', '13:35:N,14:28:N,15:205:N,16:26:N,17:30:N,18:70:N,19:45:N,21:50:N,22:84:N,23:76:N,24:19:N,25:6:N,26:1:N,27::N,28::N,29::N,30::N,32::N,33::N,34::N', 7, 35.00, 100.00, '2025-01-23 11:19:55', '2025-01-23 11:29:55', 'N'),
(511, 17, 65, '<p>97)   6   9  12  15  18  21  24  ?</p>;<p>98)     15  16  18  19  21  22  24  ?</p>;<p>99)     19  18  22  21  25  24  28  ?</p>;<p>100)     16  12  17  13  18  14  19  ?</p>;<p>101)     2  4  8  10  20  22  44  ?</p>;<p>102)     15  13  16  12  17  11  18  ?</p>;<p>103)     25  22  11  33  30  15  45  ?</p>;<p>104)     49  51  54  27  9  11  14  ?</p>;<p>105)     2  3  1  3  4  2  4  ?</p>;<p>106)     19  17  20  16  21  15  22  ?</p>;<p>107)     94  92  46  44  22  20  10  ?</p>;<p>108)      5   8   9   8   11  12   11   ?</p>;<p>109)      12   15   19   23   28   33   39   ?</p>;<p>110)      7   5   10   7   21   17   68   ?</p>;<p>111)      11  15   18   9   13   16   8   ?</p>;<p>112)      3   8   15   24   35   48   63   ?</p>;<p>113)      4  5  7   4   8   13   7   ?</p>;<p>114)       8   5   15   18   6   3   9   ?</p>;<p>115)      15   6   18   10   30   23   69   ?</p>;<p>116)       5   35   28   4   11   77   70  ?</p>', '35:27:N,36:25:N,37:27:N,38:15:N,39:46:N,40:10:N,41:30:N,42:20:N,43:5:N,44:14:N,45:8:N,46:15:N,47:34:N,48:67:N,49:11:N,50:76:N,51:12:N,52:6:N,53::N,54::N', 9, 45.00, 100.00, '2025-01-23 11:30:26', '2025-01-23 11:40:26', 'N'),
(512, 21, 64, '<p>61) mawar - melati</p>;<p>62) mata-telinga</p>;<p>63) Gula-Intan</p>;<p>64) Hujan-Salju</p>;<p>65) Pengantar surat-Telepon</p>;<p>66) Kamera-Kacamata</p>;<p>67) Lambung-Usus</p>;<p>68) Banyak-sedikit</p>;<p>69) Telur-Benih</p>;<p>70) Bendera-Lencana</p>;<p>71) Rumput-Gajah</p>;<p>72) Ember-Kantong</p>;<p>73) Awal-Akhir</p>;<p>74) Kikir-Boros</p>;<p>75) Penawaran-Permintaan</p>;<p>76) Atas-Bawah</p>', '55:Bunga:N,56:Indera:N,57:kristal:N,58:musim:N,59:komunikasi:N,60:lensa:N,61:organ:N,62:jumlah:N,63:bibit:N,64:lambang:N,65:makhluk hidup:N,66:wadah:N,67:batas:N,68:sifat:N,69:pasar:N,70:posisi:N', 0, 0.00, 100.00, '2025-01-23 12:23:01', '2025-01-23 12:31:01', 'N'),
(513, 15, 64, '<p>77. Jika seorang anak memiliki 50 rupiah dan memberikan 15 rupiah kepada orang lain ,berapa rupiahkah yang masih tinggal padanya?</p>;<p>78. Berapa km-kah yang dapat ditempuh oleh kereta api dalam waktu 7 jam ,jika kecepatanya 40 km/jam?</p>;<p>79. 15 Peti buah -buahan beratnya 250 kg dan setiap peti kosong beratnya 3 kg, berapakah berat buah-buahan itu?</p>;<p>80. Seseorang mempunyai persediaan rumput yang cukup untuk 7 ekor kuda selama 78 hari. Berapa harikah persediaan itu cukup untuk 21 ekor kuda?</p>;<p>81. 3 Batang coklat harganya Rp. 5,- berapa batangkah yang dapat kita beli dengan Rp. 50,-?</p>;<p xss=removed>82. Seseorang dapat berjalan 1,75 m dalam waktu 1/4 detik.Berapa meterkah yang dapat ia tampuh dalam waktu 10 detik?</p>;<p>83. Jika sebuah batu terletak 15 m disebelah selatan dari sebatang pohon dan pohon itu berada 30 m disebelah selatan dari sebuah rumah, berapa meterkah jarak antara batu dan rumah itu?</p>;<p xss=removed>84. Jika 4 <sup>1/2</sup> m bahan sandang harganya Rp.90,-berapa rupiahkah harganya 2 <sup>1/2</sup> m?</p>;<p>85. 7 Orang dapat menyelesaikan sesuatu pekerjaan dalam 6 hari. Berapa orangkah yang diperlukan untuk menyelesaikan pekerjaan itu dalam setengah hari?</p>;<p>86. Karena dipanaskan, kawat yang panjangnya 48 cm akan mengembang menjadi 52 cm. Setelah pemanasan, berapakah panjangnya kawat yang berukuran 72 cm?</p>;<p>87. Suatu pabrik dapat menghasilkan 304 batang pensiun dalam waktu 8 jam. Berapa batangkah yang dihasilkan dalam waktu setengah jam?</p>;<p>88. Untuk suatu campuran diperlukan 2 bagian perak dan 3 bagian timah. Berapa gramkah perak yang diperlukan untuk mendapatkan campuran itu yang beratnya 15 gram?</p>;<p>89. Untuk setiap Rp. 3,- yang dimiliki Sidin, Hamid memiliki Rp.5,- Jika mereka bersama mempunyai Rp.120,- berapa rupiahkah yang dimiliki Hamid?</p>;<p>90. Mesin A menenun 60 m kain, sedangkan mesin B menenun 40 m. Berapa meterkah yang ditenun mesin A, jika mesin B menenun 60 m?</p>;<p>91. Seseorang membelikan <sup>1/10 </sup>dari uangnya untuk perangko dan 4 kali jumlah itu untuk alat tulis. Sisa uangnya masih Rp.60,- Berapa rupiahkah uangnya semula?</p>;<p>92. Didalam dua peti terdapat 43 buah piring. Di dalam peti yang satu terdapat 9 buah piring lebih banyak dari pada di dalam peti yang lain. Berapa buah piring terdapat didalam peti yang lebih kecil?</p>;<p>93. Suatu lembaran kain yang panjangnya 60 cm harus dibagi sedemikian rupa sehingga panjangmya satu bagian ialah <span xss=removed>2/3</span>dari bagian yang lain. Berapa panjangnya bagian yang terpendek?</p>;<p>94. Suatu perusahaan mengekspor 3/4 dari hasil produksinya dan menjual 4/5 dari sisa itu didalam Negeri. Berapa % kah hasil produksi yang masih tinggal?</p>;<p>95. Jika suatu botol berisi anggur hanya 7/8 bagian dan harganya ialah Rp. 84,- Berapakah harga anggur itu jika botol itu hanya terisi 1/2 penuh?</p>;<p>96. Didalam suatu keluarga setiap anak perempuan mempunyai jumlah saudara laki-laki yang sama dengan jumlah saudara perempuan dan setiap anak laki-laki mempunyai dua kali lebih banyak saudara perempuan dari pada saudara laki laki. Berapa anak laki-laki', '13:35:N,14:280:N,15:14:N,16:234:N,17:30:N,18:70:N,19:45:N,21:50:N,22:15:N,23:76:N,24:19:N,25:10:N,26:6:N,27:20:N,28::N,29::N,30::N,32::N,33::N,34::N', 6, 30.00, 100.00, '2025-01-23 12:26:33', '2025-01-23 12:36:33', 'N'),
(514, 17, 64, '<p>97)   6   9  12  15  18  21  24  ?</p>;<p>98)     15  16  18  19  21  22  24  ?</p>;<p>99)     19  18  22  21  25  24  28  ?</p>;<p>100)     16  12  17  13  18  14  19  ?</p>;<p>101)     2  4  8  10  20  22  44  ?</p>;<p>102)     15  13  16  12  17  11  18  ?</p>;<p>103)     25  22  11  33  30  15  45  ?</p>;<p>104)     49  51  54  27  9  11  14  ?</p>;<p>105)     2  3  1  3  4  2  4  ?</p>;<p>106)     19  17  20  16  21  15  22  ?</p>;<p>107)     94  92  46  44  22  20  10  ?</p>;<p>108)      5   8   9   8   11  12   11   ?</p>;<p>109)      12   15   19   23   28   33   39   ?</p>;<p>110)      7   5   10   7   21   17   68   ?</p>;<p>111)      11  15   18   9   13   16   8   ?</p>;<p>112)      3   8   15   24   35   48   63   ?</p>;<p>113)      4  5  7   4   8   13   7   ?</p>;<p>114)       8   5   15   18   6   3   9   ?</p>;<p>115)      15   6   18   10   30   23   69   ?</p>;<p>116)       5   35   28   4   11   77   70  ?</p>', '35:27:N,36:25:N,37:27:N,38:15:N,39:46:N,40:10:N,41:42:N,42:7:N,43:3:N,44:14:N,45:8:N,46:14:N,47:45:N,48:63:N,49:12:N,50:96:N,51:14:N,52:12:N,53::N,54:50:N', 14, 70.00, 100.00, '2025-01-23 12:37:00', '2025-01-23 12:47:00', 'N'),
(515, 21, 70, '<p>61) mawar - melati</p>;<p>62) mata-telinga</p>;<p>63) Gula-Intan</p>;<p>64) Hujan-Salju</p>;<p>65) Pengantar surat-Telepon</p>;<p>66) Kamera-Kacamata</p>;<p>67) Lambung-Usus</p>;<p>68) Banyak-sedikit</p>;<p>69) Telur-Benih</p>;<p>70) Bendera-Lencana</p>;<p>71) Rumput-Gajah</p>;<p>72) Ember-Kantong</p>;<p>73) Awal-Akhir</p>;<p>74) Kikir-Boros</p>;<p>75) Penawaran-Permintaan</p>;<p>76) Atas-Bawah</p>', '55:bunga:N,56:panca indera:N,57:kristal:N,58:musim:N,59:komunikasi:N,60:optik:N,61:alat pencernaan:N,62:jumlah:N,63:bibit:N,64:kotak:N,65:rmput:N,66:penyimpanan:N,67:waktu:N,68:sifat:N,69:barang:N,70:letak:N', 0, 0.00, 100.00, '2025-01-23 13:05:38', '2025-01-23 13:13:38', 'N');
INSERT INTO `h_ujian_essay` (`id`, `ujianessay_id`, `mahasiswa_id`, `list_soal`, `list_jawaban`, `jml_benar`, `nilai`, `nilai_bobot`, `tgl_mulai`, `tgl_selesai`, `status`) VALUES
(516, 15, 70, '<p>77. Jika seorang anak memiliki 50 rupiah dan memberikan 15 rupiah kepada orang lain ,berapa rupiahkah yang masih tinggal padanya?</p>;<p>78. Berapa km-kah yang dapat ditempuh oleh kereta api dalam waktu 7 jam ,jika kecepatanya 40 km/jam?</p>;<p>79. 15 Peti buah -buahan beratnya 250 kg dan setiap peti kosong beratnya 3 kg, berapakah berat buah-buahan itu?</p>;<p>80. Seseorang mempunyai persediaan rumput yang cukup untuk 7 ekor kuda selama 78 hari. Berapa harikah persediaan itu cukup untuk 21 ekor kuda?</p>;<p>81. 3 Batang coklat harganya Rp. 5,- berapa batangkah yang dapat kita beli dengan Rp. 50,-?</p>;<p xss=removed>82. Seseorang dapat berjalan 1,75 m dalam waktu 1/4 detik.Berapa meterkah yang dapat ia tampuh dalam waktu 10 detik?</p>;<p>83. Jika sebuah batu terletak 15 m disebelah selatan dari sebatang pohon dan pohon itu berada 30 m disebelah selatan dari sebuah rumah, berapa meterkah jarak antara batu dan rumah itu?</p>;<p xss=removed>84. Jika 4 <sup>1/2</sup> m bahan sandang harganya Rp.90,-berapa rupiahkah harganya 2 <sup>1/2</sup> m?</p>;<p>85. 7 Orang dapat menyelesaikan sesuatu pekerjaan dalam 6 hari. Berapa orangkah yang diperlukan untuk menyelesaikan pekerjaan itu dalam setengah hari?</p>;<p>86. Karena dipanaskan, kawat yang panjangnya 48 cm akan mengembang menjadi 52 cm. Setelah pemanasan, berapakah panjangnya kawat yang berukuran 72 cm?</p>;<p>87. Suatu pabrik dapat menghasilkan 304 batang pensiun dalam waktu 8 jam. Berapa batangkah yang dihasilkan dalam waktu setengah jam?</p>;<p>88. Untuk suatu campuran diperlukan 2 bagian perak dan 3 bagian timah. Berapa gramkah perak yang diperlukan untuk mendapatkan campuran itu yang beratnya 15 gram?</p>;<p>89. Untuk setiap Rp. 3,- yang dimiliki Sidin, Hamid memiliki Rp.5,- Jika mereka bersama mempunyai Rp.120,- berapa rupiahkah yang dimiliki Hamid?</p>;<p>90. Mesin A menenun 60 m kain, sedangkan mesin B menenun 40 m. Berapa meterkah yang ditenun mesin A, jika mesin B menenun 60 m?</p>;<p>91. Seseorang membelikan <sup>1/10 </sup>dari uangnya untuk perangko dan 4 kali jumlah itu untuk alat tulis. Sisa uangnya masih Rp.60,- Berapa rupiahkah uangnya semula?</p>;<p>92. Didalam dua peti terdapat 43 buah piring. Di dalam peti yang satu terdapat 9 buah piring lebih banyak dari pada di dalam peti yang lain. Berapa buah piring terdapat didalam peti yang lebih kecil?</p>;<p>93. Suatu lembaran kain yang panjangnya 60 cm harus dibagi sedemikian rupa sehingga panjangmya satu bagian ialah <span xss=removed>2/3</span>dari bagian yang lain. Berapa panjangnya bagian yang terpendek?</p>;<p>94. Suatu perusahaan mengekspor 3/4 dari hasil produksinya dan menjual 4/5 dari sisa itu didalam Negeri. Berapa % kah hasil produksi yang masih tinggal?</p>;<p>95. Jika suatu botol berisi anggur hanya 7/8 bagian dan harganya ialah Rp. 84,- Berapakah harga anggur itu jika botol itu hanya terisi 1/2 penuh?</p>;<p>96. Didalam suatu keluarga setiap anak perempuan mempunyai jumlah saudara laki-laki yang sama dengan jumlah saudara perempuan dan setiap anak laki-laki mempunyai dua kali lebih banyak saudara perempuan dari pada saudara laki laki. Berapa anak laki-laki', '13:35:N,14:280:N,15:205:N,16:26:N,17:30:N,18:70:N,19:45:N,21:22.5:N,22:45:N,23:76:N,24:19:N,25:6:N,26:75:N,27:80:N,28::N,29::N,30::N,32::N,33::N,34::N', 7, 35.00, 100.00, '2025-01-23 13:09:47', '2025-01-23 13:19:47', 'N'),
(517, 17, 70, '<p>97)   6   9  12  15  18  21  24  ?</p>;<p>98)     15  16  18  19  21  22  24  ?</p>;<p>99)     19  18  22  21  25  24  28  ?</p>;<p>100)     16  12  17  13  18  14  19  ?</p>;<p>101)     2  4  8  10  20  22  44  ?</p>;<p>102)     15  13  16  12  17  11  18  ?</p>;<p>103)     25  22  11  33  30  15  45  ?</p>;<p>104)     49  51  54  27  9  11  14  ?</p>;<p>105)     2  3  1  3  4  2  4  ?</p>;<p>106)     19  17  20  16  21  15  22  ?</p>;<p>107)     94  92  46  44  22  20  10  ?</p>;<p>108)      5   8   9   8   11  12   11   ?</p>;<p>109)      12   15   19   23   28   33   39   ?</p>;<p>110)      7   5   10   7   21   17   68   ?</p>;<p>111)      11  15   18   9   13   16   8   ?</p>;<p>112)      3   8   15   24   35   48   63   ?</p>;<p>113)      4  5  7   4   8   13   7   ?</p>;<p>114)       8   5   15   18   6   3   9   ?</p>;<p>115)      15   6   18   10   30   23   69   ?</p>;<p>116)       5   35   28   4   11   77   70  ?</p>', '35:27:N,36:25:N,37:27:N,38:15:N,39:46:N,40:10:N,41::Y,42::Y,43:-15:N,44:14:N,45:8:N,46:6:N,47:45:N,48::N,49::N,50::N,51::N,52::N,53::N,54::N', 9, 45.00, 100.00, '2025-01-23 13:20:08', '2025-01-23 13:30:08', 'N'),
(518, 21, 78, '<p>61) mawar - melati</p>;<p>62) mata-telinga</p>;<p>63) Gula-Intan</p>;<p>64) Hujan-Salju</p>;<p>65) Pengantar surat-Telepon</p>;<p>66) Kamera-Kacamata</p>;<p>67) Lambung-Usus</p>;<p>68) Banyak-sedikit</p>;<p>69) Telur-Benih</p>;<p>70) Bendera-Lencana</p>;<p>71) Rumput-Gajah</p>;<p>72) Ember-Kantong</p>;<p>73) Awal-Akhir</p>;<p>74) Kikir-Boros</p>;<p>75) Penawaran-Permintaan</p>;<p>76) Atas-Bawah</p>', '55:bunga:N,56:organ tubuh:N,57:manis:N,58:cuaca:N,59:media komunikasi:N,60:fashion:N,61:organ pencernaan:N,62::N,63:beranak:N,64:kewarganegaraan:N,65:hewan:N,66:wadah:N,67::N,68:sifat:N,69:berdagang:N,70:posisi:N', 0, 0.00, 100.00, '2025-01-26 10:24:49', '2025-01-26 10:32:49', 'N'),
(519, 15, 78, '<p>77. Jika seorang anak memiliki 50 rupiah dan memberikan 15 rupiah kepada orang lain ,berapa rupiahkah yang masih tinggal padanya?</p>;<p>78. Berapa km-kah yang dapat ditempuh oleh kereta api dalam waktu 7 jam ,jika kecepatanya 40 km/jam?</p>;<p>79. 15 Peti buah -buahan beratnya 250 kg dan setiap peti kosong beratnya 3 kg, berapakah berat buah-buahan itu?</p>;<p>80. Seseorang mempunyai persediaan rumput yang cukup untuk 7 ekor kuda selama 78 hari. Berapa harikah persediaan itu cukup untuk 21 ekor kuda?</p>;<p>81. 3 Batang coklat harganya Rp. 5,- berapa batangkah yang dapat kita beli dengan Rp. 50,-?</p>;<p xss=removed>82. Seseorang dapat berjalan 1,75 m dalam waktu 1/4 detik.Berapa meterkah yang dapat ia tampuh dalam waktu 10 detik?</p>;<p>83. Jika sebuah batu terletak 15 m disebelah selatan dari sebatang pohon dan pohon itu berada 30 m disebelah selatan dari sebuah rumah, berapa meterkah jarak antara batu dan rumah itu?</p>;<p xss=removed>84. Jika 4 <sup>1/2</sup> m bahan sandang harganya Rp.90,-berapa rupiahkah harganya 2 <sup>1/2</sup> m?</p>;<p>85. 7 Orang dapat menyelesaikan sesuatu pekerjaan dalam 6 hari. Berapa orangkah yang diperlukan untuk menyelesaikan pekerjaan itu dalam setengah hari?</p>;<p>86. Karena dipanaskan, kawat yang panjangnya 48 cm akan mengembang menjadi 52 cm. Setelah pemanasan, berapakah panjangnya kawat yang berukuran 72 cm?</p>;<p>87. Suatu pabrik dapat menghasilkan 304 batang pensiun dalam waktu 8 jam. Berapa batangkah yang dihasilkan dalam waktu setengah jam?</p>;<p>88. Untuk suatu campuran diperlukan 2 bagian perak dan 3 bagian timah. Berapa gramkah perak yang diperlukan untuk mendapatkan campuran itu yang beratnya 15 gram?</p>;<p>89. Untuk setiap Rp. 3,- yang dimiliki Sidin, Hamid memiliki Rp.5,- Jika mereka bersama mempunyai Rp.120,- berapa rupiahkah yang dimiliki Hamid?</p>;<p>90. Mesin A menenun 60 m kain, sedangkan mesin B menenun 40 m. Berapa meterkah yang ditenun mesin A, jika mesin B menenun 60 m?</p>;<p>91. Seseorang membelikan <sup>1/10 </sup>dari uangnya untuk perangko dan 4 kali jumlah itu untuk alat tulis. Sisa uangnya masih Rp.60,- Berapa rupiahkah uangnya semula?</p>;<p>92. Didalam dua peti terdapat 43 buah piring. Di dalam peti yang satu terdapat 9 buah piring lebih banyak dari pada di dalam peti yang lain. Berapa buah piring terdapat didalam peti yang lebih kecil?</p>;<p>93. Suatu lembaran kain yang panjangnya 60 cm harus dibagi sedemikian rupa sehingga panjangmya satu bagian ialah <span xss=removed>2/3</span>dari bagian yang lain. Berapa panjangnya bagian yang terpendek?</p>;<p>94. Suatu perusahaan mengekspor 3/4 dari hasil produksinya dan menjual 4/5 dari sisa itu didalam Negeri. Berapa % kah hasil produksi yang masih tinggal?</p>;<p>95. Jika suatu botol berisi anggur hanya 7/8 bagian dan harganya ialah Rp. 84,- Berapakah harga anggur itu jika botol itu hanya terisi 1/2 penuh?</p>;<p>96. Didalam suatu keluarga setiap anak perempuan mempunyai jumlah saudara laki-laki yang sama dengan jumlah saudara perempuan dan setiap anak laki-laki mempunyai dua kali lebih banyak saudara perempuan dari pada saudara laki laki. Berapa anak laki-laki', '13:35:N,14:280:N,15:13,6 kg:N,16::N,17::N,18::N,19:30:N,21:45:N,22::N,23:76:N,24::N,25::N,26::N,27:80:N,28::N,29::N,30::N,32::N,33::N,34::N', 2, 9.00, 95.00, '2025-01-26 10:32:48', '2025-01-26 10:42:48', 'N'),
(520, 17, 78, '<p>97)   6   9  12  15  18  21  24  ?</p>;<p>98)     15  16  18  19  21  22  24  ?</p>;<p>99)     19  18  22  21  25  24  28  ?</p>;<p>100)     16  12  17  13  18  14  19  ?</p>;<p>101)     2  4  8  10  20  22  44  ?</p>;<p>102)     15  13  16  12  17  11  18  ?</p>;<p>103)     25  22  11  33  30  15  45  ?</p>;<p>104)     49  51  54  27  9  11  14  ?</p>;<p>105)     2  3  1  3  4  2  4  ?</p>;<p>106)     19  17  20  16  21  15  22  ?</p>;<p>107)     94  92  46  44  22  20  10  ?</p>;<p>108)      5   8   9   8   11  12   11   ?</p>;<p>109)      12   15   19   23   28   33   39   ?</p>;<p>110)      7   5   10   7   21   17   68   ?</p>;<p>111)      11  15   18   9   13   16   8   ?</p>;<p>112)      3   8   15   24   35   48   63   ?</p>;<p>113)      4  5  7   4   8   13   7   ?</p>;<p>114)       8   5   15   18   6   3   9   ?</p>;<p>115)      15   6   18   10   30   23   69   ?</p>;<p>116)       5   35   28   4   11   77   70  ?</p>', '35:27:N,36:25:N,37:27:N,38:15:N,39:50:N,40:10:N,41::N,42::N,43::N,44:14:N,45:8:N,46:14:N,47:45:N,48::N,49::N,50::N,51::N,52::N,53::N,54::N', 9, 45.00, 100.00, '2025-01-26 10:49:05', '2025-01-26 10:59:05', 'N'),
(521, 21, 73, '<p>61) mawar - melati</p>;<p>62) mata-telinga</p>;<p>63) Gula-Intan</p>;<p>64) Hujan-Salju</p>;<p>65) Pengantar surat-Telepon</p>;<p>66) Kamera-Kacamata</p>;<p>67) Lambung-Usus</p>;<p>68) Banyak-sedikit</p>;<p>69) Telur-Benih</p>;<p>70) Bendera-Lencana</p>;<p>71) Rumput-Gajah</p>;<p>72) Ember-Kantong</p>;<p>73) Awal-Akhir</p>;<p>74) Kikir-Boros</p>;<p>75) Penawaran-Permintaan</p>;<p>76) Atas-Bawah</p>', '55:BUNGA:N,56:INDRA:N,57:KEPINGAN / KRISTAL:N,58:MUSIM / CUACA:N,59:ALAT PENGHUBUNG KOMUNIKASI:N,60:LENSA:N,61:PENCERNAAN:N,62:JUMLAH:N,63:BIBIT:N,64:LAMBANG:N,65:RANTAI MAKANAN:N,66:WADAH:N,67:CERITA / KEJADIAN / PERISTIWA:N,68:SIFAT:N,69:TOKO:N,70:BATAS:N', 0, 0.00, 100.00, '2025-01-26 12:42:47', '2025-01-26 12:50:47', 'N'),
(522, 15, 73, '<p>77. Jika seorang anak memiliki 50 rupiah dan memberikan 15 rupiah kepada orang lain ,berapa rupiahkah yang masih tinggal padanya?</p>;<p>78. Berapa km-kah yang dapat ditempuh oleh kereta api dalam waktu 7 jam ,jika kecepatanya 40 km/jam?</p>;<p>79. 15 Peti buah -buahan beratnya 250 kg dan setiap peti kosong beratnya 3 kg, berapakah berat buah-buahan itu?</p>;<p>80. Seseorang mempunyai persediaan rumput yang cukup untuk 7 ekor kuda selama 78 hari. Berapa harikah persediaan itu cukup untuk 21 ekor kuda?</p>;<p>81. 3 Batang coklat harganya Rp. 5,- berapa batangkah yang dapat kita beli dengan Rp. 50,-?</p>;<p xss=removed>82. Seseorang dapat berjalan 1,75 m dalam waktu 1/4 detik.Berapa meterkah yang dapat ia tampuh dalam waktu 10 detik?</p>;<p>83. Jika sebuah batu terletak 15 m disebelah selatan dari sebatang pohon dan pohon itu berada 30 m disebelah selatan dari sebuah rumah, berapa meterkah jarak antara batu dan rumah itu?</p>;<p xss=removed>84. Jika 4 <sup>1/2</sup> m bahan sandang harganya Rp.90,-berapa rupiahkah harganya 2 <sup>1/2</sup> m?</p>;<p>85. 7 Orang dapat menyelesaikan sesuatu pekerjaan dalam 6 hari. Berapa orangkah yang diperlukan untuk menyelesaikan pekerjaan itu dalam setengah hari?</p>;<p>86. Karena dipanaskan, kawat yang panjangnya 48 cm akan mengembang menjadi 52 cm. Setelah pemanasan, berapakah panjangnya kawat yang berukuran 72 cm?</p>;<p>87. Suatu pabrik dapat menghasilkan 304 batang pensiun dalam waktu 8 jam. Berapa batangkah yang dihasilkan dalam waktu setengah jam?</p>;<p>88. Untuk suatu campuran diperlukan 2 bagian perak dan 3 bagian timah. Berapa gramkah perak yang diperlukan untuk mendapatkan campuran itu yang beratnya 15 gram?</p>;<p>89. Untuk setiap Rp. 3,- yang dimiliki Sidin, Hamid memiliki Rp.5,- Jika mereka bersama mempunyai Rp.120,- berapa rupiahkah yang dimiliki Hamid?</p>;<p>90. Mesin A menenun 60 m kain, sedangkan mesin B menenun 40 m. Berapa meterkah yang ditenun mesin A, jika mesin B menenun 60 m?</p>;<p>91. Seseorang membelikan <sup>1/10 </sup>dari uangnya untuk perangko dan 4 kali jumlah itu untuk alat tulis. Sisa uangnya masih Rp.60,- Berapa rupiahkah uangnya semula?</p>;<p>92. Didalam dua peti terdapat 43 buah piring. Di dalam peti yang satu terdapat 9 buah piring lebih banyak dari pada di dalam peti yang lain. Berapa buah piring terdapat didalam peti yang lebih kecil?</p>;<p>93. Suatu lembaran kain yang panjangnya 60 cm harus dibagi sedemikian rupa sehingga panjangmya satu bagian ialah <span xss=removed>2/3</span>dari bagian yang lain. Berapa panjangnya bagian yang terpendek?</p>;<p>94. Suatu perusahaan mengekspor 3/4 dari hasil produksinya dan menjual 4/5 dari sisa itu didalam Negeri. Berapa % kah hasil produksi yang masih tinggal?</p>;<p>95. Jika suatu botol berisi anggur hanya 7/8 bagian dan harganya ialah Rp. 84,- Berapakah harga anggur itu jika botol itu hanya terisi 1/2 penuh?</p>;<p>96. Didalam suatu keluarga setiap anak perempuan mempunyai jumlah saudara laki-laki yang sama dengan jumlah saudara perempuan dan setiap anak laki-laki mempunyai dua kali lebih banyak saudara perempuan dari pada saudara laki laki. Berapa anak laki-laki', '13:35:N,14:280:N,15:205 KG:N,16:26 HARI:N,17:17:N,18:7 M:N,19:45:N,21:45:N,22:49:N,23:78:N,24:15:N,25::N,26::N,27::N,28::N,29::N,30::N,32::N,33::N,34::N', 4, 20.00, 100.00, '2025-01-26 12:48:08', '2025-01-26 12:58:08', 'N'),
(523, 17, 73, '<p>97)   6   9  12  15  18  21  24  ?</p>;<p>98)     15  16  18  19  21  22  24  ?</p>;<p>99)     19  18  22  21  25  24  28  ?</p>;<p>100)     16  12  17  13  18  14  19  ?</p>;<p>101)     2  4  8  10  20  22  44  ?</p>;<p>102)     15  13  16  12  17  11  18  ?</p>;<p>103)     25  22  11  33  30  15  45  ?</p>;<p>104)     49  51  54  27  9  11  14  ?</p>;<p>105)     2  3  1  3  4  2  4  ?</p>;<p>106)     19  17  20  16  21  15  22  ?</p>;<p>107)     94  92  46  44  22  20  10  ?</p>;<p>108)      5   8   9   8   11  12   11   ?</p>;<p>109)      12   15   19   23   28   33   39   ?</p>;<p>110)      7   5   10   7   21   17   68   ?</p>;<p>111)      11  15   18   9   13   16   8   ?</p>;<p>112)      3   8   15   24   35   48   63   ?</p>;<p>113)      4  5  7   4   8   13   7   ?</p>;<p>114)       8   5   15   18   6   3   9   ?</p>;<p>115)      15   6   18   10   30   23   69   ?</p>;<p>116)       5   35   28   4   11   77   70  ?</p>', '35:27:N,36:25:N,37:27:N,38:15:N,39:88:N,40:12:N,41:43:N,42:17:N,43:3 2:N,44:14:N,45:8:N,46:12:N,47:46:N,48::N,49::N,50::N,51::N,52::N,53::N,54::N', 6, 30.00, 100.00, '2025-01-26 12:58:38', '2025-01-26 13:08:38', 'N'),
(524, 21, 79, '<p>61) mawar - melati</p>;<p>62) mata-telinga</p>;<p>63) Gula-Intan</p>;<p>64) Hujan-Salju</p>;<p>65) Pengantar surat-Telepon</p>;<p>66) Kamera-Kacamata</p>;<p>67) Lambung-Usus</p>;<p>68) Banyak-sedikit</p>;<p>69) Telur-Benih</p>;<p>70) Bendera-Lencana</p>;<p>71) Rumput-Gajah</p>;<p>72) Ember-Kantong</p>;<p>73) Awal-Akhir</p>;<p>74) Kikir-Boros</p>;<p>75) Penawaran-Permintaan</p>;<p>76) Atas-Bawah</p>', '55:Bunga:N,56:indra:N,57:emas:N,58:cuaca:N,59:komunikasi:N,60:lensa:N,61:pencernaan:N,62:jumlah:N,63:produksi:N,64:simbol:N,65:makanan:N,66:wadah:N,67:kalimat:N,68:miskin:N,69:jual beli:N,70:arah:N', 0, 0.00, 100.00, '2025-01-26 13:15:31', '2025-01-26 13:23:31', 'N'),
(525, 15, 79, '<p>77. Jika seorang anak memiliki 50 rupiah dan memberikan 15 rupiah kepada orang lain ,berapa rupiahkah yang masih tinggal padanya?</p>;<p>78. Berapa km-kah yang dapat ditempuh oleh kereta api dalam waktu 7 jam ,jika kecepatanya 40 km/jam?</p>;<p>79. 15 Peti buah -buahan beratnya 250 kg dan setiap peti kosong beratnya 3 kg, berapakah berat buah-buahan itu?</p>;<p>80. Seseorang mempunyai persediaan rumput yang cukup untuk 7 ekor kuda selama 78 hari. Berapa harikah persediaan itu cukup untuk 21 ekor kuda?</p>;<p>81. 3 Batang coklat harganya Rp. 5,- berapa batangkah yang dapat kita beli dengan Rp. 50,-?</p>;<p xss=removed>82. Seseorang dapat berjalan 1,75 m dalam waktu 1/4 detik.Berapa meterkah yang dapat ia tampuh dalam waktu 10 detik?</p>;<p>83. Jika sebuah batu terletak 15 m disebelah selatan dari sebatang pohon dan pohon itu berada 30 m disebelah selatan dari sebuah rumah, berapa meterkah jarak antara batu dan rumah itu?</p>;<p xss=removed>84. Jika 4 <sup>1/2</sup> m bahan sandang harganya Rp.90,-berapa rupiahkah harganya 2 <sup>1/2</sup> m?</p>;<p>85. 7 Orang dapat menyelesaikan sesuatu pekerjaan dalam 6 hari. Berapa orangkah yang diperlukan untuk menyelesaikan pekerjaan itu dalam setengah hari?</p>;<p>86. Karena dipanaskan, kawat yang panjangnya 48 cm akan mengembang menjadi 52 cm. Setelah pemanasan, berapakah panjangnya kawat yang berukuran 72 cm?</p>;<p>87. Suatu pabrik dapat menghasilkan 304 batang pensiun dalam waktu 8 jam. Berapa batangkah yang dihasilkan dalam waktu setengah jam?</p>;<p>88. Untuk suatu campuran diperlukan 2 bagian perak dan 3 bagian timah. Berapa gramkah perak yang diperlukan untuk mendapatkan campuran itu yang beratnya 15 gram?</p>;<p>89. Untuk setiap Rp. 3,- yang dimiliki Sidin, Hamid memiliki Rp.5,- Jika mereka bersama mempunyai Rp.120,- berapa rupiahkah yang dimiliki Hamid?</p>;<p>90. Mesin A menenun 60 m kain, sedangkan mesin B menenun 40 m. Berapa meterkah yang ditenun mesin A, jika mesin B menenun 60 m?</p>;<p>91. Seseorang membelikan <sup>1/10 </sup>dari uangnya untuk perangko dan 4 kali jumlah itu untuk alat tulis. Sisa uangnya masih Rp.60,- Berapa rupiahkah uangnya semula?</p>;<p>92. Didalam dua peti terdapat 43 buah piring. Di dalam peti yang satu terdapat 9 buah piring lebih banyak dari pada di dalam peti yang lain. Berapa buah piring terdapat didalam peti yang lebih kecil?</p>;<p>93. Suatu lembaran kain yang panjangnya 60 cm harus dibagi sedemikian rupa sehingga panjangmya satu bagian ialah <span xss=removed>2/3</span>dari bagian yang lain. Berapa panjangnya bagian yang terpendek?</p>;<p>94. Suatu perusahaan mengekspor 3/4 dari hasil produksinya dan menjual 4/5 dari sisa itu didalam Negeri. Berapa % kah hasil produksi yang masih tinggal?</p>;<p>95. Jika suatu botol berisi anggur hanya 7/8 bagian dan harganya ialah Rp. 84,- Berapakah harga anggur itu jika botol itu hanya terisi 1/2 penuh?</p>;<p>96. Didalam suatu keluarga setiap anak perempuan mempunyai jumlah saudara laki-laki yang sama dengan jumlah saudara perempuan dan setiap anak laki-laki mempunyai dua kali lebih banyak saudara perempuan dari pada saudara laki laki. Berapa anak laki-laki', '13:35:N,14:280:N,15:45:N,16:234:N,17:30:N,18:175:N,19:45:N,21:180:N,22:3:N,23:76:N,24:101:N,25:5:N,26:4:N,27:60:N,28:160:N,29:6:N,30:20:N,32:75:N,33:2:N,34::N', 4, 20.00, 100.00, '2025-01-26 13:20:19', '2025-01-26 13:30:19', 'N'),
(526, 17, 79, '<p>97)   6   9  12  15  18  21  24  ?</p>;<p>98)     15  16  18  19  21  22  24  ?</p>;<p>99)     19  18  22  21  25  24  28  ?</p>;<p>100)     16  12  17  13  18  14  19  ?</p>;<p>101)     2  4  8  10  20  22  44  ?</p>;<p>102)     15  13  16  12  17  11  18  ?</p>;<p>103)     25  22  11  33  30  15  45  ?</p>;<p>104)     49  51  54  27  9  11  14  ?</p>;<p>105)     2  3  1  3  4  2  4  ?</p>;<p>106)     19  17  20  16  21  15  22  ?</p>;<p>107)     94  92  46  44  22  20  10  ?</p>;<p>108)      5   8   9   8   11  12   11   ?</p>;<p>109)      12   15   19   23   28   33   39   ?</p>;<p>110)      7   5   10   7   21   17   68   ?</p>;<p>111)      11  15   18   9   13   16   8   ?</p>;<p>112)      3   8   15   24   35   48   63   ?</p>;<p>113)      4  5  7   4   8   13   7   ?</p>;<p>114)       8   5   15   18   6   3   9   ?</p>;<p>115)      15   6   18   10   30   23   69   ?</p>;<p>116)       5   35   28   4   11   77   70  ?</p>', '35:27:N,36:25:N,37:27:N,38:15:N,39:50:N,40:11:N,41:42:N,42::N,43:3:N,44:15:N,45::N,46:14:N,47:43:N,48:72:N,49:12:N,50:68:N,51:14:N,52:12:N,53:62:N,54:46:N', 8, 40.00, 100.00, '2025-01-26 13:30:47', '2025-01-26 13:40:47', 'N'),
(527, 21, 84, '<p>61) mawar - melati</p>;<p>62) mata-telinga</p>;<p>63) Gula-Intan</p>;<p>64) Hujan-Salju</p>;<p>65) Pengantar surat-Telepon</p>;<p>66) Kamera-Kacamata</p>;<p>67) Lambung-Usus</p>;<p>68) Banyak-sedikit</p>;<p>69) Telur-Benih</p>;<p>70) Bendera-Lencana</p>;<p>71) Rumput-Gajah</p>;<p>72) Ember-Kantong</p>;<p>73) Awal-Akhir</p>;<p>74) Kikir-Boros</p>;<p>75) Penawaran-Permintaan</p>;<p>76) Atas-Bawah</p>', '55:bunga:N,56:indra:N,57:kristal:N,58:musim:N,59:komunikasi:N,60:lensa:N,61:organ:N,62:jumlah:N,63:bibt:N,64:lambang:N,65:organisme:N,66:wadah:N,67:batas:N,68:sifat:N,69:pasar:N,70:posisi:N', 0, 0.00, 100.00, '2025-01-26 20:24:36', '2025-01-26 20:32:36', 'N'),
(528, 15, 84, '<p>77. Jika seorang anak memiliki 50 rupiah dan memberikan 15 rupiah kepada orang lain ,berapa rupiahkah yang masih tinggal padanya?</p>;<p>78. Berapa km-kah yang dapat ditempuh oleh kereta api dalam waktu 7 jam ,jika kecepatanya 40 km/jam?</p>;<p>79. 15 Peti buah -buahan beratnya 250 kg dan setiap peti kosong beratnya 3 kg, berapakah berat buah-buahan itu?</p>;<p>80. Seseorang mempunyai persediaan rumput yang cukup untuk 7 ekor kuda selama 78 hari. Berapa harikah persediaan itu cukup untuk 21 ekor kuda?</p>;<p>81. 3 Batang coklat harganya Rp. 5,- berapa batangkah yang dapat kita beli dengan Rp. 50,-?</p>;<p xss=removed>82. Seseorang dapat berjalan 1,75 m dalam waktu 1/4 detik.Berapa meterkah yang dapat ia tampuh dalam waktu 10 detik?</p>;<p>83. Jika sebuah batu terletak 15 m disebelah selatan dari sebatang pohon dan pohon itu berada 30 m disebelah selatan dari sebuah rumah, berapa meterkah jarak antara batu dan rumah itu?</p>;<p xss=removed>84. Jika 4 <sup>1/2</sup> m bahan sandang harganya Rp.90,-berapa rupiahkah harganya 2 <sup>1/2</sup> m?</p>;<p>85. 7 Orang dapat menyelesaikan sesuatu pekerjaan dalam 6 hari. Berapa orangkah yang diperlukan untuk menyelesaikan pekerjaan itu dalam setengah hari?</p>;<p>86. Karena dipanaskan, kawat yang panjangnya 48 cm akan mengembang menjadi 52 cm. Setelah pemanasan, berapakah panjangnya kawat yang berukuran 72 cm?</p>;<p>87. Suatu pabrik dapat menghasilkan 304 batang pensiun dalam waktu 8 jam. Berapa batangkah yang dihasilkan dalam waktu setengah jam?</p>;<p>88. Untuk suatu campuran diperlukan 2 bagian perak dan 3 bagian timah. Berapa gramkah perak yang diperlukan untuk mendapatkan campuran itu yang beratnya 15 gram?</p>;<p>89. Untuk setiap Rp. 3,- yang dimiliki Sidin, Hamid memiliki Rp.5,- Jika mereka bersama mempunyai Rp.120,- berapa rupiahkah yang dimiliki Hamid?</p>;<p>90. Mesin A menenun 60 m kain, sedangkan mesin B menenun 40 m. Berapa meterkah yang ditenun mesin A, jika mesin B menenun 60 m?</p>;<p>91. Seseorang membelikan <sup>1/10 </sup>dari uangnya untuk perangko dan 4 kali jumlah itu untuk alat tulis. Sisa uangnya masih Rp.60,- Berapa rupiahkah uangnya semula?</p>;<p>92. Didalam dua peti terdapat 43 buah piring. Di dalam peti yang satu terdapat 9 buah piring lebih banyak dari pada di dalam peti yang lain. Berapa buah piring terdapat didalam peti yang lebih kecil?</p>;<p>93. Suatu lembaran kain yang panjangnya 60 cm harus dibagi sedemikian rupa sehingga panjangmya satu bagian ialah <span xss=removed>2/3</span>dari bagian yang lain. Berapa panjangnya bagian yang terpendek?</p>;<p>94. Suatu perusahaan mengekspor 3/4 dari hasil produksinya dan menjual 4/5 dari sisa itu didalam Negeri. Berapa % kah hasil produksi yang masih tinggal?</p>;<p>95. Jika suatu botol berisi anggur hanya 7/8 bagian dan harganya ialah Rp. 84,- Berapakah harga anggur itu jika botol itu hanya terisi 1/2 penuh?</p>;<p>96. Didalam suatu keluarga setiap anak perempuan mempunyai jumlah saudara laki-laki yang sama dengan jumlah saudara perempuan dan setiap anak laki-laki mempunyai dua kali lebih banyak saudara perempuan dari pada saudara laki laki. Berapa anak laki-laki', '13:35:N,14:280:N,15:205:N,16:28:N,17:30:N,18:70 m:N,19:45:N,21:500:N,22:84:N,23:76:N,24:19:N,25:30:N,26:75:N,27::N,28::N,29::N,30::N,32::N,33::N,34::N', 4, 20.00, 100.00, '2025-01-26 20:29:16', '2025-01-26 20:39:16', 'N'),
(529, 17, 84, '<p>97)   6   9  12  15  18  21  24  ?</p>;<p>98)     15  16  18  19  21  22  24  ?</p>;<p>99)     19  18  22  21  25  24  28  ?</p>;<p>100)     16  12  17  13  18  14  19  ?</p>;<p>101)     2  4  8  10  20  22  44  ?</p>;<p>102)     15  13  16  12  17  11  18  ?</p>;<p>103)     25  22  11  33  30  15  45  ?</p>;<p>104)     49  51  54  27  9  11  14  ?</p>;<p>105)     2  3  1  3  4  2  4  ?</p>;<p>106)     19  17  20  16  21  15  22  ?</p>;<p>107)     94  92  46  44  22  20  10  ?</p>;<p>108)      5   8   9   8   11  12   11   ?</p>;<p>109)      12   15   19   23   28   33   39   ?</p>;<p>110)      7   5   10   7   21   17   68   ?</p>;<p>111)      11  15   18   9   13   16   8   ?</p>;<p>112)      3   8   15   24   35   48   63   ?</p>;<p>113)      4  5  7   4   8   13   7   ?</p>;<p>114)       8   5   15   18   6   3   9   ?</p>;<p>115)      15   6   18   10   30   23   69   ?</p>;<p>116)       5   35   28   4   11   77   70  ?</p>', '35:27:N,36:25:N,37:27:N,38:15:N,39:46:N,40:10:N,41:42:N,42:7:N,43:5:N,44:14:N,45:8:N,46:15:N,47:45:N,48:63:N,49:12:N,50:80:N,51::N,52:12:N,53:63:N,54::N', 14, 70.00, 100.00, '2025-01-26 20:39:59', '2025-01-26 20:49:59', 'N'),
(530, 21, 82, '<p>61) mawar - melati</p>;<p>62) mata-telinga</p>;<p>63) Gula-Intan</p>;<p>64) Hujan-Salju</p>;<p>65) Pengantar surat-Telepon</p>;<p>66) Kamera-Kacamata</p>;<p>67) Lambung-Usus</p>;<p>68) Banyak-sedikit</p>;<p>69) Telur-Benih</p>;<p>70) Bendera-Lencana</p>;<p>71) Rumput-Gajah</p>;<p>72) Ember-Kantong</p>;<p>73) Awal-Akhir</p>;<p>74) Kikir-Boros</p>;<p>75) Penawaran-Permintaan</p>;<p>76) Atas-Bawah</p>', '55:Nama bunga:N,56:Panca indera:N,57:Berbentuk kristal:N,58:Musim:N,59:Sarana telekomunikasi:N,60:Alat optic:N,61:Organ pencernaan:N,62:Jumlah:N,63:Awal kehidupan:N,64:Simbol:N,65:Rantai makanan:N,66:Tempat penampungan:N,67:Fase:N,68:Sifat:N,69:Pasar:N,70:Letak:N', 0, 0.00, 100.00, '2025-01-26 23:37:14', '2025-01-26 23:45:14', 'N'),
(531, 15, 82, '<p>77. Jika seorang anak memiliki 50 rupiah dan memberikan 15 rupiah kepada orang lain ,berapa rupiahkah yang masih tinggal padanya?</p>;<p>78. Berapa km-kah yang dapat ditempuh oleh kereta api dalam waktu 7 jam ,jika kecepatanya 40 km/jam?</p>;<p>79. 15 Peti buah -buahan beratnya 250 kg dan setiap peti kosong beratnya 3 kg, berapakah berat buah-buahan itu?</p>;<p>80. Seseorang mempunyai persediaan rumput yang cukup untuk 7 ekor kuda selama 78 hari. Berapa harikah persediaan itu cukup untuk 21 ekor kuda?</p>;<p>81. 3 Batang coklat harganya Rp. 5,- berapa batangkah yang dapat kita beli dengan Rp. 50,-?</p>;<p xss=removed>82. Seseorang dapat berjalan 1,75 m dalam waktu 1/4 detik.Berapa meterkah yang dapat ia tampuh dalam waktu 10 detik?</p>;<p>83. Jika sebuah batu terletak 15 m disebelah selatan dari sebatang pohon dan pohon itu berada 30 m disebelah selatan dari sebuah rumah, berapa meterkah jarak antara batu dan rumah itu?</p>;<p xss=removed>84. Jika 4 <sup>1/2</sup> m bahan sandang harganya Rp.90,-berapa rupiahkah harganya 2 <sup>1/2</sup> m?</p>;<p>85. 7 Orang dapat menyelesaikan sesuatu pekerjaan dalam 6 hari. Berapa orangkah yang diperlukan untuk menyelesaikan pekerjaan itu dalam setengah hari?</p>;<p>86. Karena dipanaskan, kawat yang panjangnya 48 cm akan mengembang menjadi 52 cm. Setelah pemanasan, berapakah panjangnya kawat yang berukuran 72 cm?</p>;<p>87. Suatu pabrik dapat menghasilkan 304 batang pensiun dalam waktu 8 jam. Berapa batangkah yang dihasilkan dalam waktu setengah jam?</p>;<p>88. Untuk suatu campuran diperlukan 2 bagian perak dan 3 bagian timah. Berapa gramkah perak yang diperlukan untuk mendapatkan campuran itu yang beratnya 15 gram?</p>;<p>89. Untuk setiap Rp. 3,- yang dimiliki Sidin, Hamid memiliki Rp.5,- Jika mereka bersama mempunyai Rp.120,- berapa rupiahkah yang dimiliki Hamid?</p>;<p>90. Mesin A menenun 60 m kain, sedangkan mesin B menenun 40 m. Berapa meterkah yang ditenun mesin A, jika mesin B menenun 60 m?</p>;<p>91. Seseorang membelikan <sup>1/10 </sup>dari uangnya untuk perangko dan 4 kali jumlah itu untuk alat tulis. Sisa uangnya masih Rp.60,- Berapa rupiahkah uangnya semula?</p>;<p>92. Didalam dua peti terdapat 43 buah piring. Di dalam peti yang satu terdapat 9 buah piring lebih banyak dari pada di dalam peti yang lain. Berapa buah piring terdapat didalam peti yang lebih kecil?</p>;<p>93. Suatu lembaran kain yang panjangnya 60 cm harus dibagi sedemikian rupa sehingga panjangmya satu bagian ialah <span xss=removed>2/3</span>dari bagian yang lain. Berapa panjangnya bagian yang terpendek?</p>;<p>94. Suatu perusahaan mengekspor 3/4 dari hasil produksinya dan menjual 4/5 dari sisa itu didalam Negeri. Berapa % kah hasil produksi yang masih tinggal?</p>;<p>95. Jika suatu botol berisi anggur hanya 7/8 bagian dan harganya ialah Rp. 84,- Berapakah harga anggur itu jika botol itu hanya terisi 1/2 penuh?</p>;<p>96. Didalam suatu keluarga setiap anak perempuan mempunyai jumlah saudara laki-laki yang sama dengan jumlah saudara perempuan dan setiap anak laki-laki mempunyai dua kali lebih banyak saudara perempuan dari pada saudara laki laki. Berapa anak laki-laki', '13:35:N,14:280 km:N,15:205 kg:N,16:26 hari:N,17:30 batang cokelat:N,18:70 meter:N,19:45 meter:N,21:Rp. 50,-:N,22:84 orang:N,23:78 cm:N,24:19 batang pensil:N,25:6 gram perak:N,26:Rp. 75,-:N,27:180 meter:N,28:Rp. 120,-:N,29:17 buah:N,30:24 cm:N,32:5%:N,33:Rp. 48,-:N,34:3:N', 2, 8.00, 83.00, '2025-01-26 23:44:35', '2025-01-26 23:54:35', 'N'),
(532, 17, 82, '<p>97)   6   9  12  15  18  21  24  ?</p>;<p>98)     15  16  18  19  21  22  24  ?</p>;<p>99)     19  18  22  21  25  24  28  ?</p>;<p>100)     16  12  17  13  18  14  19  ?</p>;<p>101)     2  4  8  10  20  22  44  ?</p>;<p>102)     15  13  16  12  17  11  18  ?</p>;<p>103)     25  22  11  33  30  15  45  ?</p>;<p>104)     49  51  54  27  9  11  14  ?</p>;<p>105)     2  3  1  3  4  2  4  ?</p>;<p>106)     19  17  20  16  21  15  22  ?</p>;<p>107)     94  92  46  44  22  20  10  ?</p>;<p>108)      5   8   9   8   11  12   11   ?</p>;<p>109)      12   15   19   23   28   33   39   ?</p>;<p>110)      7   5   10   7   21   17   68   ?</p>;<p>111)      11  15   18   9   13   16   8   ?</p>;<p>112)      3   8   15   24   35   48   63   ?</p>;<p>113)      4  5  7   4   8   13   7   ?</p>;<p>114)       8   5   15   18   6   3   9   ?</p>;<p>115)      15   6   18   10   30   23   69   ?</p>;<p>116)       5   35   28   4   11   77   70  ?</p>', '35:27:N,36:25:N,37:27:N,38:15:N,39:46:N,40:10:N,41:42:N,42:7:N,43:5:N,44:14:N,45:8:N,46:14:N,47:45:N,48:63:N,49:12:N,50:80:N,51:14:N,52::N,53:63:N,54:63:N', 15, 75.00, 100.00, '2025-01-26 23:56:34', '2025-01-27 00:06:34', 'N'),
(533, 21, 75, '<p>61) mawar - melati</p>;<p>62) mata-telinga</p>;<p>63) Gula-Intan</p>;<p>64) Hujan-Salju</p>;<p>65) Pengantar surat-Telepon</p>;<p>66) Kamera-Kacamata</p>;<p>67) Lambung-Usus</p>;<p>68) Banyak-sedikit</p>;<p>69) Telur-Benih</p>;<p>70) Bendera-Lencana</p>;<p>71) Rumput-Gajah</p>;<p>72) Ember-Kantong</p>;<p>73) Awal-Akhir</p>;<p>74) Kikir-Boros</p>;<p>75) Penawaran-Permintaan</p>;<p>76) Atas-Bawah</p>', '55:merah-putih:N,56:melihat-mendengar:N,57:Garam-Permata:N,58:Panas-Gugur:N,59:Pengantar paket-Hp:N,60:Speaker-Headset:N,61:Jantung-Paru-paru:N,62:Pulang-Pergi:N,63:Buah-Biji:N,64:Kain-Jarum:N,65:Daging-Singa:N,66:Keranjang-plastik:N,67:Atas-bawah:N,68:Hemat-Kaya:N,69::N,70::N', 0, 0.00, 100.00, '2025-01-27 01:17:31', '2025-01-27 01:25:31', 'N'),
(534, 15, 75, '<p>77. Jika seorang anak memiliki 50 rupiah dan memberikan 15 rupiah kepada orang lain ,berapa rupiahkah yang masih tinggal padanya?</p>;<p>78. Berapa km-kah yang dapat ditempuh oleh kereta api dalam waktu 7 jam ,jika kecepatanya 40 km/jam?</p>;<p>79. 15 Peti buah -buahan beratnya 250 kg dan setiap peti kosong beratnya 3 kg, berapakah berat buah-buahan itu?</p>;<p>80. Seseorang mempunyai persediaan rumput yang cukup untuk 7 ekor kuda selama 78 hari. Berapa harikah persediaan itu cukup untuk 21 ekor kuda?</p>;<p>81. 3 Batang coklat harganya Rp. 5,- berapa batangkah yang dapat kita beli dengan Rp. 50,-?</p>;<p xss=removed>82. Seseorang dapat berjalan 1,75 m dalam waktu 1/4 detik.Berapa meterkah yang dapat ia tampuh dalam waktu 10 detik?</p>;<p>83. Jika sebuah batu terletak 15 m disebelah selatan dari sebatang pohon dan pohon itu berada 30 m disebelah selatan dari sebuah rumah, berapa meterkah jarak antara batu dan rumah itu?</p>;<p xss=removed>84. Jika 4 <sup>1/2</sup> m bahan sandang harganya Rp.90,-berapa rupiahkah harganya 2 <sup>1/2</sup> m?</p>;<p>85. 7 Orang dapat menyelesaikan sesuatu pekerjaan dalam 6 hari. Berapa orangkah yang diperlukan untuk menyelesaikan pekerjaan itu dalam setengah hari?</p>;<p>86. Karena dipanaskan, kawat yang panjangnya 48 cm akan mengembang menjadi 52 cm. Setelah pemanasan, berapakah panjangnya kawat yang berukuran 72 cm?</p>;<p>87. Suatu pabrik dapat menghasilkan 304 batang pensiun dalam waktu 8 jam. Berapa batangkah yang dihasilkan dalam waktu setengah jam?</p>;<p>88. Untuk suatu campuran diperlukan 2 bagian perak dan 3 bagian timah. Berapa gramkah perak yang diperlukan untuk mendapatkan campuran itu yang beratnya 15 gram?</p>;<p>89. Untuk setiap Rp. 3,- yang dimiliki Sidin, Hamid memiliki Rp.5,- Jika mereka bersama mempunyai Rp.120,- berapa rupiahkah yang dimiliki Hamid?</p>;<p>90. Mesin A menenun 60 m kain, sedangkan mesin B menenun 40 m. Berapa meterkah yang ditenun mesin A, jika mesin B menenun 60 m?</p>;<p>91. Seseorang membelikan <sup>1/10 </sup>dari uangnya untuk perangko dan 4 kali jumlah itu untuk alat tulis. Sisa uangnya masih Rp.60,- Berapa rupiahkah uangnya semula?</p>;<p>92. Didalam dua peti terdapat 43 buah piring. Di dalam peti yang satu terdapat 9 buah piring lebih banyak dari pada di dalam peti yang lain. Berapa buah piring terdapat didalam peti yang lebih kecil?</p>;<p>93. Suatu lembaran kain yang panjangnya 60 cm harus dibagi sedemikian rupa sehingga panjangmya satu bagian ialah <span xss=removed>2/3</span>dari bagian yang lain. Berapa panjangnya bagian yang terpendek?</p>;<p>94. Suatu perusahaan mengekspor 3/4 dari hasil produksinya dan menjual 4/5 dari sisa itu didalam Negeri. Berapa % kah hasil produksi yang masih tinggal?</p>;<p>95. Jika suatu botol berisi anggur hanya 7/8 bagian dan harganya ialah Rp. 84,- Berapakah harga anggur itu jika botol itu hanya terisi 1/2 penuh?</p>;<p>96. Didalam suatu keluarga setiap anak perempuan mempunyai jumlah saudara laki-laki yang sama dengan jumlah saudara perempuan dan setiap anak laki-laki mempunyai dua kali lebih banyak saudara perempuan dari pada saudara laki laki. Berapa anak laki-laki', '13:35:N,14:280:N,15::N,16:26:N,17:30:N,18:70:N,19:45:N,21:50:N,22::N,23:76:N,24:19:N,25:30:N,26::N,27::N,28::N,29::N,30::N,32::N,33::N,34::N', 7, 35.00, 100.00, '2025-01-27 01:27:52', '2025-01-27 01:37:52', 'N'),
(535, 21, 83, '<p>61) mawar - melati</p>;<p>62) mata-telinga</p>;<p>63) Gula-Intan</p>;<p>64) Hujan-Salju</p>;<p>65) Pengantar surat-Telepon</p>;<p>66) Kamera-Kacamata</p>;<p>67) Lambung-Usus</p>;<p>68) Banyak-sedikit</p>;<p>69) Telur-Benih</p>;<p>70) Bendera-Lencana</p>;<p>71) Rumput-Gajah</p>;<p>72) Ember-Kantong</p>;<p>73) Awal-Akhir</p>;<p>74) Kikir-Boros</p>;<p>75) Penawaran-Permintaan</p>;<p>76) Atas-Bawah</p>', '55:bunga:N,56:indera:N,57:butiran:N,58:cuaca:N,59:komunikasi:N,60:lensa:N,61:pencernaan:N,62:jumlah:N,63:bibit:N,64:simbol:N,65:rantai makanan:N,66:wadah:N,67:cerita:N,68:sifat:N,69:transaksi:N,70:letak:N', 0, 0.00, 100.00, '2025-01-27 07:33:08', '2025-01-27 07:41:08', 'N'),
(536, 15, 83, '<p>77. Jika seorang anak memiliki 50 rupiah dan memberikan 15 rupiah kepada orang lain ,berapa rupiahkah yang masih tinggal padanya?</p>;<p>78. Berapa km-kah yang dapat ditempuh oleh kereta api dalam waktu 7 jam ,jika kecepatanya 40 km/jam?</p>;<p>79. 15 Peti buah -buahan beratnya 250 kg dan setiap peti kosong beratnya 3 kg, berapakah berat buah-buahan itu?</p>;<p>80. Seseorang mempunyai persediaan rumput yang cukup untuk 7 ekor kuda selama 78 hari. Berapa harikah persediaan itu cukup untuk 21 ekor kuda?</p>;<p>81. 3 Batang coklat harganya Rp. 5,- berapa batangkah yang dapat kita beli dengan Rp. 50,-?</p>;<p xss=removed>82. Seseorang dapat berjalan 1,75 m dalam waktu 1/4 detik.Berapa meterkah yang dapat ia tampuh dalam waktu 10 detik?</p>;<p>83. Jika sebuah batu terletak 15 m disebelah selatan dari sebatang pohon dan pohon itu berada 30 m disebelah selatan dari sebuah rumah, berapa meterkah jarak antara batu dan rumah itu?</p>;<p xss=removed>84. Jika 4 <sup>1/2</sup> m bahan sandang harganya Rp.90,-berapa rupiahkah harganya 2 <sup>1/2</sup> m?</p>;<p>85. 7 Orang dapat menyelesaikan sesuatu pekerjaan dalam 6 hari. Berapa orangkah yang diperlukan untuk menyelesaikan pekerjaan itu dalam setengah hari?</p>;<p>86. Karena dipanaskan, kawat yang panjangnya 48 cm akan mengembang menjadi 52 cm. Setelah pemanasan, berapakah panjangnya kawat yang berukuran 72 cm?</p>;<p>87. Suatu pabrik dapat menghasilkan 304 batang pensiun dalam waktu 8 jam. Berapa batangkah yang dihasilkan dalam waktu setengah jam?</p>;<p>88. Untuk suatu campuran diperlukan 2 bagian perak dan 3 bagian timah. Berapa gramkah perak yang diperlukan untuk mendapatkan campuran itu yang beratnya 15 gram?</p>;<p>89. Untuk setiap Rp. 3,- yang dimiliki Sidin, Hamid memiliki Rp.5,- Jika mereka bersama mempunyai Rp.120,- berapa rupiahkah yang dimiliki Hamid?</p>;<p>90. Mesin A menenun 60 m kain, sedangkan mesin B menenun 40 m. Berapa meterkah yang ditenun mesin A, jika mesin B menenun 60 m?</p>;<p>91. Seseorang membelikan <sup>1/10 </sup>dari uangnya untuk perangko dan 4 kali jumlah itu untuk alat tulis. Sisa uangnya masih Rp.60,- Berapa rupiahkah uangnya semula?</p>;<p>92. Didalam dua peti terdapat 43 buah piring. Di dalam peti yang satu terdapat 9 buah piring lebih banyak dari pada di dalam peti yang lain. Berapa buah piring terdapat didalam peti yang lebih kecil?</p>;<p>93. Suatu lembaran kain yang panjangnya 60 cm harus dibagi sedemikian rupa sehingga panjangmya satu bagian ialah <span xss=removed>2/3</span>dari bagian yang lain. Berapa panjangnya bagian yang terpendek?</p>;<p>94. Suatu perusahaan mengekspor 3/4 dari hasil produksinya dan menjual 4/5 dari sisa itu didalam Negeri. Berapa % kah hasil produksi yang masih tinggal?</p>;<p>95. Jika suatu botol berisi anggur hanya 7/8 bagian dan harganya ialah Rp. 84,- Berapakah harga anggur itu jika botol itu hanya terisi 1/2 penuh?</p>;<p>96. Didalam suatu keluarga setiap anak perempuan mempunyai jumlah saudara laki-laki yang sama dengan jumlah saudara perempuan dan setiap anak laki-laki mempunyai dua kali lebih banyak saudara perempuan dari pada saudara laki laki. Berapa anak laki-laki', '13:35:N,14:280:N,15:215:N,16:26:N,17:10:N,18:60:N,19:45:N,21:50:N,22:84:N,23:78:N,24:19:N,25:9:N,26:75:N,27:90:N,28:120:N,29:22:N,30:20:N,32:5:N,33:48:N,34:2:N', 10, 50.00, 100.00, '2025-01-27 07:35:16', '2025-01-27 07:45:16', 'N'),
(537, 17, 83, '<p>97)   6   9  12  15  18  21  24  ?</p>;<p>98)     15  16  18  19  21  22  24  ?</p>;<p>99)     19  18  22  21  25  24  28  ?</p>;<p>100)     16  12  17  13  18  14  19  ?</p>;<p>101)     2  4  8  10  20  22  44  ?</p>;<p>102)     15  13  16  12  17  11  18  ?</p>;<p>103)     25  22  11  33  30  15  45  ?</p>;<p>104)     49  51  54  27  9  11  14  ?</p>;<p>105)     2  3  1  3  4  2  4  ?</p>;<p>106)     19  17  20  16  21  15  22  ?</p>;<p>107)     94  92  46  44  22  20  10  ?</p>;<p>108)      5   8   9   8   11  12   11   ?</p>;<p>109)      12   15   19   23   28   33   39   ?</p>;<p>110)      7   5   10   7   21   17   68   ?</p>;<p>111)      11  15   18   9   13   16   8   ?</p>;<p>112)      3   8   15   24   35   48   63   ?</p>;<p>113)      4  5  7   4   8   13   7   ?</p>;<p>114)       8   5   15   18   6   3   9   ?</p>;<p>115)      15   6   18   10   30   23   69   ?</p>;<p>116)       5   35   28   4   11   77   70  ?</p>', '35:27:N,36:25:N,37:27:N,38:15:N,39:46:N,40:10:N,41:42:N,42:7:N,43:2:N,44:14:N,45:8:N,46:14:N,47:46:N,48:65:N,49:12:N,50:80:N,51:8:N,52:12:N,53:63:N,54:10:N', 14, 70.00, 100.00, '2025-01-27 07:44:46', '2025-01-27 07:54:46', 'N'),
(538, 21, 85, '<p>61) mawar - melati</p>;<p>62) mata-telinga</p>;<p>63) Gula-Intan</p>;<p>64) Hujan-Salju</p>;<p>65) Pengantar surat-Telepon</p>;<p>66) Kamera-Kacamata</p>;<p>67) Lambung-Usus</p>;<p>68) Banyak-sedikit</p>;<p>69) Telur-Benih</p>;<p>70) Bendera-Lencana</p>;<p>71) Rumput-Gajah</p>;<p>72) Ember-Kantong</p>;<p>73) Awal-Akhir</p>;<p>74) Kikir-Boros</p>;<p>75) Penawaran-Permintaan</p>;<p>76) Atas-Bawah</p>', '55:bunga:N,56:indera:N,57:kristal:N,58:cuaca:N,59:alat komunikasi:N,60:lensa:N,61:pencernaan:N,62:lawan kata:N,63:reproduksi:N,64:lambang:N,65:organisme:N,66:wadah:N,67:batas:N,68:sifat:N,69:pasar:N,70:posisi:N', 0, 0.00, 100.00, '2025-01-27 07:46:35', '2025-01-27 07:54:35', 'N'),
(539, 15, 85, '<p>77. Jika seorang anak memiliki 50 rupiah dan memberikan 15 rupiah kepada orang lain ,berapa rupiahkah yang masih tinggal padanya?</p>;<p>78. Berapa km-kah yang dapat ditempuh oleh kereta api dalam waktu 7 jam ,jika kecepatanya 40 km/jam?</p>;<p>79. 15 Peti buah -buahan beratnya 250 kg dan setiap peti kosong beratnya 3 kg, berapakah berat buah-buahan itu?</p>;<p>80. Seseorang mempunyai persediaan rumput yang cukup untuk 7 ekor kuda selama 78 hari. Berapa harikah persediaan itu cukup untuk 21 ekor kuda?</p>;<p>81. 3 Batang coklat harganya Rp. 5,- berapa batangkah yang dapat kita beli dengan Rp. 50,-?</p>;<p xss=removed>82. Seseorang dapat berjalan 1,75 m dalam waktu 1/4 detik.Berapa meterkah yang dapat ia tampuh dalam waktu 10 detik?</p>;<p>83. Jika sebuah batu terletak 15 m disebelah selatan dari sebatang pohon dan pohon itu berada 30 m disebelah selatan dari sebuah rumah, berapa meterkah jarak antara batu dan rumah itu?</p>;<p xss=removed>84. Jika 4 <sup>1/2</sup> m bahan sandang harganya Rp.90,-berapa rupiahkah harganya 2 <sup>1/2</sup> m?</p>;<p>85. 7 Orang dapat menyelesaikan sesuatu pekerjaan dalam 6 hari. Berapa orangkah yang diperlukan untuk menyelesaikan pekerjaan itu dalam setengah hari?</p>;<p>86. Karena dipanaskan, kawat yang panjangnya 48 cm akan mengembang menjadi 52 cm. Setelah pemanasan, berapakah panjangnya kawat yang berukuran 72 cm?</p>;<p>87. Suatu pabrik dapat menghasilkan 304 batang pensiun dalam waktu 8 jam. Berapa batangkah yang dihasilkan dalam waktu setengah jam?</p>;<p>88. Untuk suatu campuran diperlukan 2 bagian perak dan 3 bagian timah. Berapa gramkah perak yang diperlukan untuk mendapatkan campuran itu yang beratnya 15 gram?</p>;<p>89. Untuk setiap Rp. 3,- yang dimiliki Sidin, Hamid memiliki Rp.5,- Jika mereka bersama mempunyai Rp.120,- berapa rupiahkah yang dimiliki Hamid?</p>;<p>90. Mesin A menenun 60 m kain, sedangkan mesin B menenun 40 m. Berapa meterkah yang ditenun mesin A, jika mesin B menenun 60 m?</p>;<p>91. Seseorang membelikan <sup>1/10 </sup>dari uangnya untuk perangko dan 4 kali jumlah itu untuk alat tulis. Sisa uangnya masih Rp.60,- Berapa rupiahkah uangnya semula?</p>;<p>92. Didalam dua peti terdapat 43 buah piring. Di dalam peti yang satu terdapat 9 buah piring lebih banyak dari pada di dalam peti yang lain. Berapa buah piring terdapat didalam peti yang lebih kecil?</p>;<p>93. Suatu lembaran kain yang panjangnya 60 cm harus dibagi sedemikian rupa sehingga panjangmya satu bagian ialah <span xss=removed>2/3</span>dari bagian yang lain. Berapa panjangnya bagian yang terpendek?</p>;<p>94. Suatu perusahaan mengekspor 3/4 dari hasil produksinya dan menjual 4/5 dari sisa itu didalam Negeri. Berapa % kah hasil produksi yang masih tinggal?</p>;<p>95. Jika suatu botol berisi anggur hanya 7/8 bagian dan harganya ialah Rp. 84,- Berapakah harga anggur itu jika botol itu hanya terisi 1/2 penuh?</p>;<p>96. Didalam suatu keluarga setiap anak perempuan mempunyai jumlah saudara laki-laki yang sama dengan jumlah saudara perempuan dan setiap anak laki-laki mempunyai dua kali lebih banyak saudara perempuan dari pada saudara laki laki. Berapa anak laki-laki', '13:35:N,14:280:N,15:205:N,16:26:N,17:30:N,18:70:N,19:45:N,21:50:N,22:84:N,23::N,24::N,25::N,26::N,27::N,28::N,29::N,30::N,32::N,33::N,34::N', 7, 35.00, 100.00, '2025-01-27 07:50:53', '2025-01-27 08:00:53', 'N'),
(540, 21, 74, '<p>61) mawar - melati</p>;<p>62) mata-telinga</p>;<p>63) Gula-Intan</p>;<p>64) Hujan-Salju</p>;<p>65) Pengantar surat-Telepon</p>;<p>66) Kamera-Kacamata</p>;<p>67) Lambung-Usus</p>;<p>68) Banyak-sedikit</p>;<p>69) Telur-Benih</p>;<p>70) Bendera-Lencana</p>;<p>71) Rumput-Gajah</p>;<p>72) Ember-Kantong</p>;<p>73) Awal-Akhir</p>;<p>74) Kikir-Boros</p>;<p>75) Penawaran-Permintaan</p>;<p>76) Atas-Bawah</p>', '55:Bunga:N,56:Indera:N,57:Batu:N,58:Musim :N,59:Komunikasi:N,60:Penglihatan :N,61:Pencernaan :N,62:Jumlah :N,63:Perkembangan :N,64:Simbol:N,65:Makanan:N,66:Wadah :N,67:Proses :N,68::N,69:Transaksi :N,70:Posisi :N', 0, 0.00, 100.00, '2025-01-27 07:55:25', '2025-01-27 08:03:25', 'N');
INSERT INTO `h_ujian_essay` (`id`, `ujianessay_id`, `mahasiswa_id`, `list_soal`, `list_jawaban`, `jml_benar`, `nilai`, `nilai_bobot`, `tgl_mulai`, `tgl_selesai`, `status`) VALUES
(541, 15, 74, '<p>77. Jika seorang anak memiliki 50 rupiah dan memberikan 15 rupiah kepada orang lain ,berapa rupiahkah yang masih tinggal padanya?</p>;<p>78. Berapa km-kah yang dapat ditempuh oleh kereta api dalam waktu 7 jam ,jika kecepatanya 40 km/jam?</p>;<p>79. 15 Peti buah -buahan beratnya 250 kg dan setiap peti kosong beratnya 3 kg, berapakah berat buah-buahan itu?</p>;<p>80. Seseorang mempunyai persediaan rumput yang cukup untuk 7 ekor kuda selama 78 hari. Berapa harikah persediaan itu cukup untuk 21 ekor kuda?</p>;<p>81. 3 Batang coklat harganya Rp. 5,- berapa batangkah yang dapat kita beli dengan Rp. 50,-?</p>;<p xss=removed>82. Seseorang dapat berjalan 1,75 m dalam waktu 1/4 detik.Berapa meterkah yang dapat ia tampuh dalam waktu 10 detik?</p>;<p>83. Jika sebuah batu terletak 15 m disebelah selatan dari sebatang pohon dan pohon itu berada 30 m disebelah selatan dari sebuah rumah, berapa meterkah jarak antara batu dan rumah itu?</p>;<p xss=removed>84. Jika 4 <sup>1/2</sup> m bahan sandang harganya Rp.90,-berapa rupiahkah harganya 2 <sup>1/2</sup> m?</p>;<p>85. 7 Orang dapat menyelesaikan sesuatu pekerjaan dalam 6 hari. Berapa orangkah yang diperlukan untuk menyelesaikan pekerjaan itu dalam setengah hari?</p>;<p>86. Karena dipanaskan, kawat yang panjangnya 48 cm akan mengembang menjadi 52 cm. Setelah pemanasan, berapakah panjangnya kawat yang berukuran 72 cm?</p>;<p>87. Suatu pabrik dapat menghasilkan 304 batang pensiun dalam waktu 8 jam. Berapa batangkah yang dihasilkan dalam waktu setengah jam?</p>;<p>88. Untuk suatu campuran diperlukan 2 bagian perak dan 3 bagian timah. Berapa gramkah perak yang diperlukan untuk mendapatkan campuran itu yang beratnya 15 gram?</p>;<p>89. Untuk setiap Rp. 3,- yang dimiliki Sidin, Hamid memiliki Rp.5,- Jika mereka bersama mempunyai Rp.120,- berapa rupiahkah yang dimiliki Hamid?</p>;<p>90. Mesin A menenun 60 m kain, sedangkan mesin B menenun 40 m. Berapa meterkah yang ditenun mesin A, jika mesin B menenun 60 m?</p>;<p>91. Seseorang membelikan <sup>1/10 </sup>dari uangnya untuk perangko dan 4 kali jumlah itu untuk alat tulis. Sisa uangnya masih Rp.60,- Berapa rupiahkah uangnya semula?</p>;<p>92. Didalam dua peti terdapat 43 buah piring. Di dalam peti yang satu terdapat 9 buah piring lebih banyak dari pada di dalam peti yang lain. Berapa buah piring terdapat didalam peti yang lebih kecil?</p>;<p>93. Suatu lembaran kain yang panjangnya 60 cm harus dibagi sedemikian rupa sehingga panjangmya satu bagian ialah <span xss=removed>2/3</span>dari bagian yang lain. Berapa panjangnya bagian yang terpendek?</p>;<p>94. Suatu perusahaan mengekspor 3/4 dari hasil produksinya dan menjual 4/5 dari sisa itu didalam Negeri. Berapa % kah hasil produksi yang masih tinggal?</p>;<p>95. Jika suatu botol berisi anggur hanya 7/8 bagian dan harganya ialah Rp. 84,- Berapakah harga anggur itu jika botol itu hanya terisi 1/2 penuh?</p>;<p>96. Didalam suatu keluarga setiap anak perempuan mempunyai jumlah saudara laki-laki yang sama dengan jumlah saudara perempuan dan setiap anak laki-laki mempunyai dua kali lebih banyak saudara perempuan dari pada saudara laki laki. Berapa anak laki-laki', '13:35:N,14:28:N,15:205:N,16::N,17:30:N,18:16:N,19::N,21::N,22:14:N,23:76:N,24:626:N,25:14:N,26:25:N,27:30:N,28::N,29:38:N,30:43:N,32:34:N,33:126:N,34::N', 2, 10.00, 100.00, '2025-01-27 07:57:42', '2025-01-27 08:07:42', 'N'),
(542, 17, 85, '<p>97)   6   9  12  15  18  21  24  ?</p>;<p>98)     15  16  18  19  21  22  24  ?</p>;<p>99)     19  18  22  21  25  24  28  ?</p>;<p>100)     16  12  17  13  18  14  19  ?</p>;<p>101)     2  4  8  10  20  22  44  ?</p>;<p>102)     15  13  16  12  17  11  18  ?</p>;<p>103)     25  22  11  33  30  15  45  ?</p>;<p>104)     49  51  54  27  9  11  14  ?</p>;<p>105)     2  3  1  3  4  2  4  ?</p>;<p>106)     19  17  20  16  21  15  22  ?</p>;<p>107)     94  92  46  44  22  20  10  ?</p>;<p>108)      5   8   9   8   11  12   11   ?</p>;<p>109)      12   15   19   23   28   33   39   ?</p>;<p>110)      7   5   10   7   21   17   68   ?</p>;<p>111)      11  15   18   9   13   16   8   ?</p>;<p>112)      3   8   15   24   35   48   63   ?</p>;<p>113)      4  5  7   4   8   13   7   ?</p>;<p>114)       8   5   15   18   6   3   9   ?</p>;<p>115)      15   6   18   10   30   23   69   ?</p>;<p>116)       5   35   28   4   11   77   70  ?</p>', '35:28:N,36:25:N,37:27:N,38:15:N,39:42:N,40:10:N,41:42:N,42:7:N,43:5:N,44:14:N,45::N,46::N,47::N,48::N,49::N,50::N,51::N,52::N,53::N,54::N', 7, 35.00, 100.00, '2025-01-27 08:01:28', '2025-01-27 08:11:28', 'N'),
(543, 17, 74, '<p>97)   6   9  12  15  18  21  24  ?</p>;<p>98)     15  16  18  19  21  22  24  ?</p>;<p>99)     19  18  22  21  25  24  28  ?</p>;<p>100)     16  12  17  13  18  14  19  ?</p>;<p>101)     2  4  8  10  20  22  44  ?</p>;<p>102)     15  13  16  12  17  11  18  ?</p>;<p>103)     25  22  11  33  30  15  45  ?</p>;<p>104)     49  51  54  27  9  11  14  ?</p>;<p>105)     2  3  1  3  4  2  4  ?</p>;<p>106)     19  17  20  16  21  15  22  ?</p>;<p>107)     94  92  46  44  22  20  10  ?</p>;<p>108)      5   8   9   8   11  12   11   ?</p>;<p>109)      12   15   19   23   28   33   39   ?</p>;<p>110)      7   5   10   7   21   17   68   ?</p>;<p>111)      11  15   18   9   13   16   8   ?</p>;<p>112)      3   8   15   24   35   48   63   ?</p>;<p>113)      4  5  7   4   8   13   7   ?</p>;<p>114)       8   5   15   18   6   3   9   ?</p>;<p>115)      15   6   18   10   30   23   69   ?</p>;<p>116)       5   35   28   4   11   77   70  ?</p>', '35:27:N,36:25:N,37:27:N,38:15:N,39:46:N,40:10:N,41:42:N,42:7:N,43:3:N,44:14:N,45:8:N,46:14:N,47:33:N,48:63:N,49::N,50:80:N,51::N,52::N,53::N,54::N', 11, 55.00, 100.00, '2025-01-27 08:04:55', '2025-01-27 08:14:55', 'N'),
(544, 17, 75, '<p>97)   6   9  12  15  18  21  24  ?</p>;<p>98)     15  16  18  19  21  22  24  ?</p>;<p>99)     19  18  22  21  25  24  28  ?</p>;<p>100)     16  12  17  13  18  14  19  ?</p>;<p>101)     2  4  8  10  20  22  44  ?</p>;<p>102)     15  13  16  12  17  11  18  ?</p>;<p>103)     25  22  11  33  30  15  45  ?</p>;<p>104)     49  51  54  27  9  11  14  ?</p>;<p>105)     2  3  1  3  4  2  4  ?</p>;<p>106)     19  17  20  16  21  15  22  ?</p>;<p>107)     94  92  46  44  22  20  10  ?</p>;<p>108)      5   8   9   8   11  12   11   ?</p>;<p>109)      12   15   19   23   28   33   39   ?</p>;<p>110)      7   5   10   7   21   17   68   ?</p>;<p>111)      11  15   18   9   13   16   8   ?</p>;<p>112)      3   8   15   24   35   48   63   ?</p>;<p>113)      4  5  7   4   8   13   7   ?</p>;<p>114)       8   5   15   18   6   3   9   ?</p>;<p>115)      15   6   18   10   30   23   69   ?</p>;<p>116)       5   35   28   4   11   77   70  ?</p>', '35:27:N,36:25:N,37:27:N,38:15:N,39:46:N,40:10:N,41:42:N,42:28:N,43:5:N,44:14:N,45:8:N,46:14:N,47:45:N,48:63:N,49::N,50::N,51::N,52::N,53::N,54::N', 11, 55.00, 100.00, '2025-01-27 08:37:32', '2025-01-27 08:47:32', 'N'),
(545, 21, 81, '<p>61) mawar - melati</p>;<p>62) mata-telinga</p>;<p>63) Gula-Intan</p>;<p>64) Hujan-Salju</p>;<p>65) Pengantar surat-Telepon</p>;<p>66) Kamera-Kacamata</p>;<p>67) Lambung-Usus</p>;<p>68) Banyak-sedikit</p>;<p>69) Telur-Benih</p>;<p>70) Bendera-Lencana</p>;<p>71) Rumput-Gajah</p>;<p>72) Ember-Kantong</p>;<p>73) Awal-Akhir</p>;<p>74) Kikir-Boros</p>;<p>75) Penawaran-Permintaan</p>;<p>76) Atas-Bawah</p>', '55:Bunga:N,56:Indra:N,57:kristal:N,58:cuaca:N,59:informasi:N,60:melihat:N,61:pencernaan:N,62:jumlah:N,63:bibit:N,64:lambang:N,65:makanan:N,66:wadah:N,67:tujuan:N,68:sifat:N,69:dagang:N,70:tujuan:N', 0, 0.00, 100.00, '2025-01-28 09:45:41', '2025-01-28 09:53:41', 'N'),
(546, 15, 81, '<p>77. Jika seorang anak memiliki 50 rupiah dan memberikan 15 rupiah kepada orang lain ,berapa rupiahkah yang masih tinggal padanya?</p>;<p>78. Berapa km-kah yang dapat ditempuh oleh kereta api dalam waktu 7 jam ,jika kecepatanya 40 km/jam?</p>;<p>79. 15 Peti buah -buahan beratnya 250 kg dan setiap peti kosong beratnya 3 kg, berapakah berat buah-buahan itu?</p>;<p>80. Seseorang mempunyai persediaan rumput yang cukup untuk 7 ekor kuda selama 78 hari. Berapa harikah persediaan itu cukup untuk 21 ekor kuda?</p>;<p>81. 3 Batang coklat harganya Rp. 5,- berapa batangkah yang dapat kita beli dengan Rp. 50,-?</p>;<p xss=removed>82. Seseorang dapat berjalan 1,75 m dalam waktu 1/4 detik.Berapa meterkah yang dapat ia tampuh dalam waktu 10 detik?</p>;<p>83. Jika sebuah batu terletak 15 m disebelah selatan dari sebatang pohon dan pohon itu berada 30 m disebelah selatan dari sebuah rumah, berapa meterkah jarak antara batu dan rumah itu?</p>;<p xss=removed>84. Jika 4 <sup>1/2</sup> m bahan sandang harganya Rp.90,-berapa rupiahkah harganya 2 <sup>1/2</sup> m?</p>;<p>85. 7 Orang dapat menyelesaikan sesuatu pekerjaan dalam 6 hari. Berapa orangkah yang diperlukan untuk menyelesaikan pekerjaan itu dalam setengah hari?</p>;<p>86. Karena dipanaskan, kawat yang panjangnya 48 cm akan mengembang menjadi 52 cm. Setelah pemanasan, berapakah panjangnya kawat yang berukuran 72 cm?</p>;<p>87. Suatu pabrik dapat menghasilkan 304 batang pensiun dalam waktu 8 jam. Berapa batangkah yang dihasilkan dalam waktu setengah jam?</p>;<p>88. Untuk suatu campuran diperlukan 2 bagian perak dan 3 bagian timah. Berapa gramkah perak yang diperlukan untuk mendapatkan campuran itu yang beratnya 15 gram?</p>;<p>89. Untuk setiap Rp. 3,- yang dimiliki Sidin, Hamid memiliki Rp.5,- Jika mereka bersama mempunyai Rp.120,- berapa rupiahkah yang dimiliki Hamid?</p>;<p>90. Mesin A menenun 60 m kain, sedangkan mesin B menenun 40 m. Berapa meterkah yang ditenun mesin A, jika mesin B menenun 60 m?</p>;<p>91. Seseorang membelikan <sup>1/10 </sup>dari uangnya untuk perangko dan 4 kali jumlah itu untuk alat tulis. Sisa uangnya masih Rp.60,- Berapa rupiahkah uangnya semula?</p>;<p>92. Didalam dua peti terdapat 43 buah piring. Di dalam peti yang satu terdapat 9 buah piring lebih banyak dari pada di dalam peti yang lain. Berapa buah piring terdapat didalam peti yang lebih kecil?</p>;<p>93. Suatu lembaran kain yang panjangnya 60 cm harus dibagi sedemikian rupa sehingga panjangmya satu bagian ialah <span xss=removed>2/3</span>dari bagian yang lain. Berapa panjangnya bagian yang terpendek?</p>;<p>94. Suatu perusahaan mengekspor 3/4 dari hasil produksinya dan menjual 4/5 dari sisa itu didalam Negeri. Berapa % kah hasil produksi yang masih tinggal?</p>;<p>95. Jika suatu botol berisi anggur hanya 7/8 bagian dan harganya ialah Rp. 84,- Berapakah harga anggur itu jika botol itu hanya terisi 1/2 penuh?</p>;<p>96. Didalam suatu keluarga setiap anak perempuan mempunyai jumlah saudara laki-laki yang sama dengan jumlah saudara perempuan dan setiap anak laki-laki mempunyai dua kali lebih banyak saudara perempuan dari pada saudara laki laki. Berapa anak laki-laki', '13:35:N,14:280:N,15:205:N,16:26:N,17:30:N,18:70:N,19:15:N,21:50:N,22:42:N,23:68:N,24:19:N,25:9:N,26:72:N,27:80:N,28::N,29::N,30::N,32::N,33::N,34::N', 6, 30.00, 100.00, '2025-01-28 09:49:16', '2025-01-28 09:59:16', 'N'),
(547, 17, 81, '<p>97)   6   9  12  15  18  21  24  ?</p>;<p>98)     15  16  18  19  21  22  24  ?</p>;<p>99)     19  18  22  21  25  24  28  ?</p>;<p>100)     16  12  17  13  18  14  19  ?</p>;<p>101)     2  4  8  10  20  22  44  ?</p>;<p>102)     15  13  16  12  17  11  18  ?</p>;<p>103)     25  22  11  33  30  15  45  ?</p>;<p>104)     49  51  54  27  9  11  14  ?</p>;<p>105)     2  3  1  3  4  2  4  ?</p>;<p>106)     19  17  20  16  21  15  22  ?</p>;<p>107)     94  92  46  44  22  20  10  ?</p>;<p>108)      5   8   9   8   11  12   11   ?</p>;<p>109)      12   15   19   23   28   33   39   ?</p>;<p>110)      7   5   10   7   21   17   68   ?</p>;<p>111)      11  15   18   9   13   16   8   ?</p>;<p>112)      3   8   15   24   35   48   63   ?</p>;<p>113)      4  5  7   4   8   13   7   ?</p>;<p>114)       8   5   15   18   6   3   9   ?</p>;<p>115)      15   6   18   10   30   23   69   ?</p>;<p>116)       5   35   28   4   11   77   70  ?</p>', '35:27:N,36:25:N,37:27:N,38:15:N,39:46:N,40:10:N,41:42:N,42:7:N,43:5:N,44:14:N,45:8:N,46:10:N,47:45:N,48:7:N,49:4:N,50:96:N,51::N,52::N,53::N,54::N', 11, 55.00, 100.00, '2025-01-28 09:59:42', '2025-01-28 10:09:42', 'N'),
(548, 21, 86, '<p>61) mawar - melati</p>;<p>62) mata-telinga</p>;<p>63) Gula-Intan</p>;<p>64) Hujan-Salju</p>;<p>65) Pengantar surat-Telepon</p>;<p>66) Kamera-Kacamata</p>;<p>67) Lambung-Usus</p>;<p>68) Banyak-sedikit</p>;<p>69) Telur-Benih</p>;<p>70) Bendera-Lencana</p>;<p>71) Rumput-Gajah</p>;<p>72) Ember-Kantong</p>;<p>73) Awal-Akhir</p>;<p>74) Kikir-Boros</p>;<p>75) Penawaran-Permintaan</p>;<p>76) Atas-Bawah</p>', '55:bunga:N,56:panca indera:N,57:berkilau:N,58:musim:N,59:media komunikasi:N,60:penglihatan:N,61:organ pencernaan:N,62:jumlah:N,63:berkembang:N,64:negara:N,65:rantai makanan:N,66:wadah:N,67:alur:N,68:sifat:N,69:pasar:N,70:letak:N', 0, 0.00, 100.00, '2025-02-02 14:46:13', '2025-02-02 14:54:13', 'N'),
(549, 15, 86, '<p>77. Jika seorang anak memiliki 50 rupiah dan memberikan 15 rupiah kepada orang lain ,berapa rupiahkah yang masih tinggal padanya?</p>;<p>78. Berapa km-kah yang dapat ditempuh oleh kereta api dalam waktu 7 jam ,jika kecepatanya 40 km/jam?</p>;<p>79. 15 Peti buah -buahan beratnya 250 kg dan setiap peti kosong beratnya 3 kg, berapakah berat buah-buahan itu?</p>;<p>80. Seseorang mempunyai persediaan rumput yang cukup untuk 7 ekor kuda selama 78 hari. Berapa harikah persediaan itu cukup untuk 21 ekor kuda?</p>;<p>81. 3 Batang coklat harganya Rp. 5,- berapa batangkah yang dapat kita beli dengan Rp. 50,-?</p>;<p xss=removed>82. Seseorang dapat berjalan 1,75 m dalam waktu 1/4 detik.Berapa meterkah yang dapat ia tampuh dalam waktu 10 detik?</p>;<p>83. Jika sebuah batu terletak 15 m disebelah selatan dari sebatang pohon dan pohon itu berada 30 m disebelah selatan dari sebuah rumah, berapa meterkah jarak antara batu dan rumah itu?</p>;<p xss=removed>84. Jika 4 <sup>1/2</sup> m bahan sandang harganya Rp.90,-berapa rupiahkah harganya 2 <sup>1/2</sup> m?</p>;<p>85. 7 Orang dapat menyelesaikan sesuatu pekerjaan dalam 6 hari. Berapa orangkah yang diperlukan untuk menyelesaikan pekerjaan itu dalam setengah hari?</p>;<p>86. Karena dipanaskan, kawat yang panjangnya 48 cm akan mengembang menjadi 52 cm. Setelah pemanasan, berapakah panjangnya kawat yang berukuran 72 cm?</p>;<p>87. Suatu pabrik dapat menghasilkan 304 batang pensiun dalam waktu 8 jam. Berapa batangkah yang dihasilkan dalam waktu setengah jam?</p>;<p>88. Untuk suatu campuran diperlukan 2 bagian perak dan 3 bagian timah. Berapa gramkah perak yang diperlukan untuk mendapatkan campuran itu yang beratnya 15 gram?</p>;<p>89. Untuk setiap Rp. 3,- yang dimiliki Sidin, Hamid memiliki Rp.5,- Jika mereka bersama mempunyai Rp.120,- berapa rupiahkah yang dimiliki Hamid?</p>;<p>90. Mesin A menenun 60 m kain, sedangkan mesin B menenun 40 m. Berapa meterkah yang ditenun mesin A, jika mesin B menenun 60 m?</p>;<p>91. Seseorang membelikan <sup>1/10 </sup>dari uangnya untuk perangko dan 4 kali jumlah itu untuk alat tulis. Sisa uangnya masih Rp.60,- Berapa rupiahkah uangnya semula?</p>;<p>92. Didalam dua peti terdapat 43 buah piring. Di dalam peti yang satu terdapat 9 buah piring lebih banyak dari pada di dalam peti yang lain. Berapa buah piring terdapat didalam peti yang lebih kecil?</p>;<p>93. Suatu lembaran kain yang panjangnya 60 cm harus dibagi sedemikian rupa sehingga panjangmya satu bagian ialah <span xss=removed>2/3</span>dari bagian yang lain. Berapa panjangnya bagian yang terpendek?</p>;<p>94. Suatu perusahaan mengekspor 3/4 dari hasil produksinya dan menjual 4/5 dari sisa itu didalam Negeri. Berapa % kah hasil produksi yang masih tinggal?</p>;<p>95. Jika suatu botol berisi anggur hanya 7/8 bagian dan harganya ialah Rp. 84,- Berapakah harga anggur itu jika botol itu hanya terisi 1/2 penuh?</p>;<p>96. Didalam suatu keluarga setiap anak perempuan mempunyai jumlah saudara laki-laki yang sama dengan jumlah saudara perempuan dan setiap anak laki-laki mempunyai dua kali lebih banyak saudara perempuan dari pada saudara laki laki. Berapa anak laki-laki', '13:35 :N,14:280:N,15:205:N,16:26:N,17:30:N,18:70:N,19:15:N,21:50:N,22:72:Y,23:78:N,24:19:N,25:30:N,26:15:N,27:100:N,28:15:N,29:15:N,30:15:N,32:15:N,33:15:N,34:15:N', 6, 30.00, 100.00, '2025-02-02 14:53:49', '2025-02-02 15:03:49', 'N'),
(550, 17, 86, '<p>97)   6   9  12  15  18  21  24  ?</p>;<p>98)     15  16  18  19  21  22  24  ?</p>;<p>99)     19  18  22  21  25  24  28  ?</p>;<p>100)     16  12  17  13  18  14  19  ?</p>;<p>101)     2  4  8  10  20  22  44  ?</p>;<p>102)     15  13  16  12  17  11  18  ?</p>;<p>103)     25  22  11  33  30  15  45  ?</p>;<p>104)     49  51  54  27  9  11  14  ?</p>;<p>105)     2  3  1  3  4  2  4  ?</p>;<p>106)     19  17  20  16  21  15  22  ?</p>;<p>107)     94  92  46  44  22  20  10  ?</p>;<p>108)      5   8   9   8   11  12   11   ?</p>;<p>109)      12   15   19   23   28   33   39   ?</p>;<p>110)      7   5   10   7   21   17   68   ?</p>;<p>111)      11  15   18   9   13   16   8   ?</p>;<p>112)      3   8   15   24   35   48   63   ?</p>;<p>113)      4  5  7   4   8   13   7   ?</p>;<p>114)       8   5   15   18   6   3   9   ?</p>;<p>115)      15   6   18   10   30   23   69   ?</p>;<p>116)       5   35   28   4   11   77   70  ?</p>', '35:27:N,36:25:N,37:27:N,38:15:N,39:46:N,40:10:N,41:42:N,42:45:N,43:5:N,44:14:N,45:8:N,46:15:N,47:45:N,48:6:N,49:12:N,50:80:N,51:4:N,52:8:Y,53::Y,54:10:N', 13, 65.00, 100.00, '2025-02-02 15:04:01', '2025-02-02 15:14:01', 'N'),
(551, 21, 87, '<p>61) mawar - melati</p>;<p>62) mata-telinga</p>;<p>63) Gula-Intan</p>;<p>64) Hujan-Salju</p>;<p>65) Pengantar surat-Telepon</p>;<p>66) Kamera-Kacamata</p>;<p>67) Lambung-Usus</p>;<p>68) Banyak-sedikit</p>;<p>69) Telur-Benih</p>;<p>70) Bendera-Lencana</p>;<p>71) Rumput-Gajah</p>;<p>72) Ember-Kantong</p>;<p>73) Awal-Akhir</p>;<p>74) Kikir-Boros</p>;<p>75) Penawaran-Permintaan</p>;<p>76) Atas-Bawah</p>', '55:Bunga:N,56:Indera:N,57:Kristal:N,58:Dingin:N,59:Alat Komunikasi:N,60:Lensa:N,61:Alat Pencernaan:N,62:Jumlah:N,63:Bakal:N,64:Lambang:N,65:Rantai Makanan:N,66:Wadah:N,67:Alur Peristiwa:N,68:Sifat:N,69:Pasar:N,70:Batas:N', 0, 0.00, 100.00, '2025-02-02 21:13:20', '2025-02-02 21:21:20', 'N'),
(552, 15, 87, '<p>77. Jika seorang anak memiliki 50 rupiah dan memberikan 15 rupiah kepada orang lain ,berapa rupiahkah yang masih tinggal padanya?</p>;<p>78. Berapa km-kah yang dapat ditempuh oleh kereta api dalam waktu 7 jam ,jika kecepatanya 40 km/jam?</p>;<p>79. 15 Peti buah -buahan beratnya 250 kg dan setiap peti kosong beratnya 3 kg, berapakah berat buah-buahan itu?</p>;<p>80. Seseorang mempunyai persediaan rumput yang cukup untuk 7 ekor kuda selama 78 hari. Berapa harikah persediaan itu cukup untuk 21 ekor kuda?</p>;<p>81. 3 Batang coklat harganya Rp. 5,- berapa batangkah yang dapat kita beli dengan Rp. 50,-?</p>;<p xss=removed>82. Seseorang dapat berjalan 1,75 m dalam waktu 1/4 detik.Berapa meterkah yang dapat ia tampuh dalam waktu 10 detik?</p>;<p>83. Jika sebuah batu terletak 15 m disebelah selatan dari sebatang pohon dan pohon itu berada 30 m disebelah selatan dari sebuah rumah, berapa meterkah jarak antara batu dan rumah itu?</p>;<p xss=removed>84. Jika 4 <sup>1/2</sup> m bahan sandang harganya Rp.90,-berapa rupiahkah harganya 2 <sup>1/2</sup> m?</p>;<p>85. 7 Orang dapat menyelesaikan sesuatu pekerjaan dalam 6 hari. Berapa orangkah yang diperlukan untuk menyelesaikan pekerjaan itu dalam setengah hari?</p>;<p>86. Karena dipanaskan, kawat yang panjangnya 48 cm akan mengembang menjadi 52 cm. Setelah pemanasan, berapakah panjangnya kawat yang berukuran 72 cm?</p>;<p>87. Suatu pabrik dapat menghasilkan 304 batang pensiun dalam waktu 8 jam. Berapa batangkah yang dihasilkan dalam waktu setengah jam?</p>;<p>88. Untuk suatu campuran diperlukan 2 bagian perak dan 3 bagian timah. Berapa gramkah perak yang diperlukan untuk mendapatkan campuran itu yang beratnya 15 gram?</p>;<p>89. Untuk setiap Rp. 3,- yang dimiliki Sidin, Hamid memiliki Rp.5,- Jika mereka bersama mempunyai Rp.120,- berapa rupiahkah yang dimiliki Hamid?</p>;<p>90. Mesin A menenun 60 m kain, sedangkan mesin B menenun 40 m. Berapa meterkah yang ditenun mesin A, jika mesin B menenun 60 m?</p>;<p>91. Seseorang membelikan <sup>1/10 </sup>dari uangnya untuk perangko dan 4 kali jumlah itu untuk alat tulis. Sisa uangnya masih Rp.60,- Berapa rupiahkah uangnya semula?</p>;<p>92. Didalam dua peti terdapat 43 buah piring. Di dalam peti yang satu terdapat 9 buah piring lebih banyak dari pada di dalam peti yang lain. Berapa buah piring terdapat didalam peti yang lebih kecil?</p>;<p>93. Suatu lembaran kain yang panjangnya 60 cm harus dibagi sedemikian rupa sehingga panjangmya satu bagian ialah <span xss=removed>2/3</span>dari bagian yang lain. Berapa panjangnya bagian yang terpendek?</p>;<p>94. Suatu perusahaan mengekspor 3/4 dari hasil produksinya dan menjual 4/5 dari sisa itu didalam Negeri. Berapa % kah hasil produksi yang masih tinggal?</p>;<p>95. Jika suatu botol berisi anggur hanya 7/8 bagian dan harganya ialah Rp. 84,- Berapakah harga anggur itu jika botol itu hanya terisi 1/2 penuh?</p>;<p>96. Didalam suatu keluarga setiap anak perempuan mempunyai jumlah saudara laki-laki yang sama dengan jumlah saudara perempuan dan setiap anak laki-laki mempunyai dua kali lebih banyak saudara perempuan dari pada saudara laki laki. Berapa anak laki-laki', '13:35 rupiah:N,14:280 km:N,15:205 kg:N,16:26 hari:N,17:30 batang:N,18:70 m:N,19:45 m:N,21:Rp 50:N,22:84 orang:N,23:76 cm:N,24:19 batang:N,25:6 gram:N,26:Rp 75:N,27:90 m:N,28:Rp 120:N,29:17 peti:N,30:10 cm:N,32:5%:N,33:Rp 48:N,34:laki - laki 3:N', 0, 0.00, 100.00, '2025-02-02 21:22:12', '2025-02-02 21:32:12', 'N'),
(553, 17, 87, '<p>97)   6   9  12  15  18  21  24  ?</p>;<p>98)     15  16  18  19  21  22  24  ?</p>;<p>99)     19  18  22  21  25  24  28  ?</p>;<p>100)     16  12  17  13  18  14  19  ?</p>;<p>101)     2  4  8  10  20  22  44  ?</p>;<p>102)     15  13  16  12  17  11  18  ?</p>;<p>103)     25  22  11  33  30  15  45  ?</p>;<p>104)     49  51  54  27  9  11  14  ?</p>;<p>105)     2  3  1  3  4  2  4  ?</p>;<p>106)     19  17  20  16  21  15  22  ?</p>;<p>107)     94  92  46  44  22  20  10  ?</p>;<p>108)      5   8   9   8   11  12   11   ?</p>;<p>109)      12   15   19   23   28   33   39   ?</p>;<p>110)      7   5   10   7   21   17   68   ?</p>;<p>111)      11  15   18   9   13   16   8   ?</p>;<p>112)      3   8   15   24   35   48   63   ?</p>;<p>113)      4  5  7   4   8   13   7   ?</p>;<p>114)       8   5   15   18   6   3   9   ?</p>;<p>115)      15   6   18   10   30   23   69   ?</p>;<p>116)       5   35   28   4   11   77   70  ?</p>', '35:27:N,36:25:N,37:27:N,38:15:N,39:46:N,40:10:N,41:42:N,42:7:N,43:5:N,44:14:N,45:8:N,46:14:N,47:45:N,48:63:N,49:12:N,50:144:N,51:14:N,52:12:N,53:63:N,54:10:N', 16, 80.00, 100.00, '2025-02-02 21:32:40', '2025-02-02 21:42:40', 'N'),
(554, 21, 89, '<p>61) mawar - melati</p>;<p>62) mata-telinga</p>;<p>63) Gula-Intan</p>;<p>64) Hujan-Salju</p>;<p>65) Pengantar surat-Telepon</p>;<p>66) Kamera-Kacamata</p>;<p>67) Lambung-Usus</p>;<p>68) Banyak-sedikit</p>;<p>69) Telur-Benih</p>;<p>70) Bendera-Lencana</p>;<p>71) Rumput-Gajah</p>;<p>72) Ember-Kantong</p>;<p>73) Awal-Akhir</p>;<p>74) Kikir-Boros</p>;<p>75) Penawaran-Permintaan</p>;<p>76) Atas-Bawah</p>', '55:kamboja-anggrek:N,56:hidung-mulut:N,57:Garam=Mutiara:N,58:Kemarau=semi:N,59:Kuda-Motor:N,60:Meja-Kursi:N,61:Ginjal-Saluran Kemih :N,62:Boros-Irit:N,63:Bunga-bibit:N,64:Sajadah-Mukenah:N,65:Daging-singa:N,66:Baskom-Plastik:N,67:Mulai-selesai:N,68:Pemarah-rajin:N,69:Penjualan-pembelian:N,70:Kanan-kiri:N', 0, 0.00, 100.00, '2025-02-04 20:44:55', '2025-02-04 20:52:55', 'N'),
(555, 15, 89, '<p>77. Jika seorang anak memiliki 50 rupiah dan memberikan 15 rupiah kepada orang lain ,berapa rupiahkah yang masih tinggal padanya?</p>;<p>78. Berapa km-kah yang dapat ditempuh oleh kereta api dalam waktu 7 jam ,jika kecepatanya 40 km/jam?</p>;<p>79. 15 Peti buah -buahan beratnya 250 kg dan setiap peti kosong beratnya 3 kg, berapakah berat buah-buahan itu?</p>;<p>80. Seseorang mempunyai persediaan rumput yang cukup untuk 7 ekor kuda selama 78 hari. Berapa harikah persediaan itu cukup untuk 21 ekor kuda?</p>;<p>81. 3 Batang coklat harganya Rp. 5,- berapa batangkah yang dapat kita beli dengan Rp. 50,-?</p>;<p xss=removed>82. Seseorang dapat berjalan 1,75 m dalam waktu 1/4 detik.Berapa meterkah yang dapat ia tampuh dalam waktu 10 detik?</p>;<p>83. Jika sebuah batu terletak 15 m disebelah selatan dari sebatang pohon dan pohon itu berada 30 m disebelah selatan dari sebuah rumah, berapa meterkah jarak antara batu dan rumah itu?</p>;<p xss=removed>84. Jika 4 <sup>1/2</sup> m bahan sandang harganya Rp.90,-berapa rupiahkah harganya 2 <sup>1/2</sup> m?</p>;<p>85. 7 Orang dapat menyelesaikan sesuatu pekerjaan dalam 6 hari. Berapa orangkah yang diperlukan untuk menyelesaikan pekerjaan itu dalam setengah hari?</p>;<p>86. Karena dipanaskan, kawat yang panjangnya 48 cm akan mengembang menjadi 52 cm. Setelah pemanasan, berapakah panjangnya kawat yang berukuran 72 cm?</p>;<p>87. Suatu pabrik dapat menghasilkan 304 batang pensiun dalam waktu 8 jam. Berapa batangkah yang dihasilkan dalam waktu setengah jam?</p>;<p>88. Untuk suatu campuran diperlukan 2 bagian perak dan 3 bagian timah. Berapa gramkah perak yang diperlukan untuk mendapatkan campuran itu yang beratnya 15 gram?</p>;<p>89. Untuk setiap Rp. 3,- yang dimiliki Sidin, Hamid memiliki Rp.5,- Jika mereka bersama mempunyai Rp.120,- berapa rupiahkah yang dimiliki Hamid?</p>;<p>90. Mesin A menenun 60 m kain, sedangkan mesin B menenun 40 m. Berapa meterkah yang ditenun mesin A, jika mesin B menenun 60 m?</p>;<p>91. Seseorang membelikan <sup>1/10 </sup>dari uangnya untuk perangko dan 4 kali jumlah itu untuk alat tulis. Sisa uangnya masih Rp.60,- Berapa rupiahkah uangnya semula?</p>;<p>92. Didalam dua peti terdapat 43 buah piring. Di dalam peti yang satu terdapat 9 buah piring lebih banyak dari pada di dalam peti yang lain. Berapa buah piring terdapat didalam peti yang lebih kecil?</p>;<p>93. Suatu lembaran kain yang panjangnya 60 cm harus dibagi sedemikian rupa sehingga panjangmya satu bagian ialah <span xss=removed>2/3</span>dari bagian yang lain. Berapa panjangnya bagian yang terpendek?</p>;<p>94. Suatu perusahaan mengekspor 3/4 dari hasil produksinya dan menjual 4/5 dari sisa itu didalam Negeri. Berapa % kah hasil produksi yang masih tinggal?</p>;<p>95. Jika suatu botol berisi anggur hanya 7/8 bagian dan harganya ialah Rp. 84,- Berapakah harga anggur itu jika botol itu hanya terisi 1/2 penuh?</p>;<p>96. Didalam suatu keluarga setiap anak perempuan mempunyai jumlah saudara laki-laki yang sama dengan jumlah saudara perempuan dan setiap anak laki-laki mempunyai dua kali lebih banyak saudara perempuan dari pada saudara laki laki. Berapa anak laki-laki', '13:35 rupiah:N,14:280 km:N,15:195:N,16:26 hari:N,17:30 batang:N,18:7 meter:N,19:45 meter:N,21:45 rupiah:N,22:14 orang:N,23::N,24::N,25::N,26::N,27::N,28::N,29::N,30::N,32::N,33::N,34::N', 0, 0.00, 100.00, '2025-02-04 20:52:28', '2025-02-04 21:02:28', 'N'),
(556, 17, 89, '<p>97)   6   9  12  15  18  21  24  ?</p>;<p>98)     15  16  18  19  21  22  24  ?</p>;<p>99)     19  18  22  21  25  24  28  ?</p>;<p>100)     16  12  17  13  18  14  19  ?</p>;<p>101)     2  4  8  10  20  22  44  ?</p>;<p>102)     15  13  16  12  17  11  18  ?</p>;<p>103)     25  22  11  33  30  15  45  ?</p>;<p>104)     49  51  54  27  9  11  14  ?</p>;<p>105)     2  3  1  3  4  2  4  ?</p>;<p>106)     19  17  20  16  21  15  22  ?</p>;<p>107)     94  92  46  44  22  20  10  ?</p>;<p>108)      5   8   9   8   11  12   11   ?</p>;<p>109)      12   15   19   23   28   33   39   ?</p>;<p>110)      7   5   10   7   21   17   68   ?</p>;<p>111)      11  15   18   9   13   16   8   ?</p>;<p>112)      3   8   15   24   35   48   63   ?</p>;<p>113)      4  5  7   4   8   13   7   ?</p>;<p>114)       8   5   15   18   6   3   9   ?</p>;<p>115)      15   6   18   10   30   23   69   ?</p>;<p>116)       5   35   28   4   11   77   70  ?</p>', '35:27:N,36:25:N,37:27:N,38:15:N,39::N,40:10:N,41::N,42::N,43:5:N,44:14:N,45::N,46:15:N,47::N,48::N,49::N,50::N,51::N,52::N,53::N,54::N', 7, 35.00, 100.00, '2025-02-04 21:03:17', '2025-02-04 21:13:17', 'N'),
(557, 21, 93, '<p>61) mawar - melati</p>;<p>62) mata-telinga</p>;<p>63) Gula-Intan</p>;<p>64) Hujan-Salju</p>;<p>65) Pengantar surat-Telepon</p>;<p>66) Kamera-Kacamata</p>;<p>67) Lambung-Usus</p>;<p>68) Banyak-sedikit</p>;<p>69) Telur-Benih</p>;<p>70) Bendera-Lencana</p>;<p>71) Rumput-Gajah</p>;<p>72) Ember-Kantong</p>;<p>73) Awal-Akhir</p>;<p>74) Kikir-Boros</p>;<p>75) Penawaran-Permintaan</p>;<p>76) Atas-Bawah</p>', '55:BUNGA:N,56:INDERA:N,57:BATU:N,58:MUSIM:N,59:ALAT KOMUNIKASI:N,60:LENSA:N,61:PENCERNAAN:N,62:KUANTITAS:N,63:BIBIT:N,64:TANDA:N,65:TANAMAN:N,66:WADAH:N,67:SIKLUS:N,68:SIFAT:N,69:EKONOMI:N,70:GARIS:N', 0, 0.00, 100.00, '2025-02-05 23:32:56', '2025-02-05 23:40:56', 'N'),
(558, 15, 93, '<p>77. Jika seorang anak memiliki 50 rupiah dan memberikan 15 rupiah kepada orang lain ,berapa rupiahkah yang masih tinggal padanya?</p>;<p>78. Berapa km-kah yang dapat ditempuh oleh kereta api dalam waktu 7 jam ,jika kecepatanya 40 km/jam?</p>;<p>79. 15 Peti buah -buahan beratnya 250 kg dan setiap peti kosong beratnya 3 kg, berapakah berat buah-buahan itu?</p>;<p>80. Seseorang mempunyai persediaan rumput yang cukup untuk 7 ekor kuda selama 78 hari. Berapa harikah persediaan itu cukup untuk 21 ekor kuda?</p>;<p>81. 3 Batang coklat harganya Rp. 5,- berapa batangkah yang dapat kita beli dengan Rp. 50,-?</p>;<p xss=removed>82. Seseorang dapat berjalan 1,75 m dalam waktu 1/4 detik.Berapa meterkah yang dapat ia tampuh dalam waktu 10 detik?</p>;<p>83. Jika sebuah batu terletak 15 m disebelah selatan dari sebatang pohon dan pohon itu berada 30 m disebelah selatan dari sebuah rumah, berapa meterkah jarak antara batu dan rumah itu?</p>;<p xss=removed>84. Jika 4 <sup>1/2</sup> m bahan sandang harganya Rp.90,-berapa rupiahkah harganya 2 <sup>1/2</sup> m?</p>;<p>85. 7 Orang dapat menyelesaikan sesuatu pekerjaan dalam 6 hari. Berapa orangkah yang diperlukan untuk menyelesaikan pekerjaan itu dalam setengah hari?</p>;<p>86. Karena dipanaskan, kawat yang panjangnya 48 cm akan mengembang menjadi 52 cm. Setelah pemanasan, berapakah panjangnya kawat yang berukuran 72 cm?</p>;<p>87. Suatu pabrik dapat menghasilkan 304 batang pensiun dalam waktu 8 jam. Berapa batangkah yang dihasilkan dalam waktu setengah jam?</p>;<p>88. Untuk suatu campuran diperlukan 2 bagian perak dan 3 bagian timah. Berapa gramkah perak yang diperlukan untuk mendapatkan campuran itu yang beratnya 15 gram?</p>;<p>89. Untuk setiap Rp. 3,- yang dimiliki Sidin, Hamid memiliki Rp.5,- Jika mereka bersama mempunyai Rp.120,- berapa rupiahkah yang dimiliki Hamid?</p>;<p>90. Mesin A menenun 60 m kain, sedangkan mesin B menenun 40 m. Berapa meterkah yang ditenun mesin A, jika mesin B menenun 60 m?</p>;<p>91. Seseorang membelikan <sup>1/10 </sup>dari uangnya untuk perangko dan 4 kali jumlah itu untuk alat tulis. Sisa uangnya masih Rp.60,- Berapa rupiahkah uangnya semula?</p>;<p>92. Didalam dua peti terdapat 43 buah piring. Di dalam peti yang satu terdapat 9 buah piring lebih banyak dari pada di dalam peti yang lain. Berapa buah piring terdapat didalam peti yang lebih kecil?</p>;<p>93. Suatu lembaran kain yang panjangnya 60 cm harus dibagi sedemikian rupa sehingga panjangmya satu bagian ialah <span xss=removed>2/3</span>dari bagian yang lain. Berapa panjangnya bagian yang terpendek?</p>;<p>94. Suatu perusahaan mengekspor 3/4 dari hasil produksinya dan menjual 4/5 dari sisa itu didalam Negeri. Berapa % kah hasil produksi yang masih tinggal?</p>;<p>95. Jika suatu botol berisi anggur hanya 7/8 bagian dan harganya ialah Rp. 84,- Berapakah harga anggur itu jika botol itu hanya terisi 1/2 penuh?</p>;<p>96. Didalam suatu keluarga setiap anak perempuan mempunyai jumlah saudara laki-laki yang sama dengan jumlah saudara perempuan dan setiap anak laki-laki mempunyai dua kali lebih banyak saudara perempuan dari pada saudara laki laki. Berapa anak laki-laki', '13:35:N,14:280:N,15:205:N,16:234:N,17:15:N,18:7M:N,19:45m:N,21:47:N,22:1:N,23:76:N,24::N,25::N,26::N,27::N,28::N,29::N,30::N,32::N,33::N,34::N', 2, 10.00, 100.00, '2025-02-05 23:37:08', '2025-02-05 23:47:08', 'N'),
(559, 17, 93, '<p>97)   6   9  12  15  18  21  24  ?</p>;<p>98)     15  16  18  19  21  22  24  ?</p>;<p>99)     19  18  22  21  25  24  28  ?</p>;<p>100)     16  12  17  13  18  14  19  ?</p>;<p>101)     2  4  8  10  20  22  44  ?</p>;<p>102)     15  13  16  12  17  11  18  ?</p>;<p>103)     25  22  11  33  30  15  45  ?</p>;<p>104)     49  51  54  27  9  11  14  ?</p>;<p>105)     2  3  1  3  4  2  4  ?</p>;<p>106)     19  17  20  16  21  15  22  ?</p>;<p>107)     94  92  46  44  22  20  10  ?</p>;<p>108)      5   8   9   8   11  12   11   ?</p>;<p>109)      12   15   19   23   28   33   39   ?</p>;<p>110)      7   5   10   7   21   17   68   ?</p>;<p>111)      11  15   18   9   13   16   8   ?</p>;<p>112)      3   8   15   24   35   48   63   ?</p>;<p>113)      4  5  7   4   8   13   7   ?</p>;<p>114)       8   5   15   18   6   3   9   ?</p>;<p>115)      15   6   18   10   30   23   69   ?</p>;<p>116)       5   35   28   4   11   77   70  ?</p>', '35:27:N,36:25:N,37:27:N,38:15:N,39:88:N,40:10:N,41:42:N,42:22:N,43:3:N,44:23:N,45:8:N,46:14:N,47:45:N,48:22:N,49:19:N,50:78:N,51:17:N,52:22:N,53:88:N,54:18:N', 8, 40.00, 100.00, '2025-02-05 23:47:36', '2025-02-05 23:57:36', 'N'),
(560, 21, 95, '<p>61) mawar - melati</p>;<p>62) mata-telinga</p>;<p>63) Gula-Intan</p>;<p>64) Hujan-Salju</p>;<p>65) Pengantar surat-Telepon</p>;<p>66) Kamera-Kacamata</p>;<p>67) Lambung-Usus</p>;<p>68) Banyak-sedikit</p>;<p>69) Telur-Benih</p>;<p>70) Bendera-Lencana</p>;<p>71) Rumput-Gajah</p>;<p>72) Ember-Kantong</p>;<p>73) Awal-Akhir</p>;<p>74) Kikir-Boros</p>;<p>75) Penawaran-Permintaan</p>;<p>76) Atas-Bawah</p>', '55:bunga:N,56:panca iindera:N,57:kristal:N,58:air:N,59:pendukung:N,60:optik:N,61:pencernaan:N,62::N,63:bibit:N,64:lambang:N,65:hutan:N,66:penampung:N,67:perjalanan:N,68:sifat:N,69:perdagangan:N,70:posisi:N', 0, 0.00, 100.00, '2025-02-11 12:44:00', '2025-02-11 12:52:00', 'N'),
(561, 15, 95, '<p>77. Jika seorang anak memiliki 50 rupiah dan memberikan 15 rupiah kepada orang lain ,berapa rupiahkah yang masih tinggal padanya?</p>;<p>78. Berapa km-kah yang dapat ditempuh oleh kereta api dalam waktu 7 jam ,jika kecepatanya 40 km/jam?</p>;<p>79. 15 Peti buah -buahan beratnya 250 kg dan setiap peti kosong beratnya 3 kg, berapakah berat buah-buahan itu?</p>;<p>80. Seseorang mempunyai persediaan rumput yang cukup untuk 7 ekor kuda selama 78 hari. Berapa harikah persediaan itu cukup untuk 21 ekor kuda?</p>;<p>81. 3 Batang coklat harganya Rp. 5,- berapa batangkah yang dapat kita beli dengan Rp. 50,-?</p>;<p xss=removed>82. Seseorang dapat berjalan 1,75 m dalam waktu 1/4 detik.Berapa meterkah yang dapat ia tampuh dalam waktu 10 detik?</p>;<p>83. Jika sebuah batu terletak 15 m disebelah selatan dari sebatang pohon dan pohon itu berada 30 m disebelah selatan dari sebuah rumah, berapa meterkah jarak antara batu dan rumah itu?</p>;<p xss=removed>84. Jika 4 <sup>1/2</sup> m bahan sandang harganya Rp.90,-berapa rupiahkah harganya 2 <sup>1/2</sup> m?</p>;<p>85. 7 Orang dapat menyelesaikan sesuatu pekerjaan dalam 6 hari. Berapa orangkah yang diperlukan untuk menyelesaikan pekerjaan itu dalam setengah hari?</p>;<p>86. Karena dipanaskan, kawat yang panjangnya 48 cm akan mengembang menjadi 52 cm. Setelah pemanasan, berapakah panjangnya kawat yang berukuran 72 cm?</p>;<p>87. Suatu pabrik dapat menghasilkan 304 batang pensiun dalam waktu 8 jam. Berapa batangkah yang dihasilkan dalam waktu setengah jam?</p>;<p>88. Untuk suatu campuran diperlukan 2 bagian perak dan 3 bagian timah. Berapa gramkah perak yang diperlukan untuk mendapatkan campuran itu yang beratnya 15 gram?</p>;<p>89. Untuk setiap Rp. 3,- yang dimiliki Sidin, Hamid memiliki Rp.5,- Jika mereka bersama mempunyai Rp.120,- berapa rupiahkah yang dimiliki Hamid?</p>;<p>90. Mesin A menenun 60 m kain, sedangkan mesin B menenun 40 m. Berapa meterkah yang ditenun mesin A, jika mesin B menenun 60 m?</p>;<p>91. Seseorang membelikan <sup>1/10 </sup>dari uangnya untuk perangko dan 4 kali jumlah itu untuk alat tulis. Sisa uangnya masih Rp.60,- Berapa rupiahkah uangnya semula?</p>;<p>92. Didalam dua peti terdapat 43 buah piring. Di dalam peti yang satu terdapat 9 buah piring lebih banyak dari pada di dalam peti yang lain. Berapa buah piring terdapat didalam peti yang lebih kecil?</p>;<p>93. Suatu lembaran kain yang panjangnya 60 cm harus dibagi sedemikian rupa sehingga panjangmya satu bagian ialah <span xss=removed>2/3</span>dari bagian yang lain. Berapa panjangnya bagian yang terpendek?</p>;<p>94. Suatu perusahaan mengekspor 3/4 dari hasil produksinya dan menjual 4/5 dari sisa itu didalam Negeri. Berapa % kah hasil produksi yang masih tinggal?</p>;<p>95. Jika suatu botol berisi anggur hanya 7/8 bagian dan harganya ialah Rp. 84,- Berapakah harga anggur itu jika botol itu hanya terisi 1/2 penuh?</p>;<p>96. Didalam suatu keluarga setiap anak perempuan mempunyai jumlah saudara laki-laki yang sama dengan jumlah saudara perempuan dan setiap anak laki-laki mempunyai dua kali lebih banyak saudara perempuan dari pada saudara laki laki. Berapa anak laki-laki', '13:35:N,14:280 KM:N,15:205 KG:N,16:26 HARI:N,17:30:N,18:70:N,19:45:N,21:50:N,22:84:N,23:76:N,24:19:N,25:6 GRAM:N,26:75:N,27:90:N,28:120:N,29:17:N,30:10:N,32:5 %:N,33:48:N,34:3:N', 10, 50.00, 100.00, '2025-02-11 12:48:07', '2025-02-11 12:58:07', 'N'),
(562, 17, 95, '<p>97)   6   9  12  15  18  21  24  ?</p>;<p>98)     15  16  18  19  21  22  24  ?</p>;<p>99)     19  18  22  21  25  24  28  ?</p>;<p>100)     16  12  17  13  18  14  19  ?</p>;<p>101)     2  4  8  10  20  22  44  ?</p>;<p>102)     15  13  16  12  17  11  18  ?</p>;<p>103)     25  22  11  33  30  15  45  ?</p>;<p>104)     49  51  54  27  9  11  14  ?</p>;<p>105)     2  3  1  3  4  2  4  ?</p>;<p>106)     19  17  20  16  21  15  22  ?</p>;<p>107)     94  92  46  44  22  20  10  ?</p>;<p>108)      5   8   9   8   11  12   11   ?</p>;<p>109)      12   15   19   23   28   33   39   ?</p>;<p>110)      7   5   10   7   21   17   68   ?</p>;<p>111)      11  15   18   9   13   16   8   ?</p>;<p>112)      3   8   15   24   35   48   63   ?</p>;<p>113)      4  5  7   4   8   13   7   ?</p>;<p>114)       8   5   15   18   6   3   9   ?</p>;<p>115)      15   6   18   10   30   23   69   ?</p>;<p>116)       5   35   28   4   11   77   70  ?</p>', '35:27:N,36:25:N,37:27:N,38:14:N,39:46:N,40:10:N,41:42:N,42:7:N,43:5:N,44:14:N,45:8:N,46:14:N,47:45:N,48:63:N,49:12:N,50:80:N,51:14:N,52:12:N,53:63:N,54:110:N', 15, 75.00, 100.00, '2025-02-11 12:57:51', '2025-02-11 13:07:51', 'N'),
(563, 21, 97, '<p>61) mawar - melati</p>;<p>62) mata-telinga</p>;<p>63) Gula-Intan</p>;<p>64) Hujan-Salju</p>;<p>65) Pengantar surat-Telepon</p>;<p>66) Kamera-Kacamata</p>;<p>67) Lambung-Usus</p>;<p>68) Banyak-sedikit</p>;<p>69) Telur-Benih</p>;<p>70) Bendera-Lencana</p>;<p>71) Rumput-Gajah</p>;<p>72) Ember-Kantong</p>;<p>73) Awal-Akhir</p>;<p>74) Kikir-Boros</p>;<p>75) Penawaran-Permintaan</p>;<p>76) Atas-Bawah</p>', '55:Bunga:N,56:alat indra:N,57:kristal:N,58:musim:N,59:komunikasi:N,60:lensa:N,61:organ:N,62:jumlah:N,63:bibit:N,64:lambang:N,65:organisme:N,66:wadah:N,67:batas:N,68:sifat:N,69:pasar:N,70:posisi:N', 0, 0.00, 100.00, '2025-02-11 14:26:27', '2025-02-11 14:34:27', 'N'),
(564, 15, 97, '<p>77. Jika seorang anak memiliki 50 rupiah dan memberikan 15 rupiah kepada orang lain ,berapa rupiahkah yang masih tinggal padanya?</p>;<p>78. Berapa km-kah yang dapat ditempuh oleh kereta api dalam waktu 7 jam ,jika kecepatanya 40 km/jam?</p>;<p>79. 15 Peti buah -buahan beratnya 250 kg dan setiap peti kosong beratnya 3 kg, berapakah berat buah-buahan itu?</p>;<p>80. Seseorang mempunyai persediaan rumput yang cukup untuk 7 ekor kuda selama 78 hari. Berapa harikah persediaan itu cukup untuk 21 ekor kuda?</p>;<p>81. 3 Batang coklat harganya Rp. 5,- berapa batangkah yang dapat kita beli dengan Rp. 50,-?</p>;<p xss=removed>82. Seseorang dapat berjalan 1,75 m dalam waktu 1/4 detik.Berapa meterkah yang dapat ia tampuh dalam waktu 10 detik?</p>;<p>83. Jika sebuah batu terletak 15 m disebelah selatan dari sebatang pohon dan pohon itu berada 30 m disebelah selatan dari sebuah rumah, berapa meterkah jarak antara batu dan rumah itu?</p>;<p xss=removed>84. Jika 4 <sup>1/2</sup> m bahan sandang harganya Rp.90,-berapa rupiahkah harganya 2 <sup>1/2</sup> m?</p>;<p>85. 7 Orang dapat menyelesaikan sesuatu pekerjaan dalam 6 hari. Berapa orangkah yang diperlukan untuk menyelesaikan pekerjaan itu dalam setengah hari?</p>;<p>86. Karena dipanaskan, kawat yang panjangnya 48 cm akan mengembang menjadi 52 cm. Setelah pemanasan, berapakah panjangnya kawat yang berukuran 72 cm?</p>;<p>87. Suatu pabrik dapat menghasilkan 304 batang pensiun dalam waktu 8 jam. Berapa batangkah yang dihasilkan dalam waktu setengah jam?</p>;<p>88. Untuk suatu campuran diperlukan 2 bagian perak dan 3 bagian timah. Berapa gramkah perak yang diperlukan untuk mendapatkan campuran itu yang beratnya 15 gram?</p>;<p>89. Untuk setiap Rp. 3,- yang dimiliki Sidin, Hamid memiliki Rp.5,- Jika mereka bersama mempunyai Rp.120,- berapa rupiahkah yang dimiliki Hamid?</p>;<p>90. Mesin A menenun 60 m kain, sedangkan mesin B menenun 40 m. Berapa meterkah yang ditenun mesin A, jika mesin B menenun 60 m?</p>;<p>91. Seseorang membelikan <sup>1/10 </sup>dari uangnya untuk perangko dan 4 kali jumlah itu untuk alat tulis. Sisa uangnya masih Rp.60,- Berapa rupiahkah uangnya semula?</p>;<p>92. Didalam dua peti terdapat 43 buah piring. Di dalam peti yang satu terdapat 9 buah piring lebih banyak dari pada di dalam peti yang lain. Berapa buah piring terdapat didalam peti yang lebih kecil?</p>;<p>93. Suatu lembaran kain yang panjangnya 60 cm harus dibagi sedemikian rupa sehingga panjangmya satu bagian ialah <span xss=removed>2/3</span>dari bagian yang lain. Berapa panjangnya bagian yang terpendek?</p>;<p>94. Suatu perusahaan mengekspor 3/4 dari hasil produksinya dan menjual 4/5 dari sisa itu didalam Negeri. Berapa % kah hasil produksi yang masih tinggal?</p>;<p>95. Jika suatu botol berisi anggur hanya 7/8 bagian dan harganya ialah Rp. 84,- Berapakah harga anggur itu jika botol itu hanya terisi 1/2 penuh?</p>;<p>96. Didalam suatu keluarga setiap anak perempuan mempunyai jumlah saudara laki-laki yang sama dengan jumlah saudara perempuan dan setiap anak laki-laki mempunyai dua kali lebih banyak saudara perempuan dari pada saudara laki laki. Berapa anak laki-laki', '13:35:N,14:280:N,15:205:N,16:26:N,17:30:N,18:70:N,19:45:N,21:50:N,22:84:N,23:76:N,24:19:N,25:6:N,26:75:N,27:90:N,28:120:N,29:17:N,30:10:N,32:5:N,33:48:N,34:3:N', 14, 70.00, 100.00, '2025-02-11 14:29:56', '2025-02-11 14:39:56', 'N'),
(565, 17, 97, '<p>97)   6   9  12  15  18  21  24  ?</p>;<p>98)     15  16  18  19  21  22  24  ?</p>;<p>99)     19  18  22  21  25  24  28  ?</p>;<p>100)     16  12  17  13  18  14  19  ?</p>;<p>101)     2  4  8  10  20  22  44  ?</p>;<p>102)     15  13  16  12  17  11  18  ?</p>;<p>103)     25  22  11  33  30  15  45  ?</p>;<p>104)     49  51  54  27  9  11  14  ?</p>;<p>105)     2  3  1  3  4  2  4  ?</p>;<p>106)     19  17  20  16  21  15  22  ?</p>;<p>107)     94  92  46  44  22  20  10  ?</p>;<p>108)      5   8   9   8   11  12   11   ?</p>;<p>109)      12   15   19   23   28   33   39   ?</p>;<p>110)      7   5   10   7   21   17   68   ?</p>;<p>111)      11  15   18   9   13   16   8   ?</p>;<p>112)      3   8   15   24   35   48   63   ?</p>;<p>113)      4  5  7   4   8   13   7   ?</p>;<p>114)       8   5   15   18   6   3   9   ?</p>;<p>115)      15   6   18   10   30   23   69   ?</p>;<p>116)       5   35   28   4   11   77   70  ?</p>', '35:27:N,36:25:N,37:27:N,38:15:N,39:46:N,40:10:N,41:42:N,42:7:N,43:5:N,44:14:N,45:8:N,46:14:N,47:45:N,48:63:N,49:12:N,50:80:N,51:14:N,52:12:N,53:63:N,54:10:N', 17, 85.00, 100.00, '2025-02-11 14:35:52', '2025-02-11 14:45:52', 'N');
INSERT INTO `h_ujian_essay` (`id`, `ujianessay_id`, `mahasiswa_id`, `list_soal`, `list_jawaban`, `jml_benar`, `nilai`, `nilai_bobot`, `tgl_mulai`, `tgl_selesai`, `status`) VALUES
(566, 21, 96, '<p>61) mawar - melati</p>;<p>62) mata-telinga</p>;<p>63) Gula-Intan</p>;<p>64) Hujan-Salju</p>;<p>65) Pengantar surat-Telepon</p>;<p>66) Kamera-Kacamata</p>;<p>67) Lambung-Usus</p>;<p>68) Banyak-sedikit</p>;<p>69) Telur-Benih</p>;<p>70) Bendera-Lencana</p>;<p>71) Rumput-Gajah</p>;<p>72) Ember-Kantong</p>;<p>73) Awal-Akhir</p>;<p>74) Kikir-Boros</p>;<p>75) Penawaran-Permintaan</p>;<p>76) Atas-Bawah</p>', '55:bunga:N,56:anggota tubuh:N,57:manis:N,58:musim:N,59::N,60:alat:N,61:organ pencernaan:N,62:jumlah:N,63:reproduksi:N,64:pangkat:N,65:tumbuhan:N,66:perkakas:N,67:alur:N,68:sifat:N,69:ekonomi:N,70:letak:N', 0, 0.00, 100.00, '2025-02-11 20:47:38', '2025-02-11 20:55:38', 'N'),
(567, 15, 96, '<p>77. Jika seorang anak memiliki 50 rupiah dan memberikan 15 rupiah kepada orang lain ,berapa rupiahkah yang masih tinggal padanya?</p>;<p>78. Berapa km-kah yang dapat ditempuh oleh kereta api dalam waktu 7 jam ,jika kecepatanya 40 km/jam?</p>;<p>79. 15 Peti buah -buahan beratnya 250 kg dan setiap peti kosong beratnya 3 kg, berapakah berat buah-buahan itu?</p>;<p>80. Seseorang mempunyai persediaan rumput yang cukup untuk 7 ekor kuda selama 78 hari. Berapa harikah persediaan itu cukup untuk 21 ekor kuda?</p>;<p>81. 3 Batang coklat harganya Rp. 5,- berapa batangkah yang dapat kita beli dengan Rp. 50,-?</p>;<p xss=removed>82. Seseorang dapat berjalan 1,75 m dalam waktu 1/4 detik.Berapa meterkah yang dapat ia tampuh dalam waktu 10 detik?</p>;<p>83. Jika sebuah batu terletak 15 m disebelah selatan dari sebatang pohon dan pohon itu berada 30 m disebelah selatan dari sebuah rumah, berapa meterkah jarak antara batu dan rumah itu?</p>;<p xss=removed>84. Jika 4 <sup>1/2</sup> m bahan sandang harganya Rp.90,-berapa rupiahkah harganya 2 <sup>1/2</sup> m?</p>;<p>85. 7 Orang dapat menyelesaikan sesuatu pekerjaan dalam 6 hari. Berapa orangkah yang diperlukan untuk menyelesaikan pekerjaan itu dalam setengah hari?</p>;<p>86. Karena dipanaskan, kawat yang panjangnya 48 cm akan mengembang menjadi 52 cm. Setelah pemanasan, berapakah panjangnya kawat yang berukuran 72 cm?</p>;<p>87. Suatu pabrik dapat menghasilkan 304 batang pensiun dalam waktu 8 jam. Berapa batangkah yang dihasilkan dalam waktu setengah jam?</p>;<p>88. Untuk suatu campuran diperlukan 2 bagian perak dan 3 bagian timah. Berapa gramkah perak yang diperlukan untuk mendapatkan campuran itu yang beratnya 15 gram?</p>;<p>89. Untuk setiap Rp. 3,- yang dimiliki Sidin, Hamid memiliki Rp.5,- Jika mereka bersama mempunyai Rp.120,- berapa rupiahkah yang dimiliki Hamid?</p>;<p>90. Mesin A menenun 60 m kain, sedangkan mesin B menenun 40 m. Berapa meterkah yang ditenun mesin A, jika mesin B menenun 60 m?</p>;<p>91. Seseorang membelikan <sup>1/10 </sup>dari uangnya untuk perangko dan 4 kali jumlah itu untuk alat tulis. Sisa uangnya masih Rp.60,- Berapa rupiahkah uangnya semula?</p>;<p>92. Didalam dua peti terdapat 43 buah piring. Di dalam peti yang satu terdapat 9 buah piring lebih banyak dari pada di dalam peti yang lain. Berapa buah piring terdapat didalam peti yang lebih kecil?</p>;<p>93. Suatu lembaran kain yang panjangnya 60 cm harus dibagi sedemikian rupa sehingga panjangmya satu bagian ialah <span xss=removed>2/3</span>dari bagian yang lain. Berapa panjangnya bagian yang terpendek?</p>;<p>94. Suatu perusahaan mengekspor 3/4 dari hasil produksinya dan menjual 4/5 dari sisa itu didalam Negeri. Berapa % kah hasil produksi yang masih tinggal?</p>;<p>95. Jika suatu botol berisi anggur hanya 7/8 bagian dan harganya ialah Rp. 84,- Berapakah harga anggur itu jika botol itu hanya terisi 1/2 penuh?</p>;<p>96. Didalam suatu keluarga setiap anak perempuan mempunyai jumlah saudara laki-laki yang sama dengan jumlah saudara perempuan dan setiap anak laki-laki mempunyai dua kali lebih banyak saudara perempuan dari pada saudara laki laki. Berapa anak laki-laki', '13:35:N,14:280:N,15:205:N,16:234:N,17:150:N,18:70:N,19:45:N,21:45:N,22:63:N,23:76:N,24:1700:Y,25:75:N,26:1:N,27::N,28::N,29::N,30::N,32::N,33::N,34::N', 4, 20.00, 100.00, '2025-02-11 20:52:53', '2025-02-11 21:02:53', 'N'),
(568, 17, 96, '<p>97)   6   9  12  15  18  21  24  ?</p>;<p>98)     15  16  18  19  21  22  24  ?</p>;<p>99)     19  18  22  21  25  24  28  ?</p>;<p>100)     16  12  17  13  18  14  19  ?</p>;<p>101)     2  4  8  10  20  22  44  ?</p>;<p>102)     15  13  16  12  17  11  18  ?</p>;<p>103)     25  22  11  33  30  15  45  ?</p>;<p>104)     49  51  54  27  9  11  14  ?</p>;<p>105)     2  3  1  3  4  2  4  ?</p>;<p>106)     19  17  20  16  21  15  22  ?</p>;<p>107)     94  92  46  44  22  20  10  ?</p>;<p>108)      5   8   9   8   11  12   11   ?</p>;<p>109)      12   15   19   23   28   33   39   ?</p>;<p>110)      7   5   10   7   21   17   68   ?</p>;<p>111)      11  15   18   9   13   16   8   ?</p>;<p>112)      3   8   15   24   35   48   63   ?</p>;<p>113)      4  5  7   4   8   13   7   ?</p>;<p>114)       8   5   15   18   6   3   9   ?</p>;<p>115)      15   6   18   10   30   23   69   ?</p>;<p>116)       5   35   28   4   11   77   70  ?</p>', '35:27:N,36:25:N,37:27:N,38:15:N,39:46:Y,40:10:Y,41:65:Y,42:7:N,43:2:Y,44:14:N,45:8:N,46:6:Y,47:42:Y,48:137:N,49:5:N,50:8:N,51::N,52::N,53::N,54::N', 9, 45.00, 100.00, '2025-02-11 21:04:23', '2025-02-11 21:14:23', 'N'),
(569, 21, 98, '<p>61) mawar - melati</p>;<p>62) mata-telinga</p>;<p>63) Gula-Intan</p>;<p>64) Hujan-Salju</p>;<p>65) Pengantar surat-Telepon</p>;<p>66) Kamera-Kacamata</p>;<p>67) Lambung-Usus</p>;<p>68) Banyak-sedikit</p>;<p>69) Telur-Benih</p>;<p>70) Bendera-Lencana</p>;<p>71) Rumput-Gajah</p>;<p>72) Ember-Kantong</p>;<p>73) Awal-Akhir</p>;<p>74) Kikir-Boros</p>;<p>75) Penawaran-Permintaan</p>;<p>76) Atas-Bawah</p>', '55:Nama bunga:N,56:nama indra:N,57:Kristal:N,58:Musim:N,59:Media Komunikasi:N,60:Lensa:N,61:Organ tubuh:N,62:Kuantitas:N,63:Inti Kelahiran:N,64:Identitas:N,65:Varian rumput:N,66:Media penyimpanan atau wadah:N,67:Parameter Periode :N,68:Sifat:N,69:Mekanisme pasar:N,70:Posisi:N', 0, 0.00, 100.00, '2025-02-13 22:38:22', '2025-02-13 22:46:22', 'N'),
(570, 15, 98, '<p>77. Jika seorang anak memiliki 50 rupiah dan memberikan 15 rupiah kepada orang lain ,berapa rupiahkah yang masih tinggal padanya?</p>;<p>78. Berapa km-kah yang dapat ditempuh oleh kereta api dalam waktu 7 jam ,jika kecepatanya 40 km/jam?</p>;<p>79. 15 Peti buah -buahan beratnya 250 kg dan setiap peti kosong beratnya 3 kg, berapakah berat buah-buahan itu?</p>;<p>80. Seseorang mempunyai persediaan rumput yang cukup untuk 7 ekor kuda selama 78 hari. Berapa harikah persediaan itu cukup untuk 21 ekor kuda?</p>;<p>81. 3 Batang coklat harganya Rp. 5,- berapa batangkah yang dapat kita beli dengan Rp. 50,-?</p>;<p xss=removed>82. Seseorang dapat berjalan 1,75 m dalam waktu 1/4 detik.Berapa meterkah yang dapat ia tampuh dalam waktu 10 detik?</p>;<p>83. Jika sebuah batu terletak 15 m disebelah selatan dari sebatang pohon dan pohon itu berada 30 m disebelah selatan dari sebuah rumah, berapa meterkah jarak antara batu dan rumah itu?</p>;<p xss=removed>84. Jika 4 <sup>1/2</sup> m bahan sandang harganya Rp.90,-berapa rupiahkah harganya 2 <sup>1/2</sup> m?</p>;<p>85. 7 Orang dapat menyelesaikan sesuatu pekerjaan dalam 6 hari. Berapa orangkah yang diperlukan untuk menyelesaikan pekerjaan itu dalam setengah hari?</p>;<p>86. Karena dipanaskan, kawat yang panjangnya 48 cm akan mengembang menjadi 52 cm. Setelah pemanasan, berapakah panjangnya kawat yang berukuran 72 cm?</p>;<p>87. Suatu pabrik dapat menghasilkan 304 batang pensiun dalam waktu 8 jam. Berapa batangkah yang dihasilkan dalam waktu setengah jam?</p>;<p>88. Untuk suatu campuran diperlukan 2 bagian perak dan 3 bagian timah. Berapa gramkah perak yang diperlukan untuk mendapatkan campuran itu yang beratnya 15 gram?</p>;<p>89. Untuk setiap Rp. 3,- yang dimiliki Sidin, Hamid memiliki Rp.5,- Jika mereka bersama mempunyai Rp.120,- berapa rupiahkah yang dimiliki Hamid?</p>;<p>90. Mesin A menenun 60 m kain, sedangkan mesin B menenun 40 m. Berapa meterkah yang ditenun mesin A, jika mesin B menenun 60 m?</p>;<p>91. Seseorang membelikan <sup>1/10 </sup>dari uangnya untuk perangko dan 4 kali jumlah itu untuk alat tulis. Sisa uangnya masih Rp.60,- Berapa rupiahkah uangnya semula?</p>;<p>92. Didalam dua peti terdapat 43 buah piring. Di dalam peti yang satu terdapat 9 buah piring lebih banyak dari pada di dalam peti yang lain. Berapa buah piring terdapat didalam peti yang lebih kecil?</p>;<p>93. Suatu lembaran kain yang panjangnya 60 cm harus dibagi sedemikian rupa sehingga panjangmya satu bagian ialah <span xss=removed>2/3</span>dari bagian yang lain. Berapa panjangnya bagian yang terpendek?</p>;<p>94. Suatu perusahaan mengekspor 3/4 dari hasil produksinya dan menjual 4/5 dari sisa itu didalam Negeri. Berapa % kah hasil produksi yang masih tinggal?</p>;<p>95. Jika suatu botol berisi anggur hanya 7/8 bagian dan harganya ialah Rp. 84,- Berapakah harga anggur itu jika botol itu hanya terisi 1/2 penuh?</p>;<p>96. Didalam suatu keluarga setiap anak perempuan mempunyai jumlah saudara laki-laki yang sama dengan jumlah saudara perempuan dan setiap anak laki-laki mempunyai dua kali lebih banyak saudara perempuan dari pada saudara laki laki. Berapa anak laki-laki', '13:35:N,14:280:N,15:3795:N,16:26:N,17:30:N,18:70:N,19:45:N,21:50:N,22:84:N,23:78:N,24:19:N,25:5:N,26:85:N,27:90:N,28:120:N,29:17:N,30:20:N,32:5:N,33:48:N,34:1:N', 13, 65.00, 100.00, '2025-02-13 22:43:32', '2025-02-13 22:53:32', 'N'),
(571, 17, 98, '<p>97)   6   9  12  15  18  21  24  ?</p>;<p>98)     15  16  18  19  21  22  24  ?</p>;<p>99)     19  18  22  21  25  24  28  ?</p>;<p>100)     16  12  17  13  18  14  19  ?</p>;<p>101)     2  4  8  10  20  22  44  ?</p>;<p>102)     15  13  16  12  17  11  18  ?</p>;<p>103)     25  22  11  33  30  15  45  ?</p>;<p>104)     49  51  54  27  9  11  14  ?</p>;<p>105)     2  3  1  3  4  2  4  ?</p>;<p>106)     19  17  20  16  21  15  22  ?</p>;<p>107)     94  92  46  44  22  20  10  ?</p>;<p>108)      5   8   9   8   11  12   11   ?</p>;<p>109)      12   15   19   23   28   33   39   ?</p>;<p>110)      7   5   10   7   21   17   68   ?</p>;<p>111)      11  15   18   9   13   16   8   ?</p>;<p>112)      3   8   15   24   35   48   63   ?</p>;<p>113)      4  5  7   4   8   13   7   ?</p>;<p>114)       8   5   15   18   6   3   9   ?</p>;<p>115)      15   6   18   10   30   23   69   ?</p>;<p>116)       5   35   28   4   11   77   70  ?</p>', '35:27:N,36:26:N,37:32:N,38:15:N,39:46:N,40:10:N,41:42:N,42:7:N,43:2:N,44:14:N,45:8:N,46:12:N,47:46:N,48:63:N,49:12:N,50:80:N,51:14:N,52:12:N,53:63:N,54:10:N', 12, 60.00, 100.00, '2025-02-13 22:54:04', '2025-02-13 23:04:04', 'N'),
(572, 21, 99, '<p>61) mawar - melati</p>;<p>62) mata-telinga</p>;<p>63) Gula-Intan</p>;<p>64) Hujan-Salju</p>;<p>65) Pengantar surat-Telepon</p>;<p>66) Kamera-Kacamata</p>;<p>67) Lambung-Usus</p>;<p>68) Banyak-sedikit</p>;<p>69) Telur-Benih</p>;<p>70) Bendera-Lencana</p>;<p>71) Rumput-Gajah</p>;<p>72) Ember-Kantong</p>;<p>73) Awal-Akhir</p>;<p>74) Kikir-Boros</p>;<p>75) Penawaran-Permintaan</p>;<p>76) Atas-Bawah</p>', '55:ITIK - ANGSA:N,56:MULUT - hidung:N,57:EMAS:N,58::Y,59::Y,60::N,61:jantung- hati:N,62:penuh-kosong:N,63:tunas-bibit:N,64::Y,65:daging-harimau:N,66:piring wadah:N,67:stars-finis:N,68:amanah-hemat:N,69::N,70::N', 0, 0.00, 100.00, '2025-02-18 23:28:54', '2025-02-18 23:36:54', 'N'),
(573, 15, 99, '<p>77. Jika seorang anak memiliki 50 rupiah dan memberikan 15 rupiah kepada orang lain ,berapa rupiahkah yang masih tinggal padanya?</p>;<p>78. Berapa km-kah yang dapat ditempuh oleh kereta api dalam waktu 7 jam ,jika kecepatanya 40 km/jam?</p>;<p>79. 15 Peti buah -buahan beratnya 250 kg dan setiap peti kosong beratnya 3 kg, berapakah berat buah-buahan itu?</p>;<p>80. Seseorang mempunyai persediaan rumput yang cukup untuk 7 ekor kuda selama 78 hari. Berapa harikah persediaan itu cukup untuk 21 ekor kuda?</p>;<p>81. 3 Batang coklat harganya Rp. 5,- berapa batangkah yang dapat kita beli dengan Rp. 50,-?</p>;<p xss=removed>82. Seseorang dapat berjalan 1,75 m dalam waktu 1/4 detik.Berapa meterkah yang dapat ia tampuh dalam waktu 10 detik?</p>;<p>83. Jika sebuah batu terletak 15 m disebelah selatan dari sebatang pohon dan pohon itu berada 30 m disebelah selatan dari sebuah rumah, berapa meterkah jarak antara batu dan rumah itu?</p>;<p xss=removed>84. Jika 4 <sup>1/2</sup> m bahan sandang harganya Rp.90,-berapa rupiahkah harganya 2 <sup>1/2</sup> m?</p>;<p>85. 7 Orang dapat menyelesaikan sesuatu pekerjaan dalam 6 hari. Berapa orangkah yang diperlukan untuk menyelesaikan pekerjaan itu dalam setengah hari?</p>;<p>86. Karena dipanaskan, kawat yang panjangnya 48 cm akan mengembang menjadi 52 cm. Setelah pemanasan, berapakah panjangnya kawat yang berukuran 72 cm?</p>;<p>87. Suatu pabrik dapat menghasilkan 304 batang pensiun dalam waktu 8 jam. Berapa batangkah yang dihasilkan dalam waktu setengah jam?</p>;<p>88. Untuk suatu campuran diperlukan 2 bagian perak dan 3 bagian timah. Berapa gramkah perak yang diperlukan untuk mendapatkan campuran itu yang beratnya 15 gram?</p>;<p>89. Untuk setiap Rp. 3,- yang dimiliki Sidin, Hamid memiliki Rp.5,- Jika mereka bersama mempunyai Rp.120,- berapa rupiahkah yang dimiliki Hamid?</p>;<p>90. Mesin A menenun 60 m kain, sedangkan mesin B menenun 40 m. Berapa meterkah yang ditenun mesin A, jika mesin B menenun 60 m?</p>;<p>91. Seseorang membelikan <sup>1/10 </sup>dari uangnya untuk perangko dan 4 kali jumlah itu untuk alat tulis. Sisa uangnya masih Rp.60,- Berapa rupiahkah uangnya semula?</p>;<p>92. Didalam dua peti terdapat 43 buah piring. Di dalam peti yang satu terdapat 9 buah piring lebih banyak dari pada di dalam peti yang lain. Berapa buah piring terdapat didalam peti yang lebih kecil?</p>;<p>93. Suatu lembaran kain yang panjangnya 60 cm harus dibagi sedemikian rupa sehingga panjangmya satu bagian ialah <span xss=removed>2/3</span>dari bagian yang lain. Berapa panjangnya bagian yang terpendek?</p>;<p>94. Suatu perusahaan mengekspor 3/4 dari hasil produksinya dan menjual 4/5 dari sisa itu didalam Negeri. Berapa % kah hasil produksi yang masih tinggal?</p>;<p>95. Jika suatu botol berisi anggur hanya 7/8 bagian dan harganya ialah Rp. 84,- Berapakah harga anggur itu jika botol itu hanya terisi 1/2 penuh?</p>;<p>96. Didalam suatu keluarga setiap anak perempuan mempunyai jumlah saudara laki-laki yang sama dengan jumlah saudara perempuan dan setiap anak laki-laki mempunyai dua kali lebih banyak saudara perempuan dari pada saudara laki laki. Berapa anak laki-laki', '13:35 RUPIAH:N,14:500 km:N,15:3750 kg:N,16:234 hari:N,17:30 batang:N,18:70 meter:N,19:45meter:N,21:Rp 45:N,22:1 orang:N,23:78 cm:N,24:19.25:N,25::N,26::N,27::N,28::N,29::N,30::N,32::N,33::N,34::N', 0, 0.00, 100.00, '2025-02-18 23:38:17', '2025-02-18 23:48:17', 'N'),
(574, 17, 99, '<p>97)   6   9  12  15  18  21  24  ?</p>;<p>98)     15  16  18  19  21  22  24  ?</p>;<p>99)     19  18  22  21  25  24  28  ?</p>;<p>100)     16  12  17  13  18  14  19  ?</p>;<p>101)     2  4  8  10  20  22  44  ?</p>;<p>102)     15  13  16  12  17  11  18  ?</p>;<p>103)     25  22  11  33  30  15  45  ?</p>;<p>104)     49  51  54  27  9  11  14  ?</p>;<p>105)     2  3  1  3  4  2  4  ?</p>;<p>106)     19  17  20  16  21  15  22  ?</p>;<p>107)     94  92  46  44  22  20  10  ?</p>;<p>108)      5   8   9   8   11  12   11   ?</p>;<p>109)      12   15   19   23   28   33   39   ?</p>;<p>110)      7   5   10   7   21   17   68   ?</p>;<p>111)      11  15   18   9   13   16   8   ?</p>;<p>112)      3   8   15   24   35   48   63   ?</p>;<p>113)      4  5  7   4   8   13   7   ?</p>;<p>114)       8   5   15   18   6   3   9   ?</p>;<p>115)      15   6   18   10   30   23   69   ?</p>;<p>116)       5   35   28   4   11   77   70  ?</p>', '35:27:N,36:25:N,37:27:N,38:15:N,39:88:N,40:10:N,41:43:N,42:16:N,43:4:N,44:14:N,45:8:N,46::N,47::N,48::N,49::N,50::N,51::N,52::N,53::N,54::N', 7, 35.00, 100.00, '2025-02-18 23:48:56', '2025-02-18 23:58:56', 'N'),
(575, 21, 101, '<p>61) mawar - melati</p>;<p>62) mata-telinga</p>;<p>63) Gula-Intan</p>;<p>64) Hujan-Salju</p>;<p>65) Pengantar surat-Telepon</p>;<p>66) Kamera-Kacamata</p>;<p>67) Lambung-Usus</p>;<p>68) Banyak-sedikit</p>;<p>69) Telur-Benih</p>;<p>70) Bendera-Lencana</p>;<p>71) Rumput-Gajah</p>;<p>72) Ember-Kantong</p>;<p>73) Awal-Akhir</p>;<p>74) Kikir-Boros</p>;<p>75) Penawaran-Permintaan</p>;<p>76) Atas-Bawah</p>', '55:bunga:N,56:indera:N,57:kristal:N,58:musim:N,59:alat komunikasi:N,60:lensa:N,61:pencernaan:N,62:jumlah:N,63:bibit:N,64:simbol:N,65:simbiosis:N,66:wadah:N,67:cerita:N,68:sifat:N,69:jual beli:N,70:tempat:N', 0, 0.00, 100.00, '2025-02-19 16:14:15', '2025-02-19 16:22:15', 'N'),
(576, 15, 101, '<p>77. Jika seorang anak memiliki 50 rupiah dan memberikan 15 rupiah kepada orang lain ,berapa rupiahkah yang masih tinggal padanya?</p>;<p>78. Berapa km-kah yang dapat ditempuh oleh kereta api dalam waktu 7 jam ,jika kecepatanya 40 km/jam?</p>;<p>79. 15 Peti buah -buahan beratnya 250 kg dan setiap peti kosong beratnya 3 kg, berapakah berat buah-buahan itu?</p>;<p>80. Seseorang mempunyai persediaan rumput yang cukup untuk 7 ekor kuda selama 78 hari. Berapa harikah persediaan itu cukup untuk 21 ekor kuda?</p>;<p>81. 3 Batang coklat harganya Rp. 5,- berapa batangkah yang dapat kita beli dengan Rp. 50,-?</p>;<p xss=removed>82. Seseorang dapat berjalan 1,75 m dalam waktu 1/4 detik.Berapa meterkah yang dapat ia tampuh dalam waktu 10 detik?</p>;<p>83. Jika sebuah batu terletak 15 m disebelah selatan dari sebatang pohon dan pohon itu berada 30 m disebelah selatan dari sebuah rumah, berapa meterkah jarak antara batu dan rumah itu?</p>;<p xss=removed>84. Jika 4 <sup>1/2</sup> m bahan sandang harganya Rp.90,-berapa rupiahkah harganya 2 <sup>1/2</sup> m?</p>;<p>85. 7 Orang dapat menyelesaikan sesuatu pekerjaan dalam 6 hari. Berapa orangkah yang diperlukan untuk menyelesaikan pekerjaan itu dalam setengah hari?</p>;<p>86. Karena dipanaskan, kawat yang panjangnya 48 cm akan mengembang menjadi 52 cm. Setelah pemanasan, berapakah panjangnya kawat yang berukuran 72 cm?</p>;<p>87. Suatu pabrik dapat menghasilkan 304 batang pensiun dalam waktu 8 jam. Berapa batangkah yang dihasilkan dalam waktu setengah jam?</p>;<p>88. Untuk suatu campuran diperlukan 2 bagian perak dan 3 bagian timah. Berapa gramkah perak yang diperlukan untuk mendapatkan campuran itu yang beratnya 15 gram?</p>;<p>89. Untuk setiap Rp. 3,- yang dimiliki Sidin, Hamid memiliki Rp.5,- Jika mereka bersama mempunyai Rp.120,- berapa rupiahkah yang dimiliki Hamid?</p>;<p>90. Mesin A menenun 60 m kain, sedangkan mesin B menenun 40 m. Berapa meterkah yang ditenun mesin A, jika mesin B menenun 60 m?</p>;<p>91. Seseorang membelikan <sup>1/10 </sup>dari uangnya untuk perangko dan 4 kali jumlah itu untuk alat tulis. Sisa uangnya masih Rp.60,- Berapa rupiahkah uangnya semula?</p>;<p>92. Didalam dua peti terdapat 43 buah piring. Di dalam peti yang satu terdapat 9 buah piring lebih banyak dari pada di dalam peti yang lain. Berapa buah piring terdapat didalam peti yang lebih kecil?</p>;<p>93. Suatu lembaran kain yang panjangnya 60 cm harus dibagi sedemikian rupa sehingga panjangmya satu bagian ialah <span xss=removed>2/3</span>dari bagian yang lain. Berapa panjangnya bagian yang terpendek?</p>;<p>94. Suatu perusahaan mengekspor 3/4 dari hasil produksinya dan menjual 4/5 dari sisa itu didalam Negeri. Berapa % kah hasil produksi yang masih tinggal?</p>;<p>95. Jika suatu botol berisi anggur hanya 7/8 bagian dan harganya ialah Rp. 84,- Berapakah harga anggur itu jika botol itu hanya terisi 1/2 penuh?</p>;<p>96. Didalam suatu keluarga setiap anak perempuan mempunyai jumlah saudara laki-laki yang sama dengan jumlah saudara perempuan dan setiap anak laki-laki mempunyai dua kali lebih banyak saudara perempuan dari pada saudara laki laki. Berapa anak laki-laki', '13:35:N,14:280 km:N,15:205:N,16:26 hari:N,17:30:N,18:70:N,19:45:N,21:50:N,22:84:N,23:76:N,24:19:N,25:44:N,26:20:N,27:90:N,28:30:N,29::N,30::N,32::N,33::N,34::N', 6, 30.00, 100.00, '2025-02-19 16:18:25', '2025-02-19 16:28:25', 'N'),
(577, 17, 101, '<p>97)   6   9  12  15  18  21  24  ?</p>;<p>98)     15  16  18  19  21  22  24  ?</p>;<p>99)     19  18  22  21  25  24  28  ?</p>;<p>100)     16  12  17  13  18  14  19  ?</p>;<p>101)     2  4  8  10  20  22  44  ?</p>;<p>102)     15  13  16  12  17  11  18  ?</p>;<p>103)     25  22  11  33  30  15  45  ?</p>;<p>104)     49  51  54  27  9  11  14  ?</p>;<p>105)     2  3  1  3  4  2  4  ?</p>;<p>106)     19  17  20  16  21  15  22  ?</p>;<p>107)     94  92  46  44  22  20  10  ?</p>;<p>108)      5   8   9   8   11  12   11   ?</p>;<p>109)      12   15   19   23   28   33   39   ?</p>;<p>110)      7   5   10   7   21   17   68   ?</p>;<p>111)      11  15   18   9   13   16   8   ?</p>;<p>112)      3   8   15   24   35   48   63   ?</p>;<p>113)      4  5  7   4   8   13   7   ?</p>;<p>114)       8   5   15   18   6   3   9   ?</p>;<p>115)      15   6   18   10   30   23   69   ?</p>;<p>116)       5   35   28   4   11   77   70  ?</p>', '35:27:N,36:25:N,37:27:N,38:15:N,39:46:N,40:10:N,41:42:N,42:7:N,43:5:N,44:14:N,45:8:N,46:14:N,47:45:N,48:63:N,49:12:N,50:80:N,51:14:N,52:12:N,53:61:N,54:10:N', 17, 85.00, 100.00, '2025-02-19 16:28:45', '2025-02-19 16:38:45', 'N'),
(578, 21, 100, '<p>61) mawar - melati</p>;<p>62) mata-telinga</p>;<p>63) Gula-Intan</p>;<p>64) Hujan-Salju</p>;<p>65) Pengantar surat-Telepon</p>;<p>66) Kamera-Kacamata</p>;<p>67) Lambung-Usus</p>;<p>68) Banyak-sedikit</p>;<p>69) Telur-Benih</p>;<p>70) Bendera-Lencana</p>;<p>71) Rumput-Gajah</p>;<p>72) Ember-Kantong</p>;<p>73) Awal-Akhir</p>;<p>74) Kikir-Boros</p>;<p>75) Penawaran-Permintaan</p>;<p>76) Atas-Bawah</p>', '55:Bunga:N,56:Panca indra:N,57:Kristal:N,58:Musim:N,59:Alat komunikasi :N,60:Lensa:N,61:Pencernaan:N,62:Kuantitas :N,63:Bakal:N,64:Tanda:N,65:Makhluk hidup:N,66:Wadah:N,67:Kondisi:N,68:Sifat:N,69:Dagang:N,70:Posisi:N', 0, 0.00, 100.00, '2025-02-19 22:02:25', '2025-02-19 22:10:25', 'N'),
(579, 15, 100, '<p>77. Jika seorang anak memiliki 50 rupiah dan memberikan 15 rupiah kepada orang lain ,berapa rupiahkah yang masih tinggal padanya?</p>;<p>78. Berapa km-kah yang dapat ditempuh oleh kereta api dalam waktu 7 jam ,jika kecepatanya 40 km/jam?</p>;<p>79. 15 Peti buah -buahan beratnya 250 kg dan setiap peti kosong beratnya 3 kg, berapakah berat buah-buahan itu?</p>;<p>80. Seseorang mempunyai persediaan rumput yang cukup untuk 7 ekor kuda selama 78 hari. Berapa harikah persediaan itu cukup untuk 21 ekor kuda?</p>;<p>81. 3 Batang coklat harganya Rp. 5,- berapa batangkah yang dapat kita beli dengan Rp. 50,-?</p>;<p xss=removed>82. Seseorang dapat berjalan 1,75 m dalam waktu 1/4 detik.Berapa meterkah yang dapat ia tampuh dalam waktu 10 detik?</p>;<p>83. Jika sebuah batu terletak 15 m disebelah selatan dari sebatang pohon dan pohon itu berada 30 m disebelah selatan dari sebuah rumah, berapa meterkah jarak antara batu dan rumah itu?</p>;<p xss=removed>84. Jika 4 <sup>1/2</sup> m bahan sandang harganya Rp.90,-berapa rupiahkah harganya 2 <sup>1/2</sup> m?</p>;<p>85. 7 Orang dapat menyelesaikan sesuatu pekerjaan dalam 6 hari. Berapa orangkah yang diperlukan untuk menyelesaikan pekerjaan itu dalam setengah hari?</p>;<p>86. Karena dipanaskan, kawat yang panjangnya 48 cm akan mengembang menjadi 52 cm. Setelah pemanasan, berapakah panjangnya kawat yang berukuran 72 cm?</p>;<p>87. Suatu pabrik dapat menghasilkan 304 batang pensiun dalam waktu 8 jam. Berapa batangkah yang dihasilkan dalam waktu setengah jam?</p>;<p>88. Untuk suatu campuran diperlukan 2 bagian perak dan 3 bagian timah. Berapa gramkah perak yang diperlukan untuk mendapatkan campuran itu yang beratnya 15 gram?</p>;<p>89. Untuk setiap Rp. 3,- yang dimiliki Sidin, Hamid memiliki Rp.5,- Jika mereka bersama mempunyai Rp.120,- berapa rupiahkah yang dimiliki Hamid?</p>;<p>90. Mesin A menenun 60 m kain, sedangkan mesin B menenun 40 m. Berapa meterkah yang ditenun mesin A, jika mesin B menenun 60 m?</p>;<p>91. Seseorang membelikan <sup>1/10 </sup>dari uangnya untuk perangko dan 4 kali jumlah itu untuk alat tulis. Sisa uangnya masih Rp.60,- Berapa rupiahkah uangnya semula?</p>;<p>92. Didalam dua peti terdapat 43 buah piring. Di dalam peti yang satu terdapat 9 buah piring lebih banyak dari pada di dalam peti yang lain. Berapa buah piring terdapat didalam peti yang lebih kecil?</p>;<p>93. Suatu lembaran kain yang panjangnya 60 cm harus dibagi sedemikian rupa sehingga panjangmya satu bagian ialah <span xss=removed>2/3</span>dari bagian yang lain. Berapa panjangnya bagian yang terpendek?</p>;<p>94. Suatu perusahaan mengekspor 3/4 dari hasil produksinya dan menjual 4/5 dari sisa itu didalam Negeri. Berapa % kah hasil produksi yang masih tinggal?</p>;<p>95. Jika suatu botol berisi anggur hanya 7/8 bagian dan harganya ialah Rp. 84,- Berapakah harga anggur itu jika botol itu hanya terisi 1/2 penuh?</p>;<p>96. Didalam suatu keluarga setiap anak perempuan mempunyai jumlah saudara laki-laki yang sama dengan jumlah saudara perempuan dan setiap anak laki-laki mempunyai dua kali lebih banyak saudara perempuan dari pada saudara laki laki. Berapa anak laki-laki', '13:35:N,14:280:N,15:16:N,16:26:N,17:30:N,18:70 m:N,19:45:N,21:50:N,22:28:N,23:68:N,24:19:N,25:30:N,26:70:N,27:80:N,28:100:N,29::N,30::N,32::N,33::N,34::N', 6, 30.00, 100.00, '2025-02-19 22:04:47', '2025-02-19 22:14:47', 'N'),
(580, 17, 100, '<p>97)   6   9  12  15  18  21  24  ?</p>;<p>98)     15  16  18  19  21  22  24  ?</p>;<p>99)     19  18  22  21  25  24  28  ?</p>;<p>100)     16  12  17  13  18  14  19  ?</p>;<p>101)     2  4  8  10  20  22  44  ?</p>;<p>102)     15  13  16  12  17  11  18  ?</p>;<p>103)     25  22  11  33  30  15  45  ?</p>;<p>104)     49  51  54  27  9  11  14  ?</p>;<p>105)     2  3  1  3  4  2  4  ?</p>;<p>106)     19  17  20  16  21  15  22  ?</p>;<p>107)     94  92  46  44  22  20  10  ?</p>;<p>108)      5   8   9   8   11  12   11   ?</p>;<p>109)      12   15   19   23   28   33   39   ?</p>;<p>110)      7   5   10   7   21   17   68   ?</p>;<p>111)      11  15   18   9   13   16   8   ?</p>;<p>112)      3   8   15   24   35   48   63   ?</p>;<p>113)      4  5  7   4   8   13   7   ?</p>;<p>114)       8   5   15   18   6   3   9   ?</p>;<p>115)      15   6   18   10   30   23   69   ?</p>;<p>116)       5   35   28   4   11   77   70  ?</p>', '35:27:N,36:25:N,37:27:N,38:15:N,39::N,40:10:N,41:12:N,42:7:N,43:2:N,44:14:N,45:8:N,46:14:N,47:45:N,48:63:N,49:12:N,50:80:N,51:14:N,52:45:N,53:61:N,54:490:N', 13, 65.00, 100.00, '2025-02-19 22:15:14', '2025-02-19 22:25:14', 'N'),
(581, 21, 105, '<p>61) mawar - melati</p>;<p>62) mata-telinga</p>;<p>63) Gula-Intan</p>;<p>64) Hujan-Salju</p>;<p>65) Pengantar surat-Telepon</p>;<p>66) Kamera-Kacamata</p>;<p>67) Lambung-Usus</p>;<p>68) Banyak-sedikit</p>;<p>69) Telur-Benih</p>;<p>70) Bendera-Lencana</p>;<p>71) Rumput-Gajah</p>;<p>72) Ember-Kantong</p>;<p>73) Awal-Akhir</p>;<p>74) Kikir-Boros</p>;<p>75) Penawaran-Permintaan</p>;<p>76) Atas-Bawah</p>', '55:BUNGA:N,56:INDRA:N,57:KRISTAL:N,58:MUSIM:N,59:KOMUNIKASI:N,60:LENSA:N,61:ORGAN:N,62:JUMLAH:N,63:BIBIT:N,64:LAMBANG:N,65:ORGANISME:N,66:WADAH:N,67:BATAS:N,68:SIFAT:N,69:PASAR:N,70:POSISI:N', 0, 0.00, 100.00, '2025-02-19 22:19:21', '2025-02-19 22:27:21', 'N'),
(582, 15, 105, '<p>77. Jika seorang anak memiliki 50 rupiah dan memberikan 15 rupiah kepada orang lain ,berapa rupiahkah yang masih tinggal padanya?</p>;<p>78. Berapa km-kah yang dapat ditempuh oleh kereta api dalam waktu 7 jam ,jika kecepatanya 40 km/jam?</p>;<p>79. 15 Peti buah -buahan beratnya 250 kg dan setiap peti kosong beratnya 3 kg, berapakah berat buah-buahan itu?</p>;<p>80. Seseorang mempunyai persediaan rumput yang cukup untuk 7 ekor kuda selama 78 hari. Berapa harikah persediaan itu cukup untuk 21 ekor kuda?</p>;<p>81. 3 Batang coklat harganya Rp. 5,- berapa batangkah yang dapat kita beli dengan Rp. 50,-?</p>;<p xss=removed>82. Seseorang dapat berjalan 1,75 m dalam waktu 1/4 detik.Berapa meterkah yang dapat ia tampuh dalam waktu 10 detik?</p>;<p>83. Jika sebuah batu terletak 15 m disebelah selatan dari sebatang pohon dan pohon itu berada 30 m disebelah selatan dari sebuah rumah, berapa meterkah jarak antara batu dan rumah itu?</p>;<p xss=removed>84. Jika 4 <sup>1/2</sup> m bahan sandang harganya Rp.90,-berapa rupiahkah harganya 2 <sup>1/2</sup> m?</p>;<p>85. 7 Orang dapat menyelesaikan sesuatu pekerjaan dalam 6 hari. Berapa orangkah yang diperlukan untuk menyelesaikan pekerjaan itu dalam setengah hari?</p>;<p>86. Karena dipanaskan, kawat yang panjangnya 48 cm akan mengembang menjadi 52 cm. Setelah pemanasan, berapakah panjangnya kawat yang berukuran 72 cm?</p>;<p>87. Suatu pabrik dapat menghasilkan 304 batang pensiun dalam waktu 8 jam. Berapa batangkah yang dihasilkan dalam waktu setengah jam?</p>;<p>88. Untuk suatu campuran diperlukan 2 bagian perak dan 3 bagian timah. Berapa gramkah perak yang diperlukan untuk mendapatkan campuran itu yang beratnya 15 gram?</p>;<p>89. Untuk setiap Rp. 3,- yang dimiliki Sidin, Hamid memiliki Rp.5,- Jika mereka bersama mempunyai Rp.120,- berapa rupiahkah yang dimiliki Hamid?</p>;<p>90. Mesin A menenun 60 m kain, sedangkan mesin B menenun 40 m. Berapa meterkah yang ditenun mesin A, jika mesin B menenun 60 m?</p>;<p>91. Seseorang membelikan <sup>1/10 </sup>dari uangnya untuk perangko dan 4 kali jumlah itu untuk alat tulis. Sisa uangnya masih Rp.60,- Berapa rupiahkah uangnya semula?</p>;<p>92. Didalam dua peti terdapat 43 buah piring. Di dalam peti yang satu terdapat 9 buah piring lebih banyak dari pada di dalam peti yang lain. Berapa buah piring terdapat didalam peti yang lebih kecil?</p>;<p>93. Suatu lembaran kain yang panjangnya 60 cm harus dibagi sedemikian rupa sehingga panjangmya satu bagian ialah <span xss=removed>2/3</span>dari bagian yang lain. Berapa panjangnya bagian yang terpendek?</p>;<p>94. Suatu perusahaan mengekspor 3/4 dari hasil produksinya dan menjual 4/5 dari sisa itu didalam Negeri. Berapa % kah hasil produksi yang masih tinggal?</p>;<p>95. Jika suatu botol berisi anggur hanya 7/8 bagian dan harganya ialah Rp. 84,- Berapakah harga anggur itu jika botol itu hanya terisi 1/2 penuh?</p>;<p>96. Didalam suatu keluarga setiap anak perempuan mempunyai jumlah saudara laki-laki yang sama dengan jumlah saudara perempuan dan setiap anak laki-laki mempunyai dua kali lebih banyak saudara perempuan dari pada saudara laki laki. Berapa anak laki-laki', '13:35:N,14:280:N,15:205:N,16:234:N,17:30:N,18:70:N,19:45:N,21:45:N,22:42:N,23:76:N,24:19:N,25:5:N,26:75:N,27:80:N,28::N,29::N,30::N,32::N,33::N,34::N', 5, 25.00, 100.00, '2025-02-19 22:24:51', '2025-02-19 22:34:51', 'N'),
(583, 17, 105, '<p>97)   6   9  12  15  18  21  24  ?</p>;<p>98)     15  16  18  19  21  22  24  ?</p>;<p>99)     19  18  22  21  25  24  28  ?</p>;<p>100)     16  12  17  13  18  14  19  ?</p>;<p>101)     2  4  8  10  20  22  44  ?</p>;<p>102)     15  13  16  12  17  11  18  ?</p>;<p>103)     25  22  11  33  30  15  45  ?</p>;<p>104)     49  51  54  27  9  11  14  ?</p>;<p>105)     2  3  1  3  4  2  4  ?</p>;<p>106)     19  17  20  16  21  15  22  ?</p>;<p>107)     94  92  46  44  22  20  10  ?</p>;<p>108)      5   8   9   8   11  12   11   ?</p>;<p>109)      12   15   19   23   28   33   39   ?</p>;<p>110)      7   5   10   7   21   17   68   ?</p>;<p>111)      11  15   18   9   13   16   8   ?</p>;<p>112)      3   8   15   24   35   48   63   ?</p>;<p>113)      4  5  7   4   8   13   7   ?</p>;<p>114)       8   5   15   18   6   3   9   ?</p>;<p>115)      15   6   18   10   30   23   69   ?</p>;<p>116)       5   35   28   4   11   77   70  ?</p>', '35:27:N,36:25:N,37:27:N,38:15:N,39:46:N,40:10:N,41:42:N,42:7:N,43:5:N,44:14:N,45:8:N,46:14:N,47:45:N,48:63:N,49:12:N,50:80:N,51:14:N,52:12:N,53:63:N,54:10:N', 17, 85.00, 100.00, '2025-02-19 22:35:02', '2025-02-19 22:45:02', 'N'),
(584, 21, 102, '<p>61) mawar - melati</p>;<p>62) mata-telinga</p>;<p>63) Gula-Intan</p>;<p>64) Hujan-Salju</p>;<p>65) Pengantar surat-Telepon</p>;<p>66) Kamera-Kacamata</p>;<p>67) Lambung-Usus</p>;<p>68) Banyak-sedikit</p>;<p>69) Telur-Benih</p>;<p>70) Bendera-Lencana</p>;<p>71) Rumput-Gajah</p>;<p>72) Ember-Kantong</p>;<p>73) Awal-Akhir</p>;<p>74) Kikir-Boros</p>;<p>75) Penawaran-Permintaan</p>;<p>76) Atas-Bawah</p>', '55:BUNGA:N,56:ORGAN TUBUH:N,57:MANIS:N,58:CUACA:N,59:ALAT KOMUNIKASI:N,60:PANDANGAN:N,61:PENCERNAAN:N,62:KUANTITAS:N,63:BIBIT:N,64:SIMBOL:N,65:MAKHLUK HIDUP:N,66:WADAH:N,67:PERIODE:N,68:SIFAT:N,69:JUAL BELI:N,70:POSISI:N', 0, 0.00, 100.00, '2025-02-20 10:39:27', '2025-02-20 10:47:27', 'N'),
(585, 15, 102, '<p>77. Jika seorang anak memiliki 50 rupiah dan memberikan 15 rupiah kepada orang lain ,berapa rupiahkah yang masih tinggal padanya?</p>;<p>78. Berapa km-kah yang dapat ditempuh oleh kereta api dalam waktu 7 jam ,jika kecepatanya 40 km/jam?</p>;<p>79. 15 Peti buah -buahan beratnya 250 kg dan setiap peti kosong beratnya 3 kg, berapakah berat buah-buahan itu?</p>;<p>80. Seseorang mempunyai persediaan rumput yang cukup untuk 7 ekor kuda selama 78 hari. Berapa harikah persediaan itu cukup untuk 21 ekor kuda?</p>;<p>81. 3 Batang coklat harganya Rp. 5,- berapa batangkah yang dapat kita beli dengan Rp. 50,-?</p>;<p xss=removed>82. Seseorang dapat berjalan 1,75 m dalam waktu 1/4 detik.Berapa meterkah yang dapat ia tampuh dalam waktu 10 detik?</p>;<p>83. Jika sebuah batu terletak 15 m disebelah selatan dari sebatang pohon dan pohon itu berada 30 m disebelah selatan dari sebuah rumah, berapa meterkah jarak antara batu dan rumah itu?</p>;<p xss=removed>84. Jika 4 <sup>1/2</sup> m bahan sandang harganya Rp.90,-berapa rupiahkah harganya 2 <sup>1/2</sup> m?</p>;<p>85. 7 Orang dapat menyelesaikan sesuatu pekerjaan dalam 6 hari. Berapa orangkah yang diperlukan untuk menyelesaikan pekerjaan itu dalam setengah hari?</p>;<p>86. Karena dipanaskan, kawat yang panjangnya 48 cm akan mengembang menjadi 52 cm. Setelah pemanasan, berapakah panjangnya kawat yang berukuran 72 cm?</p>;<p>87. Suatu pabrik dapat menghasilkan 304 batang pensiun dalam waktu 8 jam. Berapa batangkah yang dihasilkan dalam waktu setengah jam?</p>;<p>88. Untuk suatu campuran diperlukan 2 bagian perak dan 3 bagian timah. Berapa gramkah perak yang diperlukan untuk mendapatkan campuran itu yang beratnya 15 gram?</p>;<p>89. Untuk setiap Rp. 3,- yang dimiliki Sidin, Hamid memiliki Rp.5,- Jika mereka bersama mempunyai Rp.120,- berapa rupiahkah yang dimiliki Hamid?</p>;<p>90. Mesin A menenun 60 m kain, sedangkan mesin B menenun 40 m. Berapa meterkah yang ditenun mesin A, jika mesin B menenun 60 m?</p>;<p>91. Seseorang membelikan <sup>1/10 </sup>dari uangnya untuk perangko dan 4 kali jumlah itu untuk alat tulis. Sisa uangnya masih Rp.60,- Berapa rupiahkah uangnya semula?</p>;<p>92. Didalam dua peti terdapat 43 buah piring. Di dalam peti yang satu terdapat 9 buah piring lebih banyak dari pada di dalam peti yang lain. Berapa buah piring terdapat didalam peti yang lebih kecil?</p>;<p>93. Suatu lembaran kain yang panjangnya 60 cm harus dibagi sedemikian rupa sehingga panjangmya satu bagian ialah <span xss=removed>2/3</span>dari bagian yang lain. Berapa panjangnya bagian yang terpendek?</p>;<p>94. Suatu perusahaan mengekspor 3/4 dari hasil produksinya dan menjual 4/5 dari sisa itu didalam Negeri. Berapa % kah hasil produksi yang masih tinggal?</p>;<p>95. Jika suatu botol berisi anggur hanya 7/8 bagian dan harganya ialah Rp. 84,- Berapakah harga anggur itu jika botol itu hanya terisi 1/2 penuh?</p>;<p>96. Didalam suatu keluarga setiap anak perempuan mempunyai jumlah saudara laki-laki yang sama dengan jumlah saudara perempuan dan setiap anak laki-laki mempunyai dua kali lebih banyak saudara perempuan dari pada saudara laki laki. Berapa anak laki-laki', '13:35:N,14:280:N,15:205:N,16:234:N,17:30:N,18:70:N,19:45:N,21:50:N,22:84:N,23:78:N,24::N,25::N,26::N,27:90:N,28::N,29::N,30::N,32::N,33::N,34::N', 8, 40.00, 100.00, '2025-02-20 10:48:35', '2025-02-20 10:58:35', 'N'),
(586, 21, 103, '<p>61) mawar - melati</p>;<p>62) mata-telinga</p>;<p>63) Gula-Intan</p>;<p>64) Hujan-Salju</p>;<p>65) Pengantar surat-Telepon</p>;<p>66) Kamera-Kacamata</p>;<p>67) Lambung-Usus</p>;<p>68) Banyak-sedikit</p>;<p>69) Telur-Benih</p>;<p>70) Bendera-Lencana</p>;<p>71) Rumput-Gajah</p>;<p>72) Ember-Kantong</p>;<p>73) Awal-Akhir</p>;<p>74) Kikir-Boros</p>;<p>75) Penawaran-Permintaan</p>;<p>76) Atas-Bawah</p>', '55::N,56::N,57::N,58::N,59::N,60::N,61::N,62::N,63::N,64::N,65::N,66::N,67::N,68::N,69::N,70::N', 0, 0.00, 100.00, '2025-02-20 10:52:18', '2025-02-20 11:00:18', 'N'),
(587, 17, 102, '<p>97)   6   9  12  15  18  21  24  ?</p>;<p>98)     15  16  18  19  21  22  24  ?</p>;<p>99)     19  18  22  21  25  24  28  ?</p>;<p>100)     16  12  17  13  18  14  19  ?</p>;<p>101)     2  4  8  10  20  22  44  ?</p>;<p>102)     15  13  16  12  17  11  18  ?</p>;<p>103)     25  22  11  33  30  15  45  ?</p>;<p>104)     49  51  54  27  9  11  14  ?</p>;<p>105)     2  3  1  3  4  2  4  ?</p>;<p>106)     19  17  20  16  21  15  22  ?</p>;<p>107)     94  92  46  44  22  20  10  ?</p>;<p>108)      5   8   9   8   11  12   11   ?</p>;<p>109)      12   15   19   23   28   33   39   ?</p>;<p>110)      7   5   10   7   21   17   68   ?</p>;<p>111)      11  15   18   9   13   16   8   ?</p>;<p>112)      3   8   15   24   35   48   63   ?</p>;<p>113)      4  5  7   4   8   13   7   ?</p>;<p>114)       8   5   15   18   6   3   9   ?</p>;<p>115)      15   6   18   10   30   23   69   ?</p>;<p>116)       5   35   28   4   11   77   70  ?</p>', '35:27:N,36:25:N,37:27:N,38:15:N,39:88:N,40:10:N,41::N,42::N,43::N,44:14:N,45:8:N,46:10:N,47:45:N,48::N,49:23:N,50::N,51::N,52::N,53::N,54::N', 8, 40.00, 100.00, '2025-02-20 10:59:04', '2025-02-20 11:09:04', 'N'),
(588, 15, 103, '<p>77. Jika seorang anak memiliki 50 rupiah dan memberikan 15 rupiah kepada orang lain ,berapa rupiahkah yang masih tinggal padanya?</p>;<p>78. Berapa km-kah yang dapat ditempuh oleh kereta api dalam waktu 7 jam ,jika kecepatanya 40 km/jam?</p>;<p>79. 15 Peti buah -buahan beratnya 250 kg dan setiap peti kosong beratnya 3 kg, berapakah berat buah-buahan itu?</p>;<p>80. Seseorang mempunyai persediaan rumput yang cukup untuk 7 ekor kuda selama 78 hari. Berapa harikah persediaan itu cukup untuk 21 ekor kuda?</p>;<p>81. 3 Batang coklat harganya Rp. 5,- berapa batangkah yang dapat kita beli dengan Rp. 50,-?</p>;<p xss=removed>82. Seseorang dapat berjalan 1,75 m dalam waktu 1/4 detik.Berapa meterkah yang dapat ia tampuh dalam waktu 10 detik?</p>;<p>83. Jika sebuah batu terletak 15 m disebelah selatan dari sebatang pohon dan pohon itu berada 30 m disebelah selatan dari sebuah rumah, berapa meterkah jarak antara batu dan rumah itu?</p>;<p xss=removed>84. Jika 4 <sup>1/2</sup> m bahan sandang harganya Rp.90,-berapa rupiahkah harganya 2 <sup>1/2</sup> m?</p>;<p>85. 7 Orang dapat menyelesaikan sesuatu pekerjaan dalam 6 hari. Berapa orangkah yang diperlukan untuk menyelesaikan pekerjaan itu dalam setengah hari?</p>;<p>86. Karena dipanaskan, kawat yang panjangnya 48 cm akan mengembang menjadi 52 cm. Setelah pemanasan, berapakah panjangnya kawat yang berukuran 72 cm?</p>;<p>87. Suatu pabrik dapat menghasilkan 304 batang pensiun dalam waktu 8 jam. Berapa batangkah yang dihasilkan dalam waktu setengah jam?</p>;<p>88. Untuk suatu campuran diperlukan 2 bagian perak dan 3 bagian timah. Berapa gramkah perak yang diperlukan untuk mendapatkan campuran itu yang beratnya 15 gram?</p>;<p>89. Untuk setiap Rp. 3,- yang dimiliki Sidin, Hamid memiliki Rp.5,- Jika mereka bersama mempunyai Rp.120,- berapa rupiahkah yang dimiliki Hamid?</p>;<p>90. Mesin A menenun 60 m kain, sedangkan mesin B menenun 40 m. Berapa meterkah yang ditenun mesin A, jika mesin B menenun 60 m?</p>;<p>91. Seseorang membelikan <sup>1/10 </sup>dari uangnya untuk perangko dan 4 kali jumlah itu untuk alat tulis. Sisa uangnya masih Rp.60,- Berapa rupiahkah uangnya semula?</p>;<p>92. Didalam dua peti terdapat 43 buah piring. Di dalam peti yang satu terdapat 9 buah piring lebih banyak dari pada di dalam peti yang lain. Berapa buah piring terdapat didalam peti yang lebih kecil?</p>;<p>93. Suatu lembaran kain yang panjangnya 60 cm harus dibagi sedemikian rupa sehingga panjangmya satu bagian ialah <span xss=removed>2/3</span>dari bagian yang lain. Berapa panjangnya bagian yang terpendek?</p>;<p>94. Suatu perusahaan mengekspor 3/4 dari hasil produksinya dan menjual 4/5 dari sisa itu didalam Negeri. Berapa % kah hasil produksi yang masih tinggal?</p>;<p>95. Jika suatu botol berisi anggur hanya 7/8 bagian dan harganya ialah Rp. 84,- Berapakah harga anggur itu jika botol itu hanya terisi 1/2 penuh?</p>;<p>96. Didalam suatu keluarga setiap anak perempuan mempunyai jumlah saudara laki-laki yang sama dengan jumlah saudara perempuan dan setiap anak laki-laki mempunyai dua kali lebih banyak saudara perempuan dari pada saudara laki laki. Berapa anak laki-laki', '13:35:N,14:5:N,15::N,16::N,17::N,18::N,19::N,21::N,22::N,23::N,24::N,25::N,26::N,27::N,28::N,29::N,30::N,32::N,33::N,34::N', 1, 5.00, 100.00, '2025-02-20 12:04:57', '2025-02-20 12:14:57', 'N'),
(589, 17, 103, '<p>97)   6   9  12  15  18  21  24  ?</p>;<p>98)     15  16  18  19  21  22  24  ?</p>;<p>99)     19  18  22  21  25  24  28  ?</p>;<p>100)     16  12  17  13  18  14  19  ?</p>;<p>101)     2  4  8  10  20  22  44  ?</p>;<p>102)     15  13  16  12  17  11  18  ?</p>;<p>103)     25  22  11  33  30  15  45  ?</p>;<p>104)     49  51  54  27  9  11  14  ?</p>;<p>105)     2  3  1  3  4  2  4  ?</p>;<p>106)     19  17  20  16  21  15  22  ?</p>;<p>107)     94  92  46  44  22  20  10  ?</p>;<p>108)      5   8   9   8   11  12   11   ?</p>;<p>109)      12   15   19   23   28   33   39   ?</p>;<p>110)      7   5   10   7   21   17   68   ?</p>;<p>111)      11  15   18   9   13   16   8   ?</p>;<p>112)      3   8   15   24   35   48   63   ?</p>;<p>113)      4  5  7   4   8   13   7   ?</p>;<p>114)       8   5   15   18   6   3   9   ?</p>;<p>115)      15   6   18   10   30   23   69   ?</p>;<p>116)       5   35   28   4   11   77   70  ?</p>', '35:35:N,36:25:N,37:27:N,38:15:N,39::N,40::N,41::N,42::N,43::N,44::N,45::N,46::N,47::N,48::N,49::N,50::N,51::N,52::N,53::N,54::N', 2, 10.00, 100.00, '2025-02-20 12:07:00', '2025-02-20 12:17:00', 'N'),
(590, 21, 104, '<p>61) mawar - melati</p>;<p>62) mata-telinga</p>;<p>63) Gula-Intan</p>;<p>64) Hujan-Salju</p>;<p>65) Pengantar surat-Telepon</p>;<p>66) Kamera-Kacamata</p>;<p>67) Lambung-Usus</p>;<p>68) Banyak-sedikit</p>;<p>69) Telur-Benih</p>;<p>70) Bendera-Lencana</p>;<p>71) Rumput-Gajah</p>;<p>72) Ember-Kantong</p>;<p>73) Awal-Akhir</p>;<p>74) Kikir-Boros</p>;<p>75) Penawaran-Permintaan</p>;<p>76) Atas-Bawah</p>', '55:BUNGA:N,56:INDRA:N,57:KRISTAL:N,58:CUACA:N,59:ALAT KOMUNIKASI:N,60:LENSA:N,61:PENCERNAAN:N,62:JUMLAH :N,63:CALON:N,64:LAMBANG NEGARA:N,65:BERHUBUNGN:N,66:WADAH MENAMPUNG:N,67:PERISTIWA:N,68:SIKAP:N,69:JUAL BELI:N,70:BATAS:N', 0, 0.00, 100.00, '2025-02-20 14:30:17', '2025-02-20 14:38:17', 'N');
INSERT INTO `h_ujian_essay` (`id`, `ujianessay_id`, `mahasiswa_id`, `list_soal`, `list_jawaban`, `jml_benar`, `nilai`, `nilai_bobot`, `tgl_mulai`, `tgl_selesai`, `status`) VALUES
(591, 15, 104, '<p>77. Jika seorang anak memiliki 50 rupiah dan memberikan 15 rupiah kepada orang lain ,berapa rupiahkah yang masih tinggal padanya?</p>;<p>78. Berapa km-kah yang dapat ditempuh oleh kereta api dalam waktu 7 jam ,jika kecepatanya 40 km/jam?</p>;<p>79. 15 Peti buah -buahan beratnya 250 kg dan setiap peti kosong beratnya 3 kg, berapakah berat buah-buahan itu?</p>;<p>80. Seseorang mempunyai persediaan rumput yang cukup untuk 7 ekor kuda selama 78 hari. Berapa harikah persediaan itu cukup untuk 21 ekor kuda?</p>;<p>81. 3 Batang coklat harganya Rp. 5,- berapa batangkah yang dapat kita beli dengan Rp. 50,-?</p>;<p xss=removed>82. Seseorang dapat berjalan 1,75 m dalam waktu 1/4 detik.Berapa meterkah yang dapat ia tampuh dalam waktu 10 detik?</p>;<p>83. Jika sebuah batu terletak 15 m disebelah selatan dari sebatang pohon dan pohon itu berada 30 m disebelah selatan dari sebuah rumah, berapa meterkah jarak antara batu dan rumah itu?</p>;<p xss=removed>84. Jika 4 <sup>1/2</sup> m bahan sandang harganya Rp.90,-berapa rupiahkah harganya 2 <sup>1/2</sup> m?</p>;<p>85. 7 Orang dapat menyelesaikan sesuatu pekerjaan dalam 6 hari. Berapa orangkah yang diperlukan untuk menyelesaikan pekerjaan itu dalam setengah hari?</p>;<p>86. Karena dipanaskan, kawat yang panjangnya 48 cm akan mengembang menjadi 52 cm. Setelah pemanasan, berapakah panjangnya kawat yang berukuran 72 cm?</p>;<p>87. Suatu pabrik dapat menghasilkan 304 batang pensiun dalam waktu 8 jam. Berapa batangkah yang dihasilkan dalam waktu setengah jam?</p>;<p>88. Untuk suatu campuran diperlukan 2 bagian perak dan 3 bagian timah. Berapa gramkah perak yang diperlukan untuk mendapatkan campuran itu yang beratnya 15 gram?</p>;<p>89. Untuk setiap Rp. 3,- yang dimiliki Sidin, Hamid memiliki Rp.5,- Jika mereka bersama mempunyai Rp.120,- berapa rupiahkah yang dimiliki Hamid?</p>;<p>90. Mesin A menenun 60 m kain, sedangkan mesin B menenun 40 m. Berapa meterkah yang ditenun mesin A, jika mesin B menenun 60 m?</p>;<p>91. Seseorang membelikan <sup>1/10 </sup>dari uangnya untuk perangko dan 4 kali jumlah itu untuk alat tulis. Sisa uangnya masih Rp.60,- Berapa rupiahkah uangnya semula?</p>;<p>92. Didalam dua peti terdapat 43 buah piring. Di dalam peti yang satu terdapat 9 buah piring lebih banyak dari pada di dalam peti yang lain. Berapa buah piring terdapat didalam peti yang lebih kecil?</p>;<p>93. Suatu lembaran kain yang panjangnya 60 cm harus dibagi sedemikian rupa sehingga panjangmya satu bagian ialah <span xss=removed>2/3</span>dari bagian yang lain. Berapa panjangnya bagian yang terpendek?</p>;<p>94. Suatu perusahaan mengekspor 3/4 dari hasil produksinya dan menjual 4/5 dari sisa itu didalam Negeri. Berapa % kah hasil produksi yang masih tinggal?</p>;<p>95. Jika suatu botol berisi anggur hanya 7/8 bagian dan harganya ialah Rp. 84,- Berapakah harga anggur itu jika botol itu hanya terisi 1/2 penuh?</p>;<p>96. Didalam suatu keluarga setiap anak perempuan mempunyai jumlah saudara laki-laki yang sama dengan jumlah saudara perempuan dan setiap anak laki-laki mempunyai dua kali lebih banyak saudara perempuan dari pada saudara laki laki. Berapa anak laki-laki', '13:35 RUPIAH:N,14:280 KM:N,15:205 kg:N,16:26 hari:N,17:40 batangf:N,18:1,75 x 4 = 7 m x 10 = 70 m:N,19:45 m:N,21:50:N,22:49 org:N,23:76 cm:N,24:38 = 1 1/2 = 19 batang:N,25:6 gram :N,26:40 = 25 = 65:N,27:90m:N,28:rp 120.:N,29:17:N,30:60 cm:N,32::N,33:48:N,34:3 lk:N', 3, 14.00, 95.00, '2025-02-20 14:34:44', '2025-02-20 14:44:44', 'N'),
(592, 17, 104, '<p>97)   6   9  12  15  18  21  24  ?</p>;<p>98)     15  16  18  19  21  22  24  ?</p>;<p>99)     19  18  22  21  25  24  28  ?</p>;<p>100)     16  12  17  13  18  14  19  ?</p>;<p>101)     2  4  8  10  20  22  44  ?</p>;<p>102)     15  13  16  12  17  11  18  ?</p>;<p>103)     25  22  11  33  30  15  45  ?</p>;<p>104)     49  51  54  27  9  11  14  ?</p>;<p>105)     2  3  1  3  4  2  4  ?</p>;<p>106)     19  17  20  16  21  15  22  ?</p>;<p>107)     94  92  46  44  22  20  10  ?</p>;<p>108)      5   8   9   8   11  12   11   ?</p>;<p>109)      12   15   19   23   28   33   39   ?</p>;<p>110)      7   5   10   7   21   17   68   ?</p>;<p>111)      11  15   18   9   13   16   8   ?</p>;<p>112)      3   8   15   24   35   48   63   ?</p>;<p>113)      4  5  7   4   8   13   7   ?</p>;<p>114)       8   5   15   18   6   3   9   ?</p>;<p>115)      15   6   18   10   30   23   69   ?</p>;<p>116)       5   35   28   4   11   77   70  ?</p>', '35:27:N,36:25:N,37:27:N,38:15:N,39:40:N,40:10:N,41::N,42:3:N,43:2:N,44:14:N,45:8:N,46:14:N,47:45:N,48::N,49:8:N,50::N,51:14:N,52::N,53::N,54::N', 10, 50.00, 100.00, '2025-02-20 14:46:50', '2025-02-20 14:56:50', 'N'),
(593, 21, 107, '<p>61) mawar - melati</p>;<p>62) mata-telinga</p>;<p>63) Gula-Intan</p>;<p>64) Hujan-Salju</p>;<p>65) Pengantar surat-Telepon</p>;<p>66) Kamera-Kacamata</p>;<p>67) Lambung-Usus</p>;<p>68) Banyak-sedikit</p>;<p>69) Telur-Benih</p>;<p>70) Bendera-Lencana</p>;<p>71) Rumput-Gajah</p>;<p>72) Ember-Kantong</p>;<p>73) Awal-Akhir</p>;<p>74) Kikir-Boros</p>;<p>75) Penawaran-Permintaan</p>;<p>76) Atas-Bawah</p>', '55:bunga:N,56:indra:N,57:garam-emas:N,58:musim:N,59:alat komunikasi:N,60:alat bantu melihat:N,61:alat pencernaan:N,62::N,63:larva-kecambah:N,64:simbol:N,65:daun-ulat:N,66:botol-dompet:N,67:pagi-malam:N,68:pendiam-cerewet:N,69:kerja-upah:N,70:kanan-kiri:N', 0, 0.00, 100.00, '2025-02-20 15:06:08', '2025-02-20 15:14:08', 'N'),
(594, 15, 107, '<p>77. Jika seorang anak memiliki 50 rupiah dan memberikan 15 rupiah kepada orang lain ,berapa rupiahkah yang masih tinggal padanya?</p>;<p>78. Berapa km-kah yang dapat ditempuh oleh kereta api dalam waktu 7 jam ,jika kecepatanya 40 km/jam?</p>;<p>79. 15 Peti buah -buahan beratnya 250 kg dan setiap peti kosong beratnya 3 kg, berapakah berat buah-buahan itu?</p>;<p>80. Seseorang mempunyai persediaan rumput yang cukup untuk 7 ekor kuda selama 78 hari. Berapa harikah persediaan itu cukup untuk 21 ekor kuda?</p>;<p>81. 3 Batang coklat harganya Rp. 5,- berapa batangkah yang dapat kita beli dengan Rp. 50,-?</p>;<p xss=removed>82. Seseorang dapat berjalan 1,75 m dalam waktu 1/4 detik.Berapa meterkah yang dapat ia tampuh dalam waktu 10 detik?</p>;<p>83. Jika sebuah batu terletak 15 m disebelah selatan dari sebatang pohon dan pohon itu berada 30 m disebelah selatan dari sebuah rumah, berapa meterkah jarak antara batu dan rumah itu?</p>;<p xss=removed>84. Jika 4 <sup>1/2</sup> m bahan sandang harganya Rp.90,-berapa rupiahkah harganya 2 <sup>1/2</sup> m?</p>;<p>85. 7 Orang dapat menyelesaikan sesuatu pekerjaan dalam 6 hari. Berapa orangkah yang diperlukan untuk menyelesaikan pekerjaan itu dalam setengah hari?</p>;<p>86. Karena dipanaskan, kawat yang panjangnya 48 cm akan mengembang menjadi 52 cm. Setelah pemanasan, berapakah panjangnya kawat yang berukuran 72 cm?</p>;<p>87. Suatu pabrik dapat menghasilkan 304 batang pensiun dalam waktu 8 jam. Berapa batangkah yang dihasilkan dalam waktu setengah jam?</p>;<p>88. Untuk suatu campuran diperlukan 2 bagian perak dan 3 bagian timah. Berapa gramkah perak yang diperlukan untuk mendapatkan campuran itu yang beratnya 15 gram?</p>;<p>89. Untuk setiap Rp. 3,- yang dimiliki Sidin, Hamid memiliki Rp.5,- Jika mereka bersama mempunyai Rp.120,- berapa rupiahkah yang dimiliki Hamid?</p>;<p>90. Mesin A menenun 60 m kain, sedangkan mesin B menenun 40 m. Berapa meterkah yang ditenun mesin A, jika mesin B menenun 60 m?</p>;<p>91. Seseorang membelikan <sup>1/10 </sup>dari uangnya untuk perangko dan 4 kali jumlah itu untuk alat tulis. Sisa uangnya masih Rp.60,- Berapa rupiahkah uangnya semula?</p>;<p>92. Didalam dua peti terdapat 43 buah piring. Di dalam peti yang satu terdapat 9 buah piring lebih banyak dari pada di dalam peti yang lain. Berapa buah piring terdapat didalam peti yang lebih kecil?</p>;<p>93. Suatu lembaran kain yang panjangnya 60 cm harus dibagi sedemikian rupa sehingga panjangmya satu bagian ialah <span xss=removed>2/3</span>dari bagian yang lain. Berapa panjangnya bagian yang terpendek?</p>;<p>94. Suatu perusahaan mengekspor 3/4 dari hasil produksinya dan menjual 4/5 dari sisa itu didalam Negeri. Berapa % kah hasil produksi yang masih tinggal?</p>;<p>95. Jika suatu botol berisi anggur hanya 7/8 bagian dan harganya ialah Rp. 84,- Berapakah harga anggur itu jika botol itu hanya terisi 1/2 penuh?</p>;<p>96. Didalam suatu keluarga setiap anak perempuan mempunyai jumlah saudara laki-laki yang sama dengan jumlah saudara perempuan dan setiap anak laki-laki mempunyai dua kali lebih banyak saudara perempuan dari pada saudara laki laki. Berapa anak laki-laki', '13:35:N,14:280:N,15:3750:N,16:26:N,17:30:N,18:70:N,19:45:N,21:50:N,22:84:N,23:78:N,24:19:N,25:6:N,26:75:N,27:90:N,28::N,29::N,30::N,32::N,33::N,34::N', 10, 50.00, 100.00, '2025-02-20 15:14:55', '2025-02-20 15:24:55', 'N'),
(595, 17, 107, '<p>97)   6   9  12  15  18  21  24  ?</p>;<p>98)     15  16  18  19  21  22  24  ?</p>;<p>99)     19  18  22  21  25  24  28  ?</p>;<p>100)     16  12  17  13  18  14  19  ?</p>;<p>101)     2  4  8  10  20  22  44  ?</p>;<p>102)     15  13  16  12  17  11  18  ?</p>;<p>103)     25  22  11  33  30  15  45  ?</p>;<p>104)     49  51  54  27  9  11  14  ?</p>;<p>105)     2  3  1  3  4  2  4  ?</p>;<p>106)     19  17  20  16  21  15  22  ?</p>;<p>107)     94  92  46  44  22  20  10  ?</p>;<p>108)      5   8   9   8   11  12   11   ?</p>;<p>109)      12   15   19   23   28   33   39   ?</p>;<p>110)      7   5   10   7   21   17   68   ?</p>;<p>111)      11  15   18   9   13   16   8   ?</p>;<p>112)      3   8   15   24   35   48   63   ?</p>;<p>113)      4  5  7   4   8   13   7   ?</p>;<p>114)       8   5   15   18   6   3   9   ?</p>;<p>115)      15   6   18   10   30   23   69   ?</p>;<p>116)       5   35   28   4   11   77   70  ?</p>', '35:27:N,36:25:N,37:27:N,38:15:N,39:46:N,40:10:N,41:42:N,42:18:N,43::N,44:14:N,45:8:N,46:14:N,47:45:N,48:63:N,49:12:N,50:80:N,51::N,52::N,53::N,54::N', 12, 60.00, 100.00, '2025-02-20 15:25:38', '2025-02-20 15:35:38', 'N');

-- --------------------------------------------------------

--
-- Struktur dari tabel `info_db`
--

CREATE TABLE `info_db` (
  `id_group` mediumint NOT NULL,
  `isi_info` varchar(250) COLLATE utf8mb4_general_ci NOT NULL
) ENGINE=InnoDB DEFAULT CHARSET=utf8mb4 COLLATE=utf8mb4_general_ci;

--
-- Dumping data untuk tabel `info_db`
--

INSERT INTO `info_db` (`id_group`, `isi_info`) VALUES
(3, 'Lorem ipsum, dolor sit amet consectetur adipisicing elit. Quidem in animi quibusdam nihil esse ratione, nulla sint enim natus, aut mollitia quas veniam, tempore quia!');

-- --------------------------------------------------------

--
-- Struktur dari tabel `jabatan`
--

CREATE TABLE `jabatan` (
  `id_jabatan` int NOT NULL,
  `nama_jabatan` char(20) COLLATE utf8mb4_general_ci NOT NULL
) ENGINE=InnoDB DEFAULT CHARSET=utf8mb4 COLLATE=utf8mb4_general_ci;

--
-- Dumping data untuk tabel `jabatan`
--

INSERT INTO `jabatan` (`id_jabatan`, `nama_jabatan`) VALUES
(1, 'Kabag'),
(2, 'Staff');

-- --------------------------------------------------------

--
-- Struktur dari tabel `jurusan`
--

CREATE TABLE `jurusan` (
  `id_jurusan` int NOT NULL,
  `nama_jurusan` varchar(30) NOT NULL
) ENGINE=InnoDB DEFAULT CHARSET=utf8mb3;

--
-- Dumping data untuk tabel `jurusan`
--

INSERT INTO `jurusan` (`id_jurusan`, `nama_jurusan`) VALUES
(1, 'Marketing'),
(9, 'IT'),
(10, 'Psikotes');

-- --------------------------------------------------------

--
-- Struktur dari tabel `jurusan_matkul`
--

CREATE TABLE `jurusan_matkul` (
  `id` int NOT NULL,
  `matkul_id` int NOT NULL,
  `jurusan_id` int NOT NULL
) ENGINE=InnoDB DEFAULT CHARSET=utf8mb3;

-- --------------------------------------------------------

--
-- Struktur dari tabel `kelas`
--

CREATE TABLE `kelas` (
  `id_kelas` int NOT NULL,
  `nama_kelas` varchar(30) NOT NULL,
  `jurusan_id` int NOT NULL
) ENGINE=InnoDB DEFAULT CHARSET=utf8mb3;

--
-- Dumping data untuk tabel `kelas`
--

INSERT INTO `kelas` (`id_kelas`, `nama_kelas`, `jurusan_id`) VALUES
(12, 'Psikotes_IT', 9),
(13, 'psikotes_marketing', 1),
(14, 'Psikotes', 10);

-- --------------------------------------------------------

--
-- Struktur dari tabel `kelas_dosen`
--

CREATE TABLE `kelas_dosen` (
  `id` int NOT NULL,
  `kelas_id` int NOT NULL,
  `dosen_id` int NOT NULL
) ENGINE=InnoDB DEFAULT CHARSET=utf8mb3;

--
-- Dumping data untuk tabel `kelas_dosen`
--

INSERT INTO `kelas_dosen` (`id`, `kelas_id`, `dosen_id`) VALUES
(29, 14, 25),
(30, 12, 25);

-- --------------------------------------------------------

--
-- Struktur dari tabel `login_attempts`
--

CREATE TABLE `login_attempts` (
  `id` int UNSIGNED NOT NULL,
  `ip_address` varchar(45) NOT NULL,
  `login` varchar(100) NOT NULL,
  `time` int UNSIGNED DEFAULT NULL
) ENGINE=InnoDB DEFAULT CHARSET=utf8mb3;

--
-- Dumping data untuk tabel `login_attempts`
--

INSERT INTO `login_attempts` (`id`, `ip_address`, `login`, `time`) VALUES
(437, '36.90.19.174', 'peserta51', 1740472784),
(438, '36.90.19.174', 'peserta51', 1740473795);

-- --------------------------------------------------------

--
-- Struktur dari tabel `mahasiswa`
--

CREATE TABLE `mahasiswa` (
  `id_mahasiswa` int NOT NULL,
  `nama` varchar(50) NOT NULL,
  `nim` varchar(255) NOT NULL,
  `email` varchar(254) NOT NULL,
  `jenis_kelamin` enum('L','P') NOT NULL,
  `kelas_id` int NOT NULL COMMENT 'kelas&jurusan'
) ENGINE=InnoDB DEFAULT CHARSET=latin1;

--
-- Dumping data untuk tabel `mahasiswa`
--

INSERT INTO `mahasiswa` (`id_mahasiswa`, `nama`, `nim`, `email`, `jenis_kelamin`, `kelas_id`) VALUES
(22, 'Calon Pelamar', '123445566', 'pelamar@gmail.com', 'L', 12),
(23, 'Andika Robinson', '18081711', 'andikarobinson123@gmail.com', 'L', 12),
(27, 'eka setyo', '123456789', 'ekk.styo13@gmail.com', 'L', 14),
(29, 'Tes HRD', '15022023001', 'teshrd', 'P', 14),
(30, 'Andika Suryana', '15022023002', 'andikasuryana', 'L', 14),
(31, 'Benny Hamongan', '15022023003', 'bennyhamongan', 'L', 14),
(32, 'Cindy Faulin', '15022023004', 'cindyfaulin', 'P', 14),
(33, 'Indra', '160223001', 'indra', 'L', 14),
(34, 'Nur Rahmi Setianingrum', '100323001', 'nurrahmi', 'P', 14),
(35, 'Mahendri Basukarno', '160323001', 'mahendri', 'L', 14),
(36, 'Rizal Setyo Widigdyo', '300323001', 'rizalsetyo', 'L', 14),
(37, 'Firmannanda Nur Irzam', '300323002', 'firmannanda', 'L', 14),
(38, 'Nanang Agung Saputro', '300323003', 'nanangagung', 'L', 14),
(39, 'Dian Nurul Khikmah', '140423001', 'diannurul', 'P', 14),
(40, 'Andy Noor Mawan', '2004230001', 'andinoor', 'L', 14),
(41, 'Alamsyah', '040523001', 'alamsyah', 'L', 14),
(42, 'Hendri Mustofa', '230523001', 'hendrimustofa', 'L', 14),
(44, 'indrapriyo', '2905230001', 'indrapriyo', 'L', 14),
(45, 'Andi Awan', '150623001', 'andiawan', 'L', 14),
(46, 'Sony', '210623001', 'sony', 'L', 14),
(47, 'Hengki', '210623002', 'hengki', 'L', 14),
(48, 'Mukti', '210623003', 'mukti', 'L', 14),
(49, 'Slamet', '210623004', 'slamet', 'L', 14),
(50, 'aan', '2108230001', 'aan', 'L', 14),
(52, 'andika', '21080002', 'andika', 'L', 14),
(53, 'Tri Cahya Wibawa', 'cumicumi', 'tricahya', 'L', 14),
(54, 'aan candra', 'aancandra', 'aancandra', 'L', 14),
(55, 'putri puspikaasari', 'putripuspika', 'putripuspika', 'P', 14),
(56, 'Rizky Devita Utami', 'rizkydevita', 'rizkydevita', 'P', 14),
(57, 'Nurhaliza Ayu', 'nurhalizaayu', 'nurhalizaayu', 'P', 14),
(58, 'astrid', 'astrid', 'astrid', 'P', 14),
(59, 'peserta psikotes 1', 'peserta1', 'peserta1', 'L', 14),
(60, 'peserta psikotes 2', 'peserta2', 'peserta2', 'L', 14),
(61, 'peserta psikotes 3', 'peserta3', 'peserta3', 'L', 14),
(62, 'peserta psikotes 4', 'peserta4', 'peserta4', 'L', 14),
(63, 'peserta psikotes 5', 'peserta5', 'peserta5', 'L', 14),
(64, 'peserta psikotes 6', 'peserta6', 'peserta6', 'L', 14),
(65, 'peserta psikotes 7', 'peserta7', 'peserta7', 'L', 14),
(66, 'peserta psikotes 8', 'peserta8', 'peserta8', 'L', 14),
(67, 'peserta psikotes 9', 'peserta9', 'peserta9', 'L', 14),
(68, 'peserta psikotes 10', 'peserta10', 'peserta10', 'L', 14),
(69, 'peserta psikotes 11', 'peserta11', 'peserta11', 'L', 14),
(70, 'peserta psikotes 12', 'peserta12', 'peserta12', 'L', 14),
(71, 'peserta psikotes 13', 'peserta13', 'peserta13', 'L', 14),
(72, 'peserta psikotes 14', 'peserta14', 'peserta14', 'L', 14),
(73, 'peserta psikotes 15', 'peserta15', 'peserta15', 'L', 14),
(74, 'peserta psikotes 16', 'peserta16', 'peserta16', 'L', 14),
(75, 'peserta psikotes 17', 'peserta17', 'peserta17', 'L', 14),
(76, 'peserta psikotes 18', 'peserta18', 'peserta18', 'L', 14),
(77, 'peserta psikotes 19', 'peserta19', 'peserta19', 'L', 14),
(78, 'peserta psikotes 20', 'peserta20', 'peserta20', 'L', 14),
(79, 'peserta 21', 'peserta21', 'peserta21', 'L', 14),
(80, 'peserta22', 'peserta22', 'peserta22', 'L', 14),
(81, 'peserta23', 'peserta23', 'peserta23', 'L', 14),
(82, 'peserta24', 'peserta24', 'peserta24', 'L', 14),
(83, 'peserta25', 'peserta25', 'peserta25', 'L', 14),
(84, 'peserta26', 'peserta26', 'peserta26', 'L', 14),
(85, 'peserta27', 'peserta27', 'peserta27', 'L', 14),
(86, 'peserta28', 'peserta28', 'peserta28', 'L', 14),
(87, 'peserta29', 'peserta29', 'peserta29', 'L', 14),
(88, 'peserta30', 'peserta30', 'peserta30', 'L', 14),
(89, 'peserta31', 'peserta31', 'peserta31', 'L', 14),
(90, 'peserta32', 'peserta32', 'peserta32', 'L', 14),
(91, 'peserta33', 'peserta33', 'peserta33', 'L', 14),
(92, 'peserta34', 'peserta34', 'peserta34', 'L', 14),
(93, 'peserta35', 'peserta35', 'peserta35', 'L', 14),
(94, 'peserta36', 'peserta36', 'peserta36', 'L', 14),
(95, 'peserta37', 'peserta37', 'peserta37', 'L', 14),
(96, 'peserta38', 'peserta38', 'peserta38', 'L', 14),
(97, 'peserta39', 'peserta39', 'peserta39', 'L', 14),
(98, 'peserta40', 'peserta40', 'peserta40', 'L', 14),
(99, 'Peserta Psikotes 41', 'peserta41', 'peserta41', 'L', 14),
(100, 'peserta psikotes 42', 'peserta42', 'peserta42', 'L', 14),
(101, 'peserta psikotes 43', 'peserta43', 'peserta43', 'L', 14),
(102, 'peserta psikotes 44', 'peserta44', 'peserta44', 'L', 14),
(103, 'peserta psikotes 45', 'peserta45', 'peserta45', 'L', 14),
(104, 'peserta psikotes 46', 'peserta46', 'peserta46', 'L', 14),
(105, 'peserta psikotes 47', 'peserta47', 'peserta47', 'L', 14),
(106, 'peserta psikotes 48', 'peserta48', 'peserta48', 'L', 14),
(107, 'peserta psikotes 49', 'peserta49', 'peserta49', 'L', 14),
(108, 'peserta psikotes 50', 'peserta50', 'peserta50', 'L', 14),
(119, 'psikotes 51', 'psikotes51', 'psikotes51', 'L', 14),
(120, 'psikotes 52', 'psikotes52', 'psikotes52', 'L', 14),
(121, 'psikotes 53', 'psikotes53', 'psikotes53', 'L', 14),
(122, 'psikotes 54', 'psikotes54', 'psikotes54', 'L', 14),
(123, 'psikotes 55', 'psikotes55', 'psikotes55', 'L', 14),
(124, 'psikotes 56', 'psikotes56', 'psikotes56', 'L', 14),
(125, 'psikotes 57', 'psikotes57', 'psikotes57', 'L', 14),
(126, 'psikotes 58', 'psikotes58', 'psikotes58', 'L', 14),
(127, 'psikotes 59', 'psikotes59', 'psikotes59', 'L', 14),
(128, 'psikotes 60', 'psikotes60', 'psikotes60', 'L', 14),
(129, 'peserta psikotes 61', 'peserta61', 'peserta61', 'L', 14),
(130, 'peserta psikotes 62', 'peserta62', 'peserta62', 'L', 14),
(131, 'peserta psikotes 63', 'peserta63', 'peserta63', 'L', 14),
(132, 'peserta psikotes 64', 'peserta64', 'peserta64', 'L', 14),
(133, 'peserta psikotes 65', 'peserta65', 'peserta65', 'L', 14),
(134, 'peserta psikotes 66', 'peserta66', 'peserta66', 'L', 14),
(135, 'peserta psikotes 67', 'peserta67', 'peserta67', 'L', 14),
(136, 'peserta psikotes 68', 'peserta68', 'peserta68', 'L', 14),
(137, 'peserta psikotes 69', 'peserta69', 'peserta69', 'L', 14),
(138, 'peserta psikotes 70', 'peserta70', 'peserta70', 'L', 14),
(139, 'psikotes 71', 'psikotes71', 'psikotes71', 'L', 14),
(140, 'psikotes 72', 'psikotes72', 'psikotes72', 'L', 14),
(141, 'psikotes 73', 'psikotes73', 'psikotes73', 'L', 14),
(142, 'psikotes 74', 'psikotes74', 'psikotes74', 'L', 14),
(143, 'psikotes 75', 'psikotes75', 'psikotes75', 'L', 14),
(144, 'psikotes 76', 'psikotes76', 'psikotes76', 'L', 14),
(145, 'psikotes 77', 'psikotes77', 'psikotes77', 'L', 14),
(146, 'psikotes 78', 'psikotes78', 'psikotes78', 'L', 14),
(147, 'psikotes 79', 'psikotes79', 'psikotes79', 'L', 14),
(148, 'psikotes 80', 'psikotes80', 'psikotes80', 'L', 14),
(149, 'psikotes 81', 'psikotes81', 'psikotes81', 'L', 14),
(150, 'psikotes 82', 'psikotes82', 'psikotes82', 'L', 14),
(151, 'psikotes 83', 'psikotes83', 'psikotes83', 'L', 14),
(152, 'psikotes 84', 'psikotes84', 'psikotes84', 'L', 14),
(153, 'psikotes 85', 'psikotes85', 'psikotes85', 'L', 14),
(154, 'psikotes 86', 'psikotes86', 'psikotes86', 'L', 14),
(155, 'psikotes 87', 'psikotes87', 'psikotes87', 'L', 14),
(156, 'psikotes 88', 'psikotes88', 'psikotes88', 'L', 14),
(157, 'psikotes 89', 'psikotes89', 'psikotes89', 'L', 14),
(158, 'psikotes 90', 'psikotes90', 'psikotes90', 'L', 14),
(159, 'psikotes 91', 'psikotes91', 'psikotes91', 'L', 14),
(160, 'psikotes 92', 'psikotes92', 'psikotes92', 'L', 14),
(161, 'psikotes 93', 'psikotes93', 'psikotes93', 'L', 14),
(162, 'psikotes 94', 'psikotes94', 'psikotes94', 'L', 14),
(163, 'psikotes 95', 'psikotes95', 'psikotes95', 'L', 14),
(164, 'psikotes 96', 'psikotes96', 'psikotes96', 'L', 14),
(165, 'psikotes 97', 'psikotes97', 'psikotes97', 'L', 14),
(166, 'psikotes 98', 'psikotes98', 'psikotes98', 'L', 14),
(167, 'psikotes 99', 'psikotes99', 'psikotes99', 'L', 14),
(168, 'psikotes 100', 'psikotes100', 'psikotes100', 'L', 14),
(169, 'psikotes101', 'psikotes101', 'psikotes101', 'L', 14),
(170, 'psikotes102', 'psikotes102', 'psikotes102', 'L', 14),
(171, 'psikotes103', 'psikotes103', 'psikotes103', 'L', 14),
(172, 'psikotes104', 'psikotes104', 'psikotes104', 'L', 14),
(173, 'psikotes105', 'psikotes105', 'psikotes105', 'L', 14),
(174, 'psikotes106', 'psikotes106', 'psikotes106', 'L', 14),
(175, 'psikotes107', 'psikotes107', 'psikotes107', 'L', 14),
(176, 'psikotes108', 'psikotes108', 'psikotes108', 'L', 14),
(177, 'psikotes109', 'psikotes109', 'psikotes109', 'L', 14),
(178, 'psikotes110', 'psikotes110', 'psikotes110', 'L', 14);

-- --------------------------------------------------------

--
-- Struktur dari tabel `matkul`
--

CREATE TABLE `matkul` (
  `id_matkul` int NOT NULL,
  `nama_matkul` varchar(50) NOT NULL
) ENGINE=InnoDB DEFAULT CHARSET=utf8mb3;

--
-- Dumping data untuk tabel `matkul`
--

INSERT INTO `matkul` (`id_matkul`, `nama_matkul`) VALUES
(1, 'TES INTELIGENSI 1 Subtes B'),
(2, 'TES INTELIGENSI 1 Subtes A'),
(3, 'TES INTELIGENSI 1 Subtes D'),
(9, 'TES INTELIGENSI 1 Subtes C'),
(13, 'TES INTELEGENSI 1 Subtest E'),
(14, 'TES INTELEGENSI 1 Subtest F'),
(15, 'TES INTELEGENSI 1 Subtest G'),
(16, 'TES INTELEGENSI 1 Subtest H'),
(17, 'TES INTELEGENSI 1 Subtest I'),
(18, 'TES EPPS'),
(20, 'tes kepemimpinan 1'),
(21, 'tes kepemimpinan 2'),
(22, 'Pengantar Tes Intelegensi Subtes I');

-- --------------------------------------------------------

--
-- Struktur dari tabel `matkul_dosen`
--

CREATE TABLE `matkul_dosen` (
  `id` int NOT NULL,
  `matkul_id` int NOT NULL,
  `dosen_id` int NOT NULL
) ENGINE=InnoDB DEFAULT CHARSET=utf8mb4 COLLATE=utf8mb4_general_ci;

--
-- Dumping data untuk tabel `matkul_dosen`
--

INSERT INTO `matkul_dosen` (`id`, `matkul_id`, `dosen_id`) VALUES
(73, 1, 25),
(74, 2, 25),
(75, 3, 25),
(76, 9, 25),
(77, 13, 25),
(78, 14, 25),
(79, 15, 25),
(80, 16, 25),
(81, 17, 25),
(82, 22, 25);

-- --------------------------------------------------------

--
-- Struktur dari tabel `m_ujian`
--

CREATE TABLE `m_ujian` (
  `id_ujian` int NOT NULL,
  `dosen_id` int NOT NULL,
  `matkul_id` int NOT NULL,
  `nama_ujian` varchar(200) NOT NULL,
  `instruksi` text NOT NULL,
  `jumlah_soal` int NOT NULL,
  `waktu` int NOT NULL,
  `jenis` enum('acak','urut') NOT NULL,
  `tgl_mulai` datetime NOT NULL,
  `terlambat` datetime NOT NULL,
  `token` varchar(5) NOT NULL
) ENGINE=InnoDB DEFAULT CHARSET=utf8mb3;

--
-- Dumping data untuk tabel `m_ujian`
--

INSERT INTO `m_ujian` (`id_ujian`, `dosen_id`, `matkul_id`, `nama_ujian`, `instruksi`, `jumlah_soal`, `waktu`, `jenis`, `tgl_mulai`, `terlambat`, `token`) VALUES
(22, 25, 2, 'SUBTES A', '<p xss=removed>Lengkapilah pernyataan berikut dengan memilih\r\nsalah satu jawaban di\r\npilihan ganda</p><p xss=removed></p><p xss=removed>Contoh: </p><p xss=removed>Seekor kuda memiliki kesamaan terbanyak dengan seekor</p><p>\r\n\r\n\r\n\r\n\r\n\r\n\r\n\r\n</p><div xss=removed>a.Kucing b. Bajing c.\r\nKeledai d. Lembu e.\r\nAnjing</div>', 20, 6, 'urut', '2024-11-29 08:00:00', '2025-02-27 23:00:00', 'EZCVO'),
(23, 25, 1, 'SUBTES B', '<p xss=removed>Bagian\r\nsoal berikut terdiri dari\r\nlima kata (a, b, c, d, dan e). Empat dari\r\nlima kata tersebut memiliki kesamaan. Carilah\r\nkata kelima\r\nyang tidak memiliki kesamaan dengan\r\nkata lainnya</p>', 20, 6, 'urut', '2024-11-29 08:00:00', '2025-02-27 23:00:00', 'GDHMD'),
(24, 25, 9, 'SUBTES C', '<p xss=removed>Terdapat tiga\r\nkata. Antara kata pertama dan kata kedua punya hubungan. Antara kata ketiga dan salah satu diantara\r\nkata pilihan harus\r\njuga terdapat hubungan\r\nyang sama, maka carilah\r\nkata yang dimaksud.<br><br></p><p xss=removed>Hutan : Pohon = tembok :\r\n?</p><p xss=removed>\r\n\r\n</p><p xss=removed>a.\r\nBatu bata b. rumah c.\r\nsemen d. putih e.\r\ndinding</p>', 20, 7, 'urut', '2024-11-29 08:00:00', '2025-02-27 23:00:00', 'OBCXS'),
(28, 25, 15, 'SUBTES G', '<p xss=removed>Terdapat gambar a, b, c, d, dan e. Soal-soal berikut terdiri dari potongan-potongan gambar yang\r\napabila digabungkan, disusun sedemikan rupa akan menjadi gambar utuh tanpa kelebihan sudut/ruang. Carilah gambar tersebut</p>', 20, 8, 'urut', '2024-11-29 08:00:00', '2025-02-27 23:00:00', 'KWQLI'),
(29, 25, 16, 'SUBTES H', '<p xss=removed>Terdapat kubus a, b, c, d, dan e. Setiap kubus memiliki 6 sisi setiap sisi terdapat tanda yang\r\nberlainan, 3 tanda bisa terlihat dan\r\n3 tanda lain\r\nbelum terlihat. Kubus-kubus ini berbeda, artinya kubus-kubus itu\r\npunya tanda yang\r\nsama, tetapi susunannya berlainan.</p><p xss=removed></p><p>\r\n\r\n\r\n\r\n</p><p xss=removed>Setiap soal merupakan salah satu dari 5 kubus dengan posisi/kedudukan yang berbeda. Tugas Anda, carilah kubus yang dimaksud. Kubus ini dapat diputar, digulingkan, diputar dan digulingkan di pikiran Anda sehingga mungkin saja terdapat tanda baru.</p>', 20, 9, 'urut', '2024-11-29 08:00:00', '2025-02-27 23:00:00', 'TMXSU'),
(30, 25, 17, 'SUBTES I', '<p>Sebelum memulai pastikan saudara telah membuka bagian \"PENGANTAR TES INTELEGENSI 1 SUBTEST 1\".</p><p>Pada bagian ini adalah soal dari kata-kata yang telah anda hafalkan pada bagian \"PENGANTAR TES INTELEGENSI 1 SUBTEST 1\"</p>', 20, 6, 'urut', '2024-11-29 08:00:00', '2025-02-27 23:00:00', 'AKTHF'),
(35, 25, 22, 'PENGANTAR SUBTES I', '<p>Silakan hafalkan kata-kata berikut untuk menjawab soal Tes Intelegensi 1 Subtest I</p>', 1, 3, 'urut', '2024-11-29 10:57:40', '2025-02-27 23:00:00', 'RGLCR');

-- --------------------------------------------------------

--
-- Struktur dari tabel `m_ujianessay`
--

CREATE TABLE `m_ujianessay` (
  `id_UjianEssay` int NOT NULL,
  `dosen_id` int NOT NULL,
  `matkul_id` int NOT NULL,
  `nama_ujian` varchar(255) COLLATE utf8mb4_general_ci NOT NULL,
  `instruksi` text COLLATE utf8mb4_general_ci NOT NULL,
  `jumlah_soal` int NOT NULL,
  `waktu` int NOT NULL,
  `jenis` enum('urut','acak') COLLATE utf8mb4_general_ci NOT NULL,
  `tgl_mulai` datetime NOT NULL,
  `terlambat` datetime NOT NULL,
  `token` varchar(5) COLLATE utf8mb4_general_ci NOT NULL
) ENGINE=InnoDB DEFAULT CHARSET=utf8mb4 COLLATE=utf8mb4_general_ci;

--
-- Dumping data untuk tabel `m_ujianessay`
--

INSERT INTO `m_ujianessay` (`id_UjianEssay`, `dosen_id`, `matkul_id`, `nama_ujian`, `instruksi`, `jumlah_soal`, `waktu`, `jenis`, `tgl_mulai`, `terlambat`, `token`) VALUES
(15, 25, 13, 'SUBTES E', '<p>Persoalan berikutnya ialah soal-soal hitungan.</p><p>Contoh</p><p>Sebatang pensil harganya 25 rupiah. Berapakah harga 3 batang?</p><p>Jawabannya ialah: 75</p><p>Cukup tulis angkanya saja, TANPA menulis satuan (rp/ meter)</p>', 20, 10, 'urut', '2024-11-29 08:00:00', '2025-02-27 23:00:00', 'JXFTO'),
(17, 25, 14, 'SUBTES F', '<p>Pada persoalan berikut akan diberikan deret angka.</p><p>Contoh</p><p>2, 4, 6, 8, 10, 12, 14, ?</p><p>Jawaban: 16</p>', 20, 10, 'urut', '2024-11-29 08:00:00', '2025-02-27 23:00:00', 'HXGDN'),
(21, 25, 3, 'SUBTES D', '<p>Ditentukan dua kata.</p><p>Carilah satu perkataan yang meliputi pengertian kedua kata tadi.</p><p>Tulislah perkataan itu pada kolom yang tersedia.</p><p><br></p><p>Contoh</p><p>Ayam - itik</p><p>Perkataan \"burung\" dapat meliputi kedua kata tadi.</p><p>Maka tulis di kolom: burung</p>', 16, 8, 'urut', '2024-11-29 08:00:00', '2025-02-27 23:00:00', 'ZBESV');

-- --------------------------------------------------------

--
-- Struktur dari tabel `tbl_psikotes_hasil`
--

CREATE TABLE `tbl_psikotes_hasil` (
  `id` int NOT NULL,
  `ujian_id` int NOT NULL,
  `mahasiswa_id` int NOT NULL,
  `list_soal` longtext NOT NULL,
  `list_jawaban` longtext NOT NULL,
  `jml_benar` int NOT NULL,
  `nilai` decimal(10,2) NOT NULL,
  `nilai_bobot` decimal(10,2) NOT NULL,
  `tgl_mulai` datetime NOT NULL,
  `tgl_selesai` datetime NOT NULL,
  `status` enum('Y','N') NOT NULL
) ENGINE=InnoDB DEFAULT CHARSET=utf8mb3;

-- --------------------------------------------------------

--
-- Struktur dari tabel `tb_soal`
--

CREATE TABLE `tb_soal` (
  `id_soal` int NOT NULL,
  `dosen_id` int NOT NULL,
  `matkul_id` int NOT NULL,
  `bobot` int NOT NULL,
  `file` varchar(255) NOT NULL,
  `tipe_file` varchar(50) NOT NULL,
  `soal` longtext NOT NULL,
  `opsi_a` longtext NOT NULL,
  `opsi_b` longtext NOT NULL,
  `opsi_c` longtext NOT NULL,
  `opsi_d` longtext NOT NULL,
  `opsi_e` longtext NOT NULL,
  `file_a` varchar(255) NOT NULL,
  `file_b` varchar(255) NOT NULL,
  `file_c` varchar(255) NOT NULL,
  `file_d` varchar(255) NOT NULL,
  `file_e` varchar(255) NOT NULL,
  `jawaban` varchar(5) NOT NULL,
  `created_on` int NOT NULL,
  `updated_on` int DEFAULT NULL
) ENGINE=InnoDB DEFAULT CHARSET=utf8mb3;

--
-- Dumping data untuk tabel `tb_soal`
--

INSERT INTO `tb_soal` (`id_soal`, `dosen_id`, `matkul_id`, `bobot`, `file`, `tipe_file`, `soal`, `opsi_a`, `opsi_b`, `opsi_c`, `opsi_d`, `opsi_e`, `file_a`, `file_b`, `file_c`, `file_d`, `file_e`, `jawaban`, `created_on`, `updated_on`) VALUES
(90, 25, 2, 1, '', '', '<p>11.<span xss=removed>Suatu\r\ntidak menyangkut persoalan pencegahan kecelakaan</span></p>', '<p>a) lampu lalu lintas</p>', '<p>b) kacamata pelindung</p>', '<p>c) kotak PPPK</p>', '<p>d) tanda peringatan</p>', '<p>e) palang kereta api</p>', '', '', '', '', '', 'C', 1653636078, 1653637582),
(91, 25, 2, 1, '', '', '<p>12.<span xss=removed>Mata\r\nuang logam Rp 500,- mempunyai garis tengahmm</span></p>', '<p>a) 20</p>', '<p>b) 29</p>', '<p>c) 17</p>', '<p>d) 24</p>', '<p>e) 15</p>', '', '', '', '', '', 'D', 1653636168, 1653637513),
(92, 25, 2, 1, '', '', '<p>13.<span xss=removed>Seseorang\r\nyang bersikap menyangsikan setiap kemajuan ialah seseorang yang</span></p>', '<p>a) demokratis</p>', '<p>b) radikal</p>', '<p>c) liberal</p>', '<p>d) konservatif</p>', '<p>e) anarkis</p>', '', '', '', '', '', 'D', 1653636259, 1653637466),
(93, 25, 2, 1, '', '', '<p>14.<span xss=removed>Lawannya\r\ntidak pernah ialah</span></p>', '<p>a) sering</p>', '<p>b) kadang-kadang</p>', '<p>c) jarang</p>', '<p>d) kerap kali</p>', '<p>e) selalu</p>', '', '', '', '', '', 'E', 1653636445, 1653637444),
(94, 25, 2, 1, '', '', '<p>15.<span xss=removed>Jarak\r\nantara Jakarta  Surabaya kira-kira km</span></p>', '<p>a) 650</p>', '<p>b) 1000</p>', '<p>c) 800</p>', '<p>d) 600</p>', '<p>e) 950</p>', '', '', '', '', '', 'C', 1653636771, 1653637414),
(95, 25, 2, 1, '', '', '<p>16.<span xss=removed>Untuk\r\ndapat membuat nada yang rendah dan mendalam, kita memerlukan banyak</span></p>', '<p>a) kekuatan</p>', '<p>b) peranan</p>', '<p>c) ayunan</p>', '<p>d) berat</p>', '<p>e) suara</p>', '', '', '', '', '', 'A', 1653636865, 1653637384),
(96, 25, 2, 1, '', '', '<p>17.<span xss=removed>Ayah\r\nlebih berpengalaman dari pada anaknya</span></p>', '<p>a) selalu</p>', '<p>b) biasanya</p>', '<p>c) jauh</p>', '<p>d) jarang</p>', '<p>e) pada dasarnya</p>', '', '', '', '', '', 'B', 1653636957, 1653637364),
(97, 25, 2, 1, '', '', '<p>18.<span xss=removed>Di\r\nantara kota-kota berikut ini, maka kotaletaknya paling selatan</span></p>', '<p>a) Jakarta</p>', '<p>b) Bandung</p>', '<p>c) Cirebon</p>', '<p>d) Semarang</p>', '<p>e) Surabaya</p>', '', '', '', '', '', 'B', 1653637071, 1653637348),
(98, 25, 2, 1, '', '', '<p>19.<span xss=removed>Jika\r\nkita mengetahui jumlah presentase nomor-nomor lotere yang tidak menang, maka\r\nkita dapat menghitung</span></p>', '<p>a) jumlah nomor yang menang</p>', '<p>b) pojok lotere</p>', '<p>c) kemungkinan menang</p>', '<p>d) jumlah pengikut</p>', '<p>e) tinggi keuntungan</p>', '', '', '', '', '', 'C', 1653637166, 1653637278),
(99, 25, 2, 1, '', '', '<p>20.<span xss=removed>Seorang\r\nanak yang berumur 10 tahun tingginya rata-ratacm</span></p>', '<p>a) 150</p>', '<p>b) 130</p>', '<p>c) 110</p>', '<p>d) 105</p>', '<p>e) 115</p>', '', '', '', '', '', 'B', 1653637247, 1653637247),
(100, 25, 1, 1, '', '', '<p><span xss=\"removed\">21.</span></p><p><span xss=\"removed\">a) Lingkaran</span></p><p><span xss=\"removed\">b) Panah</span></p><p><span xss=\"removed\">c) Elips</span></p><p><span xss=\"removed\">d) Busur</span></p><p><span xss=\"removed\">e) lengkungan</span></p>', '<p>a) Lingkungan</p>', '<p>b) Panah</p>', '<p>C) Elips</p>', '<p>D) Busur</p>', '<p>E) Lengkungan</p>', '', '', '', '', '', 'B', 1653878786, 1687161388),
(101, 25, 1, 1, '', '', '<h5 xss=\"removed\"><p><span xss=\"removed\">22.</span></p><p><span xss=\"removed\">a) Mengetuk</span></p><p><span xss=\"removed\">b) Memaki</span></p><p><span xss=\"removed\">c) Menjahit</span></p><p><span xss=\"removed\">d) Menggergaji</span></p><p><span xss=\"removed\">e) Memukul</span></p></h5>', '<p>a) mengetuk</p>', '<p>b) memaki</p>', '<p>c) menjahit</p>', '<p>d) menggergaji</p>', '<p>e) memukul</p>', '', '', '', '', '', 'B', 1653879868, 1687161676),
(102, 25, 1, 1, '', '', '<h5 xss=\"removed\"><p><span xss=\"removed\">23.</span></p><p><span xss=\"removed\">a) Lebar</span></p><p><span xss=\"removed\">b) keliling</span></p><p><span xss=\"removed\">c) Luas</span></p><p><span xss=\"removed\">d) Isi</span></p><p><span xss=\"removed\">e) Panjang</span></p></h5>', '<p>a) lebar</p>', '<p>b) keliling</p>', '<p>c) luas</p>', '<p>d) isi</p>', '<p>e) panjang</p>', '', '', '', '', '', 'D', 1653879982, 1687161800),
(103, 25, 1, 1, '', '', '<h5 xss=\"removed\"><p><span xss=\"removed\">24.</span></p><p><span xss=\"removed\">a) Mengikat</span></p><p><span xss=\"removed\">b) Menyatukan</span></p><p>c) Melepaskan</p><p>d) Mengaitkan</p><p>e) Melekatkan</p></h5>', '<p>a) mengikat</p>', '<p>b) menyatukan</p>', '<p>c) melepaskan</p>', '<p>d) mengaitkan</p>', '<p>e) melekatkan</p>', '', '', '', '', '', 'C', 1653880082, 1687161924),
(104, 25, 1, 1, '', '', '<h5 xss=\"removed\"><p><span xss=\"removed\">25.</span></p><p><span xss=\"removed\">a) arah</span></p><p><span xss=\"removed\">b) timur</span></p><p>c) perjalanan</p><p>d) tujuan</p><p>e) selatan</p></h5>', '<p>a) arah</p>', '<p>b) timur</p>', '<p>c) perjalanan</p>', '<p>d) tujuan</p>', '<p>e) selatan</p>', '', '', '', '', '', 'C', 1653880183, 1687162030),
(105, 25, 1, 1, '', '', '<h5 xss=\"removed\"><p><span xss=\"removed\">26.</span></p><p><span xss=\"removed\">a) jarak</span></p><p><span xss=\"removed\">b) perpisahan</span></p><p><span xss=\"removed\">c) tugas</span></p><p><span xss=\"removed\">d) batas</span></p><p>e) perceraian</p></h5>', '<p>a) jarak</p>', '<p>b) perpisahan</p>', '<p>c) tugas</p>', '<p>d) batas</p>', '<p>e) perceraian</p>', '', '', '', '', '', 'C', 1653880256, 1687162121),
(106, 25, 1, 1, '', '', '<h5 xss=\"removed\"><p><span xss=\"removed\">27.</span></p><p><span xss=\"removed\">a) saringan</span></p><p><span xss=\"removed\">b) kelambu</span></p><p>c) payung</p><p>d) tapisan</p><p>e) jala</p></h5>', '<p>a) saringan</p>', '<p>b) kelambu</p>', '<p>c) payung</p>', '<p>d) tapisan</p>', '<p>e) jala</p>', '', '', '', '', '', 'C', 1653880322, 1687162224),
(107, 25, 1, 1, '', '', '<h5 xss=\"removed\"><p><span xss=\"removed\">28.</span></p><p><span xss=\"removed\">a) putih</span></p><p><span xss=\"removed\">b) pucat</span></p><p><span xss=\"removed\">c) buram</span></p><p><span xss=\"removed\">d) kasar</span></p><p><span xss=\"removed\">e) berkilauan</span></p></h5>', '<p>a) putih</p>', '<p>b) pucat</p>', '<p>c) buram</p>', '<p>d) kasar</p>', '<p>e) berkilauan</p>', '', '', '', '', '', 'D', 1653880400, 1687162346),
(108, 25, 1, 1, '', '', '<h5 xss=\"removed\"><p><span xss=\"removed\">29.</span></p><p><span xss=\"removed\">a) otobis</span></p><p><span xss=\"removed\">b) pesawat terbang</span></p><p><span xss=\"removed\">c) sepeda motor</span></p><p><span xss=\"removed\">d) sepeda</span></p><p><span xss=\"removed\">e) kapal api</span></p></h5>', '<p>a) otobis</p>', '<p>b) pesawat terbang</p>', '<p>c) sepeda motor</p>', '<p>d) sepeda</p>', '<p>e) kapal api</p>', '', '', '', '', '', 'D', 1653880542, 1687162443),
(109, 25, 1, 1, '', '', '<p>30.</p><p>a) biola</p><p>b) seruling</p><p>c) klarinet</p><p>d) terompet</p><p>e) saxophon</p>', '<p>a) biola</p>', '<p>b) seruling</p>', '<p>c) klarinet</p>', '<p>d) terompet</p>', '<p>e) saxophone</p>', '', '', '', '', '', 'A', 1653880626, 1687162560),
(110, 25, 1, 1, '', '', '<h5 xss=\"removed\"><p><span xss=\"removed\">31.</span></p><p><span xss=\"removed\">a) bergelombang</span></p><p><span xss=\"removed\">b) kasar</span></p><p><span xss=\"removed\">c) berduri</span></p><p><span xss=\"removed\">d) licin</span></p><p><span xss=\"removed\">e) lurus</span></p></h5>', '<p>a) bergelombang</p>', '<p>b) kasar</p>', '<p>c) berduri</p>', '<p>d) licin</p>', '<p>e) lurus</p>', '', '', '', '', '', 'E', 1653880917, 1687162634),
(111, 25, 1, 1, '', '', '<h5 xss=\"removed\"><p><span xss=\"removed\">32.</span></p><p><span xss=\"removed\">a) jam</span></p><p><span xss=\"removed\">b) kompas</span></p><p><span xss=\"removed\">c) penunjuk jalan</span></p><p><span xss=\"removed\">d) bintang pari</span></p><p><span xss=\"removed\">e) arah</span></p></h5>', '<p>a) jam</p>', '<p>b) kompas</p>', '<p>c) penunjuk jalan</p>', '<p>d) bintang pari</p>', '<p>e) arah</p>', '', '', '', '', '', 'E', 1653881039, 1687162719),
(112, 25, 1, 1, '', '', '<h5 xss=\"removed\"><p><span xss=\"removed\">33.</span></p><p><span xss=\"removed\">a) kebijaksanaan</span></p><p><span xss=\"removed\">b) pendidikan</span></p><p><span xss=\"removed\">c) perecanaan</span></p><p><span xss=\"removed\">d) penempatan</span></p><p><span xss=\"removed\">e) pengerahan</span></p></h5>', '<p>a) kebiaksanaan</p>', '<p>b) pendidikan</p>', '<p>c) perencanaan</p>', '<p>d) penempatan</p>', '<p>e) pengerahan</p>', '', '', '', '', '', 'A', 1653881617, 1687162803),
(113, 25, 1, 1, '', '', '<h5 xss=\"removed\"><p><span xss=\"removed\">34.</span></p><p><span xss=\"removed\">a) bermotor</span></p><p><span xss=\"removed\">b) berjalan</span></p><p><span xss=\"removed\">c) berlayar</span></p><p><span xss=\"removed\">d) bersepeda</span></p><p><span xss=\"removed\">e) berkuda</span></p></h5>', '<p>a) bermotor</p>', '<p>b) berjalan</p>', '<p>c) berlayar</p>', '<p>d) bersepeda</p>', '<p>e) berkuda</p>', '', '', '', '', '', 'B', 1653881687, 1687162871),
(114, 25, 1, 1, '', '', '<h5 xss=\"removed\"><p><span xss=\"removed\">35.</span></p><p><span xss=\"removed\">a) gambar</span></p><p><span xss=\"removed\">b) lukisan</span></p><p><span xss=\"removed\">c) potret</span></p><p><span xss=\"removed\">d) patung</span></p><p><span xss=\"removed\">e) ukiran</span></p></h5>', '<p>a) gambar</p>', '<p>b) lukisan</p>', '<p>c) potret</p>', '<p>d) patung</p>', '<p>e) ukiran</p>', '', '', '', '', '', 'C', 1653881959, 1687162942),
(115, 25, 1, 1, '', '', '<h5 xss=\"removed\"><p><span xss=\"removed\">36.</span></p><p><span xss=\"removed\">a) panjang</span></p><p><span xss=\"removed\">b) lonjong</span></p><p><span xss=\"removed\">c) runcing</span></p><p><span xss=\"removed\">d) bulat</span></p><p><span xss=\"removed\">e) bersudut</span></p></h5>', '<p>a) panjang</p>', '<p>b) lonjong</p>', '<p>c) runcing</p>', '<p>d) bulat</p>', '<p>e) bersudut</p>', '', '', '', '', '', 'A', 1653882034, 1687163020),
(116, 25, 1, 1, '', '', '<h5 xss=\"removed\"><p><span xss=\"removed\">37.</span></p><p><span xss=\"removed\">a) kunci</span></p><p><span xss=\"removed\">b) palang pintu</span></p><p><span xss=\"removed\">c) gerendel</span></p><p><span xss=\"removed\">d) gunting</span></p><p><span xss=\"removed\">e) obeng</span></p></h5>', '<p>a) kunci</p>', '<p>b) palang pintu</p>', '<p>c) gerendel</p>', '<p>d) gunting</p>', '<p>e) obeng</p>', '', '', '', '', '', 'B', 1653882111, 1687163099),
(117, 25, 1, 1, '', '', '<h5 xss=\"removed\"><p><span xss=\"removed\">38.</span></p><p><span xss=\"removed\">a) jembatan</span></p><p><span xss=\"removed\">b) batas</span></p><p>c) perkawinan</p><p>d) pagar</p><p>e) masyarakart</p></h5>', '<p>a) jembatan</p>', '<p>b) batas</p>', '<p>c) perkawinan</p>', '<p>d) pagar</p>', '<p>e) masyarakat</p>', '', '', '', '', '', 'E', 1653882173, 1687163168),
(118, 25, 1, 1, '', '', '<h5 xss=\"removed\"><p><span xss=\"removed\">39.</span></p><p><span xss=\"removed\">a) mengetam</span></p><p><span xss=\"removed\">b) memahat</span></p><p><span xss=\"removed\">c) mengasah</span></p><p><span xss=\"removed\">d) melicinkan</span></p><p><span xss=\"removed\">e) menggosok</span></p></h5>', '<p>a) mengetam</p>', '<p>b) memahat</p>', '<p>c) mengasah</p>', '<p>d) melicinkan</p>', '<p>e) menggosok</p>', '', '', '', '', '', 'B', 1653882237, 1687163241),
(119, 25, 1, 1, '', '', '<h5 xss=\"removed\"><p><span xss=removed>40. </span></p><p><span xss=removed>a) batu</span><br></p><p><span xss=\"removed\">b) baja</span></p><p><span xss=\"removed\">c) bulu</span></p><p><span xss=\"removed\">d) karet</span></p><p><span xss=\"removed\">e) karet</span></p></h5>', '<p>a) batu</p>', '<p>b) baja</p>', '<p>c) bulu</p>', '<p>d) karet</p>', '<p>e) kayu</p>', '', '', '', '', '', 'D', 1653882300, 1687160483),
(120, 25, 9, 1, '', '', '<p>41. Menemukan : menghilangkan = Mengingat :</p>', '<p>a) menghapal</p>', '<p>b) mengenai</p>', '<p>c) melupakan</p>', '<p>d) berpikir</p>', '<p>e) memimpikan</p>', '', '', '', '', '', 'C', 1653882906, 1662627338),
(121, 25, 9, 1, '', '', '<p>42. Bunga : Jambangan = Burung : ?</p>', '<p>a) Sarang</p>', '<p>b) langit</p>', '<p>c) pagar</p>', '<p>d) pohon</p>', '<p>e) sangkar</p>', '', '', '', '', '', 'E', 1653883009, 1653883009),
(122, 25, 9, 1, '', '', '<p>43. Kereta api : rel = Otobis: ?</p>', '<p>a) roda</p>', '<p>b) poros</p>', '<p>c) ban</p>', '<p>d) jalan raya</p>', '<p>e) kecepatan</p>', '', '', '', '', '', 'D', 1653883276, 1653883276),
(123, 25, 9, 1, '', '', '<p>44. Perak : emas= CIncin : ?</p>', '<p>a) arloji</p>', '<p>b) berlian</p>', '<p>c) permata</p>', '<p>d) gelang</p>', '<p>e) platina</p>', '', '', '', '', '', 'D', 1653883445, 1653883445),
(124, 25, 9, 1, '', '', '<p>45. Lingkaran : bola = Bujur sangkar : ?</p>', '<p>a) bentuk</p>', '<p>b) gambar</p>', '<p>c) segi empat</p>', '<p>d) kubus</p>', '<p>e) piramida</p>', '', '', '', '', '', 'D', 1653883547, 1653883547),
(125, 25, 1, 1, '', '', '<p>46. Saran : keputusan = Merundingkan : ?</p>', '<p>a) menawarkan</p>', '<p>b) menentukan</p>', '<p>c) menilai</p>', '<p>d) menimbang</p>', '<p>e) merenungkan</p>', '', '', '', '', '', 'B', 1653883727, 1653883748),
(126, 25, 9, 1, '', '', '<p>47. Lidah : asam = Hidung : ?</p>', '<p>a) mencium</p>', '<p>b) bernapas</p>', '<p>c) mengecap</p>', '<p>d) tengik</p>', '<p>e) asin</p>', '', '', '', '', '', 'D', 1653883924, 1653883924),
(127, 25, 9, 1, '', '', '<p>48. Darah : pembuluh = Air : ?</p>', '<p>a) pintu air</p>', '<p>b) sungai</p>', '<p>c) talang</p>', '<p>d) hujan</p>', '<p>e) ember</p>', '', '', '', '', '', 'B', 1653884014, 1653884014),
(128, 25, 9, 1, '', '', '<p>49. Saraf : penyalur = Pupil : ?</p>', '<p>a) penyinaran</p>', '<p>b) mata</p>', '<p>c) melihat</p>', '<p>d) cahaya</p>', '<p>e) pelindung</p>', '', '', '', '', '', 'E', 1653884086, 1653884086),
(129, 25, 9, 1, '', '', '<p>50. Pengantar surat : pengantar telegram = Pandai besi : ?</p>', '<p>a) palu godam</p>', '<p>b) pedagang besi</p>', '<p>c) api</p>', '<p>d) tukang emas</p>', '<p>e. besi tempa</p>', '', '', '', '', '', 'D', 1653884184, 1653884184),
(130, 25, 9, 1, '', '', '<p>51. Buta : warna = Tuli : ?</p>', '<p>a) pendengaran</p>', '<p>b) mendengar</p>', '<p>c) nada</p>', '<p>d) kata</p>', '<p>e) telinga</p>', '', '', '', '', '', 'C', 1653884352, 1653884352),
(131, 25, 9, 1, '', '', '<p>52. Makanan : bumbu = Ceramah : ?</p>', '<p>a) penghinaan</p>', '<p>b) pidato</p>', '<p>c) kelakar</p>', '<p>d) kesan</p>', '<p>e) ayat</p>', '', '', '', '', '', 'C', 1653884455, 1653884455),
(132, 25, 9, 1, '', '', '<p>53. Marah : emosi = Duka cita : ?</p>', '<p>a) suka cita</p>', '<p>b) sakit hati</p>', '<p>c) suasana hati</p>', '<p>d) sedih</p>', '<p>e) rindu</p>', '', '', '', '', '', 'C', 1653884553, 1653884553),
(133, 25, 9, 1, '', '', '<p>54. Mantel : jubah = wool :?</p>', '<p>a) bahan sandang</p>', '<p>b) domba</p>', '<p>c) sutra</p>', '<p>d) jas</p>', '<p>e) tekstil</p>', '', '', '', '', '', 'C', 1653884791, 1653884791),
(134, 25, 9, 1, '', '', '<p>55. Ketinggian puncak : tekanan udara = ketinggian nada : ?</p>', '<p>a) garpu tala</p>', '<p>b) sopran</p>', '<p>c) nyanyian</p>', '<p>d) panjang senar</p>', '<p>e) suara</p>', '', '', '', '', '', 'E', 1653884885, 1653885003),
(135, 25, 9, 1, '', '', '<p>56. Negara: revolusi = Hidup: ?</p>', '<p>a) biologi</p>', '<p>b) keturunan</p>', '<p>c) mutasi</p>', '<p>d) seleksi</p>', '<p>e) ilmu hewan</p>', '', '', '', '', '', 'C', 1653884984, 1653884984),
(136, 25, 9, 1, '', '', '<p>57. Kekurangan : penemuan = Panas : ?</p>', '<p>a) haus</p>', '<p>b) khatulistiwa</p>', '<p>c) es</p>', '<p>d) matahari</p>', '<p>e) dingin</p>', '', '', '', '', '', 'C', 1653885092, 1653885092),
(137, 25, 9, 1, '', '', '<p>58. Kayu : diketam = Besi : ?</p>', '<p>a) dipalu</p>', '<p>b) digergaji</p>', '<p>c) dituang</p>', '<p>d) dikikir</p>', '<p>e) ditempa</p>', '', '', '', '', '', 'E', 1653885168, 1653885168),
(138, 25, 9, 1, '', '', '<p>59. Olahragawan : lembing = Cendekiawan : ?</p>', '<p>a) perpustakaan</p>', '<p>b) penelitian</p>', '<p>c) karya</p>', '<p>d) studi</p>', '<p>e) mikroskop</p>', '', '', '', '', '', 'E', 1653885303, 1653885303),
(139, 25, 9, 1, '', '', '<p>60. Keledai : kuda pacuan = pembakaran : ?</p>', '<p>a) pemadam api</p>', '<p>b) obor</p>', '<p>c) letupan</p>', '<p>d) korek api</p>', '<p>e) lautan api</p>', '', '', '', '', '', 'E', 1653885428, 1662437595),
(140, 25, 17, 1, '', '', '<p>157. Kata yang mempunyai huruf permulaan - A - adalah suatu............</p>', '<p>a) bunga</p>', '<p>b) perkakas</p>', '<p>c) burung</p>', '<p>d) kesenian</p>', '<p>e) binatang</p>', '', '', '', '', '', 'D', 1660549133, 1663135217),
(141, 25, 17, 1, '', '', '<p>158. Kata yang mempunyai huruf permulaan - B - adalah suatu..........</p>', '<p>a) bunga</p>', '<p>b) perkakas</p>', '<p>c) burung</p>', '<p>d) kesenian</p>', '<p>e) binatang</p>', '', '', '', '', '', 'E', 1660549297, 1663135248),
(142, 25, 17, 1, '', '', '<p>159. Kata yang mempunyai huruf permulaan - C - adalah suatu..........</p>', '<p>a) bunga</p>', '<p>b) perkakas</p>', '<p>c) burung</p>', '<p>d) kesenian</p>', '<p>e) binatang</p>', '', '', '', '', '', 'B', 1660549401, 1663135279),
(143, 25, 17, 1, '', '', '<p>160. Kata yang mempunyai huruf permulaan - D - adalah suatu..........</p>', '<p>a) bunga</p>', '<p>b) perkakas</p>', '<p>c) burung</p>', '<p>d) kesenian</p>', '<p>e) binatang</p>', '', '', '', '', '', 'A', 1660549492, 1660549492),
(144, 25, 17, 1, '', '', '<p>161. Kata yang mempunyai huruf permulaan - E - adalah suatu..........</p>', '<p>a) bunga</p>', '<p>b) perkakas</p>', '<p>c) burung</p>', '<p>d) kesenian</p>', '<p>e) binatang</p>', '', '', '', '', '', 'A', 1660549590, 1660549590),
(145, 25, 17, 1, '', '', '<p>162. Kata yang mempunyai huruf permulaan - F - adalah suatu..........</p>', '<p>a) bunga</p>', '<p>b) perkakas</p>', '<p>c) burung</p>', '<p>d) kesenian</p>', '<p>e) binatang</p>', '', '', '', '', '', 'A', 1660549677, 1660549677),
(146, 25, 17, 1, '', '', '<p>163. Kata yang mempunyai huruf permulaan - G - adalah suatu..........</p>', '<p>a) bunga</p>', '<p>b) perkakas</p>', '<p>c) burung</p>', '<p>d) kesenian</p>', '<p>e) binatang</p>', '', '', '', '', '', 'A', 1660549763, 1660549763),
(147, 25, 17, 1, '', '', '<p>164. Kata yang mempunyai huruf permulaan - H - adalah suatu..........</p>', '<p>a) bunga</p>', '<p>b) perkakas</p>', '<p>c) burung</p>', '<p>d) kesenian</p>', '<p>e) binatang</p>', '', '', '', '', '', 'A', 1660549861, 1660549861),
(148, 25, 17, 1, '', '', '<p>165. Kata yang mempunyai huruf permulaan - I - adalah suatu..........</p>', '<p>a) bunga</p>', '<p>b) perkakas</p>', '<p>c) burung</p>', '<p>d) kesenian</p>', '<p>e) binatang</p>', '', '', '', '', '', 'A', 1660549939, 1660549939),
(149, 25, 17, 1, '', '', '<p>166. Kata yang mempunyai huruf permulaan - J - adalah suatu..........</p>', '<p>a) bunga</p>', '<p>b) perkakas</p>', '<p>c) burung</p>', '<p>d) kesenian</p>', '<p>e) binatang</p>', '', '', '', '', '', 'A', 1660550013, 1660550013),
(150, 25, 17, 1, '', '', '<p>167. Kata yang mempunyai huruf permulaan - K - adalah suatu..........</p>', '<p>a) bunga</p>', '<p>b) perkakas</p>', '<p>c) burung</p>', '<p>d) kesenian</p>', '<p>e) binatang</p>', '', '', '', '', '', 'A', 1660550168, 1660550168),
(151, 25, 17, 1, '', '', '<p>168. Kata yang mempunyai huruf permulaan - L - adalah suatu..........</p>', '<p>a) bunga</p>', '<p>b) perkakas</p>', '<p>c) burung</p>', '<p>d) kesenian</p>', '<p>e) binatang</p>', '', '', '', '', '', 'A', 1660550296, 1660550296),
(152, 25, 17, 1, '', '', '<p>169. Kata yang mempunyai huruf permulaan - M - adalah suatu..........</p>', '<p>a) bunga</p>', '<p>b) perkakas</p>', '<p>c) burung</p>', '<p>d) kesenian</p>', '<p>e)binatang</p>', '', '', '', '', '', 'A', 1660550420, 1660550420),
(153, 25, 17, 1, '', '', '<p>170. Kata yang mempunyai huruf permulaan - N - adalah suatu..........</p>', '<p>a) bunga</p>', '<p>b) perkakas</p>', '<p>c) burung</p>', '<p>d) kesenian</p>', '<p>e) binatang</p>', '', '', '', '', '', 'A', 1660550524, 1660550524),
(154, 25, 17, 1, '', '', '<p>171. Kata yang mempunyai huruf permulaan - O - adalah suatu..........</p>', '<p>a) bunga</p>', '<p>b) perkakas</p>', '<p>c) burung</p>', '<p>d) kesenian</p>', '<p>e) binatang</p>', '', '', '', '', '', 'A', 1660550625, 1660550625),
(155, 25, 17, 1, '', '', '172.&nbsp; Kata yang mempunyai huruf permulaan - O - adalah suatu..........', '<p>a) bunga</p>', '<p>b) perkakas</p>', '<p>c) burung</p>', '<p>d) kesenian</p>', '<p>e) binatang</p>', '', '', '', '', '', 'A', 1660550733, 1660550733),
(156, 25, 17, 1, '', '', '<p>173. Kata yang mempunyai huruf permulaan - R - adalah suatu..........</p>', '<p>a) bunga</p>', '<p>b) perkakas</p>', '<p>c) burung</p>', '<p>d) kesenian</p>', '<p>e) binatang</p>', '', '', '', '', '', 'A', 1660550845, 1660550845),
(157, 25, 17, 1, '', '', '<p>174. Kata yang mempunyai huruf permulaan - S - adalah suatu..........</p>', '<p>a) bunga</p>', '<p>b) perkakas</p>', '<p>c) burung</p>', '<p>d) kesenian</p>', '<p>e) binatang</p>', '', '', '', '', '', 'A', 1660550956, 1660550956),
(158, 25, 17, 1, '', '', '<p>175. Kata yang mempunyai huruf permulaan - T - adalah suatu..........</p>', '<p>a) bunga</p>', '<p>b) perkakas</p>', '<p>c) burung</p>', '<p>d) kesenian</p>', '<p>e) binatang</p>', '', '', '', '', '', 'A', 1660551152, 1660551152),
(159, 25, 17, 1, '', '', '<p>176. Kata yang mempunyai huruf permulaan - O - adalah suatu..........</p>', '<p>a) bunga</p>', '<p>b) perkakas</p>', '<p>c) burung</p>', '<p>d) kesenian</p>', '<p>e) binatang</p>', '', '', '', '', '', 'A', 1660551234, 1660551234),
(160, 25, 1, 1, 'cf9a1ea388d630f25fb9db374d1c23ec.png', 'image/png', '<p>Pilih mana gambar yang paling tepat</p>', '<p>Pilihan A</p>', '<p>Pilihan B</p>', '<p>Pilihan C</p>', '<p>Pilihan D</p>', '<p>Pilihan E</p>', '', '', '', '', '', 'E', 1662709040, 1662709334),
(161, 25, 15, 1, '2f8d5e4148dc953d778f9d83f917cc30.png', 'image/png', '<p>117.</p>', '<p>a)</p>', '<p>b)</p>', '<p>c)</p>', '<p>d)</p>', '<p>e)</p>', '17245367aa8d53ea9439c60dbfe6a564.png', '38ed225e789cdcd794a6333544d3229f.png', 'c06ae53104510add77b3c730473a2e42.png', '33ced52fcffdf7ffeba38cff5345c960.png', 'bfaa798f0a44d4758aecc3ae8a714432.png', 'A', 1662955498, 1677721761),
(162, 25, 15, 1, 'f9ffe7e97ff366aa50cf243e3290a392.png', 'image/png', '<p>118.</p>', '<p>a)</p>', '<p>b)</p>', '<p>c)</p>', '<p>d)</p>', '<p>e)</p>', '4912c3f44b1562f0064c1c6419f156e6.png', 'afb902dcc949c0a791fd9c147b66a029.png', '7f675458aa799b630c5a4d817b1fd03d.png', 'ce30c5aaa2f67d767aa68000c52077da.png', 'a2075583ee4746dc889f7389b93b714d.png', 'C', 1662955631, 1677722104),
(163, 25, 15, 1, 'a088c65bd30640df5419e93a161314f4.png', 'image/png', '<p>119.</p>', '<p>a)</p>', '<p>b)</p>', '<p>c)</p>', '<p>d)</p>', '<p>e)</p>', '611994e9487a03f3d71b8455341ef9a9.png', '19a9f339e7678008695801026c23ffc9.png', '88418fae79a02068584c8912393fc299.png', '4b14ddd448c12003200a0d2836ae4ecc.png', 'ff8769b1a3308411505125445425bb51.png', 'B', 1662956655, 1677722529),
(164, 25, 15, 1, 'e7efbe77d60b3e9972b0f6bfa65a0dcc.png', 'image/png', '<p>120.</p>', '<p>a)</p>', '<p>b)</p>', '<p>c)</p>', '<p>d)</p>', '<p>e)</p>', '93f9e6680d5559048ddf32dbd41a0b3f.png', '399610b9bd124f16f5e859ec26b60d04.png', 'c55d008f1bf0c8c0c23ae100c9ba657e.png', '573bc4e870e1f83b8ca818efd04ef635.png', '88ba0a793328473a4e69c95520c71b2b.png', 'A', 1662962114, 1677722697),
(165, 25, 15, 1, '142518c6f22c49fbd78a4d9c68e749b2.png', 'image/png', '<p>121.</p>', '<p>a)</p>', '<p>b)</p>', '<p>c)</p>', '<p>d)</p>', '<p>e)</p>', '128d1b705ef01bd754391755886fd78d.png', '359bf565c11d4d45e8c240f37f793232.png', '36ce1e26612510138328659ff3f11fc3.png', '24bcb735dee6a0f1478f4c8d53681b5e.png', '0577a4aafbc1639790e0a25b5ce1f238.png', 'D', 1662962185, 1677722820),
(166, 25, 15, 1, '6ca4852437dd6c1b26a4df054b1c61a4.png', 'image/png', '<p>122.</p>', '<p>a)</p>', '<p>b)</p>', '<p>c)</p>', '<p>d)</p>', '<p>e)</p>', '4d0d30fcf7b16fd14656eca6dfc6fbf3.png', '16b2549d8a584738cbb6ff89cbc6194f.png', 'fac722fedcd42cf593d703f4ac0887f8.png', 'b7fb1ada0c4aed376469a492f14ae2b1.png', '279c3fd808a17404cb978578202745d3.png', 'B', 1662962237, 1677722950),
(167, 25, 15, 1, '1ae4f9e35aeef64e05ce3ef3f23ec0b6.png', 'image/png', '<p>123.</p>', '<p>a)</p>', '<p>b)</p>', '<p>c)</p>', '<p>d)</p>', '<p>e)</p>', 'df50b6a9081aec781cb5badd0241c16f.png', '85a1c5c4ab3872d78b844ea338841489.png', 'c4da5cc9d8c1074e02aa66962dcba549.png', '05674290cc05e7e0c882cd946c196711.png', '0b4abb5b241d7aeacff81c8e2d6a9e56.png', 'C', 1662962278, 1677723044),
(168, 25, 15, 1, '06c30aa9186c5e1326ec2ddfcfe4b9ac.png', 'image/png', '<p>124.</p>', '<p>a)</p>', '<p>b)</p>', '<p>c)</p>', '<p>d)</p>', '<p>e)</p>', '3d2b08a18735df9485773a267327c00b.png', 'bd30fc6455f3a1874f896df547bc4480.png', 'e5ed1e0029bf1bc1d4f57d83e733a607.png', '2e78268a48176911c05effcbaae2f3c1.png', '2f46eacaa20121059ff4cb44296c570a.png', 'E', 1662962330, 1677723157),
(169, 25, 15, 1, 'e4d55ad6d062acd90e5b21eeae98f3b6.png', 'image/png', '<p>125.</p>', '<p>a)</p>', '<p>b)</p>', '<p>c)</p>', '<p>d)</p>', '<p>e)</p>', '561e6462f8e700be56a1e4718c93a71b.png', '4a9f176613cbee90bb087a401f21e931.png', '6274cd8db5ad27348cc99d2c9ab00b1e.png', '89170daac6594e13a87a24f0847a6df9.png', 'c5a89a3a51ec46475e08ce002ec5d9a0.png', 'E', 1662962370, 1677723265),
(170, 25, 15, 1, 'af4c9faf040657fc59bf7ff7a83533cd.png', 'image/png', '<p>126.</p>', '<p>a)</p>', '<p>b)</p>', '<p>c)</p>', '<p>d)</p>', '<p>e)</p>', '80bf4f9ea2a5d038505af0a9385d3010.png', '6cd06a0fe2e7f3bb5f4caadb3f2bd355.png', '6f4729f02bd50de5d8f4c300e085d629.png', 'aab42fdab6aeb39c64be0ec85ed8ad63.png', 'e0b1ddf9934397aeaf16827625a361df.png', 'D', 1662962417, 1677723370),
(171, 25, 15, 1, '72be1a36ed698a77e38e8464a2a3f05b.png', 'image/png', '<p>127.</p>', '<p>a)</p>', '<p>b)</p>', '<p>c)</p>', '<p>d)</p>', '<p>e)</p>', '15209d0c4e42133e68da3f2d643a9762.png', 'ecd68a0fb688291009d18e2af7eaf462.png', '7e3708a3e473e8900280a9a87b1570d7.png', '117f0058b12aca6c3b7b4637cc856e07.png', 'ca3e811e3d24972a20108e9946c4ed15.png', 'E', 1662962450, 1677723470),
(172, 25, 15, 1, 'a35c76f07382bbec4973f59a564fa6cb.png', 'image/png', '<p>128.</p>', '<p>a)</p>', '<p>b)</p>', '<p>c)</p>', '<p>d)</p>', '<p>e)</p>', '429fd884fda9f7a1acadd1d358863a8d.png', '9fb277889ff19189e821e6b9b3f547cd.png', '3abfc6218d4af3d21932c3626e6a689c.png', 'db43dc0bdd1571c38c293ce18a187f7e.png', 'a2ca4342f43af2ef8e9fd702005d077d.png', 'B', 1662962481, 1677723559),
(173, 25, 15, 1, 'da45463dcf9bfe71868511046c49299e.png', 'image/png', '<p>129.</p>', '<p>a)</p>', '<p>b)</p>', '<p>c)</p>', '<p>d)</p>', '<p>e)</p>', '5525ce0fefa7097c8aafa74be7058c7f.png', 'bfa20d34e32a2b256ede1d18eea1faff.png', '8527ce69e7c6bd66298fd56e26ac500e.png', 'd403afdc9a8e41ea154881b095c1eb24.png', '73fe83af18cc30020bf65c6350288c2d.png', 'D', 1662962539, 1677723643),
(174, 25, 15, 1, '329e340c05c107e3f3b2552e68c20656.png', 'image/png', '<p>130.</p>', '<p>a)</p>', '<p>b)</p>', '<p>c)</p>', '<p>d)</p>', '<p>e)</p>', 'b8ce2bdf2e52e3e325e762af57d782a4.png', '9b365b7e2d60042d4e638defdb4e7731.png', '9829ea102a82c028554dc562bec41b82.png', '5fafe07252fc9868096743e972259a22.png', '77b81bff6d618aac8cabd906f51e705b.png', 'C', 1662962598, 1677723750),
(175, 25, 15, 1, 'da1cdcf773e113c05a0677d8f3b8147a.png', 'image/png', '<p>131.</p>', '<p>a)</p>', '<p>b)</p>', '<p>c)</p>', '<p>d)</p>', '<p>e)</p>', '603c916453cb81a7cd120de7a95479db.png', '470b65231238bf2b4a3f9d069132dcc5.png', 'a61e9ef6a3d9cc79e3e51f5b4ebd7ce2.png', 'ceec5c1dc9cfe078f0dbc2474c2494cc.png', '19628e1960bee1857453463b76e1ced6.png', 'B', 1662962642, 1677723836),
(176, 25, 15, 1, '478a1b0e77de21000790597ce61cd337.png', 'image/png', '<p>132.</p>', '<p>a)</p>', '<p>b)</p>', '<p>c)</p>', '<p>d)</p>', '<p>e)</p>', 'a95ed363a35c5afdbfbf6cd4fb6ec1bb.png', 'f618476dfbc961c7885196ab8d2428bd.png', 'a90c84c8a0bc9b533e615b75536dc163.png', 'e0d1860dd552c384535c8fab247c6e0a.png', '6f8705f368fb93ed1241703fbb704cc5.png', 'A', 1662962742, 1677723936),
(177, 25, 15, 1, 'ea3164e55d9f8944f7a47c7d6534e67d.png', 'image/png', '<p>133.</p>', '<p>a)</p>', '<p>b)</p>', '<p>c)</p>', '<p>d)</p>', '<p>e)</p>', 'ad3fbd794e6e8db6f386b14a0d15163e.png', '63049deb0e22ad5deb2fad6d0ad9253e.png', '6da10360b087f1ce52193a19decce3ae.png', 'ec874deee9890452e7b7b74154eeca94.png', '7b2dc05ccb40a092c120e3119bd5a6ab.png', 'B', 1662962774, 1677724009),
(178, 25, 15, 1, '7496a0cdcff835e623cbc408fa23cc32.png', 'image/png', '<p>134.</p>', '<p>a)</p>', '<p>b)</p>', '<p>c)</p>', '<p>d)</p>', '<p>e)</p>', 'bfe1bbd40d35fde6225c8d7db8118055.png', '4c8b86a5884851f6bdce8f2a6b50cf1d.png', '55bfab593192ebe6e6cfdf279ac800e7.png', '55618a8736dcf0354ac35fde17836b18.png', '52375980fec5f111a117f43090422e2f.png', 'D', 1662962806, 1677724090),
(179, 25, 15, 1, 'c007bebc1d89fd1f75aef151f13514b1.png', 'image/png', '<p>135.</p>', '<p>a)</p>', '<p>b)</p>', '<p>c)</p>', '<p>d)</p>', '<p>e)</p>', 'ceaa0294ad32f711b88e9577d3878ca5.png', '7ef126f8bf988e6cef28efcba811d969.png', 'fe06fe9586eb6ce14b2468e91cf9a7f5.png', 'd847e3654a5a693527d2f065ccce522d.png', '622a27c96a4674ff66b15e2df9a84e0e.png', 'C', 1662962840, 1677724219),
(180, 25, 15, 1, 'd9e2e71e80384124dad80a04ac07758b.png', 'image/png', '<p>136.</p>', '<p>a)</p>', '<p>b)</p>', '<p>c)</p>', '<p>d)</p>', '<p>e)</p>', 'ba05a773f0d8f39eef767038d0e6728d.png', 'b4410c8acc9ac70f2decf0a4c03afccf.png', 'cf789fadd759f6aff0e1a2b3d651b720.png', 'e5c85fc3d8f44cdb9c08e84c01a80064.png', '78dc1215ad62ed40da5e4559d9c24e97.png', 'C', 1662962870, 1677724495),
(181, 25, 16, 1, '57f5fe06946c659a4641bd71b0465a48.png', 'image/png', '<p>137.</p>', '<p>a)</p>', '<p>b)</p>', '<p>c)</p>', '<p>d)</p>', '<p>e)</p>', '90b7f2e5600edaab35844ad73e9f907b.png', 'a097fdbc16b1c578bd796285b827e38c.png', '32c783c4622e50fa83da3d69331417b0.png', 'd23857062ebaf7ee80b45248549983cd.png', 'bb02dcc5a5825fcc11175100782b2002.png', 'A', 1662962989, 1677724694),
(182, 25, 16, 1, '0f22e5be6151b503aa91a510aff6ab1f.png', 'image/png', '<p>138.</p>', '<p>a)</p>', '<p>b)</p>', '<p>c)</p>', '<p>d)</p>', '<p>e)</p>', 'ecf9e9d7d76c86e5294e783c05c74e39.png', 'da7e12577bbf81f7a0583a4dc594b8a3.png', '883fc0541f9bbbad7ea2db57e576815d.png', '1f7ee85b8f94465d462414201a8b4e5a.png', '561a2a013862de73cab81b47b64a9be3.png', 'C', 1662963023, 1677724796),
(183, 25, 16, 1, 'f6cc9bcec8457807248fbce2669d0ec0.png', 'image/png', '<p>139.</p>', '<p>a)</p>', '<p>b)</p>', '<p>c)</p>', '<p>d)</p>', '<p>e)</p>', '35aa1f2ed6d86189533ec80806da6447.png', 'c301382813140c533b00a4ef4bd0348a.png', '0472de9bab62296eda1a24e698869689.png', '37545439cffacf74599ff7f64a2a03da.png', 'c8b8cc6068e1d4212dfb97c789307745.png', 'D', 1662963056, 1677724863),
(184, 25, 16, 1, '6ef7d67a9a242088228327e64a293b1f.png', 'image/png', '<p>140.</p>', '<p>a)</p>', '<p>b)</p>', '<p>c)</p>', '<p>d)</p>', '<p>e)</p>', '008e3c7b0ff81b00df582a187037acac.png', 'ae0dc91f843cdfee8d697fc1eeff41ec.png', '89df144046febdfab5aa8980f8d04509.png', 'd0d43392f994e4c849ac926595501c19.png', '621d0ee41d602e815fc13cb21f40d239.png', 'E', 1662963086, 1677724971),
(185, 25, 16, 1, '0f4aee8bd48eb84103b27165be410e2e.png', 'image/png', '<p>141.</p>', '<p>a)</p>', '<p>b)</p>', '<p>c)</p>', '<p>d)</p>', '<p>e)</p>', 'dab2de2496b64e35e43d5db724e6c739.png', '5e529e3d2c44702183fef643293b9736.png', '44f5add3af25799bb9ffa0864cd510c2.png', 'db795e70375d4fd68951e63a08ba8fed.png', '1e6c158fb00d82a52c42c940ec81a9e8.png', 'A', 1662963145, 1677725042),
(186, 25, 16, 1, 'f57f338b9858cd342160a0b12f1079ec.png', 'image/png', '<p>142.</p>', '<p>a)</p>', '<p>b)</p>', '<p>c)</p>', '<p>d)</p>', '<p>e)</p>', '0d600f212c5465b5f6c1cb16ba8d5dce.png', '7bc3647a6b775023eb7aea640f6e951a.png', '7e5f8be055724c7e402678f366a30f92.png', '31794c072dc7dca7280806365984b8c0.png', '853e84e3b199c8a7a24528a7b0a2c10a.png', 'C', 1662963178, 1677725134),
(187, 25, 16, 1, 'c40fc32cefebce27575d5f55d09f071f.png', 'image/png', '<p>143.</p>', '<p>a)</p>', '<p>b)</p>', '<p>c)</p>', '<p>d)</p>', '<p>e)</p>', '87957e90ced4caec886b9ba690313541.png', '44593acf33ad1bac0dd4a9c2fb63265f.png', '6ac86ced3935ccff5547e6b9407b04df.png', 'd19cdd64fbab6775939f4c4b398991b0.png', '8b0f4538a138fad0fb819532ae6b0de3.png', 'D', 1662963216, 1677725231),
(188, 25, 16, 1, '3e3c2c38350abcd9211864af690222e4.png', 'image/png', '<p>144.</p>', '<p>a)</p>', '<p>b)</p>', '<p>c)</p>', '<p>d)</p>', '<p>e)</p>', '030679b33858c52f4c7ce41b88ded009.png', '92bda9483f5f33bf7c3c10857d0a8ff1.png', '2a8cfdc8ebfaf0f06422aca07c11047a.png', '47fa57efd73cc815a367c61acd3be3c4.png', '6084b1962d2ffc81c5a7c298ffba7ca0.png', 'C', 1662963245, 1677725345),
(189, 25, 16, 1, 'ea5ba4a395f2b8cd0d89819cad77e054.png', 'image/png', '<p>145.</p>', '<p>a)</p>', '<p>b)</p>', '<p>c)</p>', '<p>d)</p>', '<p>e)</p>', 'b0e782a8cf90198174f04acb2b0700db.png', '04e151aea7c8f0774ae593f742371d36.png', 'b2a0fdda5bab2f15d2f9574c11ce717f.png', '84f79eac3b0a650af298eb1a4584482b.png', 'd9327b3f43feb75c7f87a3cd5e99431e.png', 'E', 1662963275, 1677725449),
(190, 25, 16, 1, '4826f5fec299dc5b401268e1a1cfcadd.png', 'image/png', '<p>146.</p>', '<p>a)</p>', '<p>b)</p>', '<p>c)</p>', '<p>d)</p>', '<p>e)</p>', 'f0da8e5e8c1fb14938a7d3c74b04aca2.png', 'c6e8ed0b735888477a0ed07d55d86de0.png', 'f211249876daca63051e4ff261d17d15.png', '40bed53dcd359e0f0991cbcb920baae6.png', '76eb78767637a84701e9d36894ef1ea4.png', 'A', 1662963303, 1677725531),
(191, 25, 16, 1, '3636dfcacae879fb5fee36b3f1b32cfa.png', 'image/png', '<p>147.</p>', '<p>a)</p>', '<p>b)</p>', '<p>c)</p>', '<p>d)</p>', '<p>e)</p>', 'b343474ef8b70c6d798ed7f0d8d43985.png', '08af4ddc24e2271fa7c42d584ba1db30.png', 'c427b7547de83b22867174ad3084a2a9.png', '6098fdb158339972b0a2a73e779c0671.png', 'b5058da21ee80e57315d542fb0041a29.png', 'B', 1662963330, 1677725615),
(192, 25, 16, 1, 'ed645b5094e3a3ba3d4fc08e6e848ce5.png', 'image/png', '<p>148.</p>', '<p>a)</p>', '<p>b)</p>', '<p>c)</p>', '<p>d)</p>', '<p>e)</p>', '0ab7b9ea74bdf3054a72b6a4085eca6d.png', 'b916756dc954d82bfb8ca4a49e91ed6d.png', '438cb05e3c248fca5ee1f3ef85ed8f24.png', 'b5d5cf0bb8bd962f2b35aa34bce5f1f2.png', '79cc6950df0178833bff1c8ca00ac66a.png', 'D', 1662963401, 1677725698),
(193, 25, 16, 1, '5fa92b693adbaaabaa3a80b2e24bf127.png', 'image/png', '<p>149.</p>', '<p>a)</p>', '<p>b)</p>', '<p>c)</p>', '<p>d)</p>', '<p>e)</p>', '84404a6ac8a2561a76a29a8b9342d0de.png', 'bdadce327c3ee3c1e4f90a2546a039dd.png', '32c6a9e9d5b8bbc94d90dac0ffb0b383.png', '5841a7b3ab7d872beb7107f2ec96eda5.png', '34bb405cd15eb9771e7b564ec33da403.png', 'E', 1662963441, 1677725769),
(194, 25, 16, 1, '26a8ad997a7aa325d63d23bcdd5e3748.png', 'image/png', '<p>150.</p>', '<p>a)</p>', '<p>b)</p>', '<p>c)</p>', '<p>d)</p>', '<p>e)</p>', 'fde1458010be070484d10d012bca56ec.png', '717f9dbea8831d0276fde04cbf751e42.png', '379473850fd9976d38c1fb5cd01d6c2c.png', '02704726d1b3f6e2339828a50c4a8fe2.png', '6200047735e73c7e8692f66856fe7768.png', 'B', 1662963476, 1677725832),
(195, 25, 16, 1, '519386e8cefe3602c1dac266940955e8.png', 'image/png', '<p>151.</p>', '<p>a)</p>', '<p>b)</p>', '<p>c)</p>', '<p>d)</p>', '<p>e)</p>', '0c48d73ebc49973e909b268e47c67fd7.png', '3954e7b291733c4c98e198d9b59ea946.png', 'f428186f01cfb699d874aa420dbc6e9c.png', '559adee83de11cc63bfe4214a51eba31.png', 'f1c6c046a0900502534880b15e0c0212.png', 'D', 1662963508, 1677725927),
(197, 25, 16, 1, '0a56fdfb42860b446fd88c351ae779ee.png', 'image/png', '<p>152.</p>', '<p>a)</p>', '<p>b)</p>', '<p>c)</p>', '<p>d)</p>', '<p>e)</p>', '70abe065f218dada1c11a3e291efdf30.png', 'ea5aa4657fa9bb3ffaa42dea158ade2c.png', '7128a350146a4b24baaa1b8ab6e7b550.png', '423c52a89ee96ea058161e2d277287f2.png', '5d0fc32f8ca5694bec76c089c010af7d.png', 'B', 1662963556, 1677726008),
(198, 25, 16, 1, 'bfdd6042fdb571db15215eadd5628dd5.png', 'image/png', '<p>153.</p>', '<p>a)</p>', '<p>b)</p>', '<p>c)</p>', '<p>d)</p>', '<p>e)</p>', 'd2ea13b1316179e2f5043268dd7e1050.png', '051a64723aaad3a1aa2a670b99de7799.png', '33a5e08114884350f32867fd56db44a3.png', '6ff553cf820b2fa34f5ead756b6cff66.png', '286f1f94750c3fbfd6533fdc66dc9601.png', 'A', 1662963587, 1677726094),
(199, 25, 16, 1, '6c5dabe97038ddc17fb8b0a80ac13c47.png', 'image/png', '<p>154.</p>', '<p>a)</p>', '<p>b)</p>', '<p>c)</p>', '<p>d)</p>', '<p>e)</p>', 'b398cd8b701aad75016c091df0441c14.png', '4ea88aac7f8de6e71910ba2785dd5d8f.png', '9d27eb33ae880bca490b536b253ae081.png', 'ee2aabc00fe97b06d20261fc660c39af.png', '24b72c1048b2a10c0a884a94be32f78b.png', 'E', 1662963620, 1677726240),
(200, 25, 16, 1, 'f3702e5d112420053dfb0297735081c7.png', 'image/png', '<p>155.</p>', '<p>a)</p>', '<p>b)</p>', '<p>c)</p>', '<p>d)</p>', '<p>e)</p>', 'f805bfd12903ee20a430414a5cb63f3a.png', '31ebaf62acf1686fb4c2a6c891cb05c6.png', '476939a62ccab4ecf38046cac9b87a19.png', 'a22d441a41e85bca639756c3099c8e26.png', '10bdd7585c0e7bfab8a1c69901522de8.png', 'B', 1662963652, 1677726341),
(201, 25, 16, 1, 'c5a75cf121a3820378ef90ba7b64ad37.png', 'image/png', '<p>156.</p>', '<p>a)</p>', '<p>b)</p>', '<p>c)</p>', '<p>d)</p>', '<p>e)</p>', 'fab5185daf2bf7113f1af72db3c9332f.png', '8a748cee915f19e5a73fa3baef1baa56.png', '71abde55fce1189bcf87a0b5ae0d7509.png', '1876138c2fe2c4a539a167e3e76f8925.png', 'a608b11dee0149f55838681e507f085d.png', 'C', 1662963691, 1677726425),
(202, 25, 2, 1, '', '', '<p>1. Pengaruh seseorang terhadap orang lain seharusnya bergantung pada...</p>', '<p>a) kekuasaan</p>', '<p>b) bujukan</p>', '<p>c) kekayaan</p>', '<p>d) keberanian</p>', '<p>e) kewibawaan</p>', '', '', '', '', '', 'E', 1664175730, 1664175730),
(203, 25, 2, 1, '', '', '<p>2. Lawannya \"hemat\" adalah...</p>', '<p>a) murah</p>', '<p>b) kikir</p>', '<p>c) boros</p>', '<p>d) bernilai</p>', '<p>e) kaya</p>', '', '', '', '', '', 'C', 1664175793, 1664175793),
(204, 25, 2, 1, '', '', '<p>3. ....... tidak termasuk cuaca.</p>', '<p>a) angin puyuh</p>', '<p>b) halilintar</p>', '<p>c) salju</p>', '<p>d) gempa bumi</p>', '<p>e) kabut</p>', '', '', '', '', '', 'D', 1664175856, 1664175856),
(205, 25, 2, 1, '', '', '<p>4. Lawannya \"setia\" adalah...</p>', '<p>a) cinta</p>', '<p>b) benci</p>', '<p>c) persahabatan</p>', '<p>d) khianat</p>', '<p>e) permusuhan</p>', '', '', '', '', '', 'D', 1664175929, 1664175929),
(206, 25, 2, 1, '', '', '<p>5. Seekor kuda selalu mempunyai...</p>', '<p>a) kandang</p>', '<p>b) ladam</p>', '<p>c) pelana</p>', '<p>d) kuku</p>', '<p>e) surai</p>', '', '', '', '', '', 'D', 1664175992, 1664175992),
(207, 25, 2, 1, '', '', '<p>6. Seorang paman.... lebih tua dari kemenakannya.</p>', '<p>a) jarang</p>', '<p>b) biasanya</p>', '<p>c) selalu</p>', '<p>d) tidak pernah</p>', '<p>e) kadang-kadang</p>', '', '', '', '', '', 'B', 1664176058, 1664176058),
(208, 25, 2, 1, '', '', '<p>7. Pada jumlah yang sama, nilai kalori yang tertinggi terdapat pada...</p>', '<p>a) ikan</p>', '<p>b) daging</p>', '<p>c) lemak</p>', '<p>d) tahu</p>', '<p>e) sayuran</p>', '', '', '', '', '', 'C', 1664176135, 1664176135),
(209, 25, 2, 1, '', '', '<p>8. Pada suatu pertandingan selalu terdapat...</p>', '<p>a) lawan</p>', '<p>b) wasit</p>', '<p>c) penonton</p>', '<p>d) sorak</p>', '<p>e) kemenangan</p>', '', '', '', '', '', 'A', 1664176201, 1664176201),
(210, 25, 2, 1, '', '', '<p>9. Suatu pernyataan yang belum dipastikan, disebut sebagai pernyataan yang...</p>', '<p>a) paradoks</p>', '<p>b) tergesa-gesa</p>', '<p>c) mempunyai arti rangkap</p>', '<p>d) menyesatkan</p>', '<p>e) hipotesis</p>', '', '', '', '', '', 'E', 1664176312, 1664176312),
(211, 25, 2, 1, '', '', '<p>10. Pada sepatu selalu terdapat...</p>', '<p>a) kulit</p>', '<p>b) sol</p>', '<p>c) tali sepatu</p>', '<p>d) gesper</p>', '<p>e) lidah</p>', '', '', '', '', '', 'B', 1664176371, 1664176371),
(219, 25, 22, 1, '', '', '<p>Hafalkankata-kata berikut selama3menit.</p><p xss=\"removed\"></p><p xss=\"removed\">BUNGA:Soka,Larat,Flamboyan, Yasmin, Dahlia</p><p xss=\"removed\">PERKAKAS:Wajan,Jarum,Kikir,Cangkul,Palu</p><p xss=\"removed\">BURUNG:Itik,Elang,Walet,Tekukur, Nuri</p><p xss=\"removed\">KESENIAN: Quintet, Arca, Opera, Gamelan,Ukiran</p><p xss=\"removed\">BINTANG: Musang,Rusa,Beruang, Zebra,Harimau</p>', '<p>hafal</p>', '<p>hafal<br></p>', '<p>hafal<br></p>', '<p>hafal<br></p>', '<p>hafal<br></p>', '', '', '', '', '', 'A', 1722908161, 1722911140);

-- --------------------------------------------------------

--
-- Struktur dari tabel `tb_soal_essay`
--

CREATE TABLE `tb_soal_essay` (
  `id_SoalEssay` int NOT NULL,
  `dosen_id` int NOT NULL,
  `matkul_id` int NOT NULL,
  `soal_essay` varchar(255) COLLATE utf8mb4_general_ci NOT NULL,
  `file` varchar(255) COLLATE utf8mb4_general_ci NOT NULL,
  `tipe_file` varchar(255) COLLATE utf8mb4_general_ci NOT NULL,
  `jawaban` varchar(255) COLLATE utf8mb4_general_ci NOT NULL,
  `bobot` int NOT NULL,
  `created_on` int NOT NULL,
  `updated_on` int NOT NULL
) ENGINE=InnoDB DEFAULT CHARSET=utf8mb4 COLLATE=utf8mb4_general_ci;

--
-- Dumping data untuk tabel `tb_soal_essay`
--

INSERT INTO `tb_soal_essay` (`id_SoalEssay`, `dosen_id`, `matkul_id`, `soal_essay`, `file`, `tipe_file`, `jawaban`, `bobot`, `created_on`, `updated_on`) VALUES
(13, 25, 13, '<p>77. Jika seorang anak memiliki 50 rupiah dan memberikan 15 rupiah kepada orang lain ,berapa rupiahkah yang masih tinggal padanya?</p>', '', '', '35', 1, 1660544798, 1663209027),
(14, 25, 13, '<p>78. Berapa km-kah yang dapat ditempuh oleh kereta api dalam waktu 7 jam ,jika kecepatanya 40 km/jam?</p>', '', '', '280', 1, 1660544884, 1663209037),
(15, 25, 13, '<p>79. 15 Peti buah -buahan beratnya 250 kg dan setiap peti kosong beratnya 3 kg, berapakah berat buah-buahan itu?</p>', '', '', '250', 1, 1660544977, 1663209046),
(16, 25, 13, '<p>80. Seseorang mempunyai persediaan rumput yang cukup untuk 7 ekor kuda selama 78 hari. Berapa harikah persediaan itu cukup untuk 21 ekor kuda?</p>', '', '', '26', 1, 1660545073, 1663209058),
(17, 25, 13, '<p>81. 3 Batang coklat harganya Rp. 5,- berapa batangkah yang dapat kita beli dengan Rp. 50,-?</p>', '', '', '30', 1, 1660545152, 1663209262),
(18, 25, 13, '<p xss=removed>82. Seseorang dapat berjalan 1,75 m dalam waktu 1/4 detik.Berapa meterkah yang dapat ia tampuh dalam waktu 10 detik?</p>', '', '', '70', 1, 1660545364, 1663209273),
(19, 25, 13, '<p>83. Jika sebuah batu terletak 15 m disebelah selatan dari sebatang pohon dan pohon itu berada 30 m disebelah selatan dari sebuah rumah, berapa meterkah jarak antara batu dan rumah itu?</p>', '', '', '45', 1, 1660545516, 1663209294),
(21, 25, 13, '<p xss=removed>84. Jika 4 <sup>1/2</sup> m bahan sandang harganya Rp.90,-berapa rupiahkah harganya 2 <sup>1/2</sup> m?</p>', '', '', '50', 1, 1660545831, 1663209316),
(22, 25, 13, '<p>85. 7 Orang dapat menyelesaikan sesuatu pekerjaan dalam 6 hari. Berapa orangkah yang diperlukan untuk menyelesaikan pekerjaan itu dalam setengah hari?</p>', '', '', '48', 1, 1660545929, 1663209332),
(23, 25, 13, '<p>86. Karena dipanaskan, kawat yang panjangnya 48 cm akan mengembang menjadi 52 cm. Setelah pemanasan, berapakah panjangnya kawat yang berukuran 72 cm?</p>', '', '', '78', 1, 1660546033, 1663209433),
(24, 25, 13, '<p>87. Suatu pabrik dapat menghasilkan 304 batang pensiun dalam waktu 8 jam. Berapa batangkah yang dihasilkan dalam waktu setengah jam?</p>', '', '', '9', 1, 1660546167, 1663209423),
(25, 25, 13, '<p>88. Untuk suatu campuran diperlukan 2 bagian perak dan 3 bagian timah. Berapa gramkah perak yang diperlukan untuk mendapatkan campuran itu yang beratnya 15 gram?</p>', '', '', '6', 1, 1660546306, 1663209401),
(26, 25, 13, '<p>89. Untuk setiap Rp. 3,- yang dimiliki Sidin, Hamid memiliki Rp.5,- Jika mereka bersama mempunyai Rp.120,- berapa rupiahkah yang dimiliki Hamid?</p>', '', '', '5', 1, 1660546478, 1663209447),
(27, 25, 13, '<p>90. Mesin A menenun 60 m kain, sedangkan mesin B menenun 40 m. Berapa meterkah yang ditenun mesin A, jika mesin B menenun 60 m?</p>', '', '', '90', 1, 1660546592, 1663209468),
(28, 25, 13, '<p>91. Seseorang membelikan <sup>1/10 </sup>dari uangnya untuk perangko dan 4 kali jumlah itu untuk alat tulis. Sisa uangnya masih Rp.60,- Berapa rupiahkah uangnya semula?</p>', '', '', '120', 1, 1660546730, 1663209479),
(29, 25, 13, '<p>92. Didalam dua peti terdapat 43 buah piring. Di dalam peti yang satu terdapat 9 buah piring lebih banyak dari pada di dalam peti yang lain. Berapa buah piring terdapat didalam peti yang lebih kecil?</p>', '', '', '17', 1, 1660546858, 1663209494),
(30, 25, 13, '<p>93. Suatu lembaran kain yang panjangnya 60 cm harus dibagi sedemikian rupa sehingga panjangmya satu bagian ialah <span xss=removed>2/3</span>dari bagian yang lain. Berapa panjangnya bagian yang terpendek?</p>', '', '', '1', 1, 1660546996, 1660546996),
(32, 25, 13, '<p>94. Suatu perusahaan mengekspor 3/4 dari hasil produksinya dan menjual 4/5 dari sisa itu didalam Negeri. Berapa % kah hasil produksi yang masih tinggal?</p>', '', '', '5', 1, 1660547126, 1663209520),
(33, 25, 13, '<p>95. Jika suatu botol berisi anggur hanya 7/8 bagian dan harganya ialah Rp. 84,- Berapakah harga anggur itu jika botol itu hanya terisi 1/2 penuh?</p>', '', '', '48', 1, 1660547259, 1663209539),
(34, 25, 13, '<p>96. Didalam suatu keluarga setiap anak perempuan mempunyai jumlah saudara laki-laki yang sama dengan jumlah saudara perempuan dan setiap anak laki-laki mempunyai dua kali lebih banyak saudara perempuan dari pada saudara laki laki. Berapa anak laki-laki', '', '', '3', 1, 1660547474, 1663209552),
(35, 25, 14, '<p>97)   6   9  12  15  18  21  24  ?</p>', '', '', '27', 1, 1660547576, 1663209571),
(36, 25, 14, '<p>98)     15  16  18  19  21  22  24  ?</p>', '', '', '25', 1, 1660547672, 1663209589),
(37, 25, 14, '<p>99)     19  18  22  21  25  24  28  ?</p>', '', '', '27', 1, 1660547731, 1663209604),
(38, 25, 14, '<p>100)     16  12  17  13  18  14  19  ?</p>', '', '', '15', 1, 1660547783, 1663209618),
(39, 25, 14, '<p>101)     2  4  8  10  20  22  44  ?</p>', '', '', '46', 1, 1660547845, 1663209631),
(40, 25, 14, '<p>102)     15  13  16  12  17  11  18  ?</p>', '', '', '10', 1, 1660547903, 1663209645),
(41, 25, 14, '<p>103)     25  22  11  33  30  15  45  ?</p>', '', '', '24', 1, 1660547946, 1663209662),
(42, 25, 14, '<p>104)     49  51  54  27  9  11  14  ?</p>', '', '', '7', 1, 1660547993, 1663209680),
(43, 25, 14, '<p>105)     2  3  1  3  4  2  4  ?</p>', '', '', '5', 1, 1660548036, 1663209698),
(44, 25, 14, '<p>106)     19  17  20  16  21  15  22  ?</p>', '', '', '14', 1, 1660548088, 1663209719),
(45, 25, 14, '<p>107)     94  92  46  44  22  20  10  ?</p>', '', '', '8', 1, 1660548134, 1663209742),
(46, 25, 14, '<p>108)      5   8   9   8   11  12   11   ?</p>', '', '', '14', 1, 1660548204, 1663209762),
(47, 25, 14, '<p>109)      12   15   19   23   28   33   39   ?</p>', '', '', '45', 1, 1660548261, 1663209781),
(48, 25, 14, '<p>110)      7   5   10   7   21   17   68   ?</p>', '', '', '36', 1, 1660548317, 1663209795),
(49, 25, 14, '<p>111)      11  15   18   9   13   16   8   ?</p>', '', '', '12', 1, 1660548368, 1663209815),
(50, 25, 14, '<p>112)      3   8   15   24   35   48   63   ?</p>', '', '', '80', 1, 1660548423, 1663209835),
(51, 25, 14, '<p>113)      4  5  7   4   8   13   7   ?</p>', '', '', '14', 1, 1660548475, 1663209848),
(52, 25, 14, '<p>114)       8   5   15   18   6   3   9   ?</p>', '', '', '12', 1, 1660548515, 1663209868),
(53, 25, 14, '<p>115)      15   6   18   10   30   23   69   ?</p>', '', '', '36', 1, 1660548561, 1663209883),
(54, 25, 14, '<p>116)       5   35   28   4   11   77   70  ?</p>', '', '', '10', 1, 1660548622, 1663209895),
(55, 25, 3, '<p>61) mawar - melati</p>', '', '', '-', 1, 1662626191, 1662626191),
(56, 25, 3, '<p>62) mata-telinga</p>', '', '', '-', 1, 1662626271, 1662626754),
(57, 25, 3, '<p>63) Gula-Intan</p>', '', '', '-', 1, 1662626491, 1663210096),
(58, 25, 3, '<p>64) Hujan-Salju</p>', '', '', '-', 1, 1662626530, 1662626684),
(59, 25, 3, '<p>65) Pengantar surat-Telepon</p>', '', '', '-', 1, 1662626802, 1662626802),
(60, 25, 3, '<p>66) Kamera-Kacamata</p>', '', '', '-', 1, 1662626843, 1662626843),
(61, 25, 3, '<p>67) Lambung-Usus</p>', '', '', '-', 1, 1662626878, 1662627186),
(62, 25, 3, '<p>68) Banyak-sedikit</p>', '', '', '-', 1, 1662626909, 1662626909),
(63, 25, 3, '<p>69) Telur-Benih</p>', '', '', '-', 1, 1662626943, 1663210122),
(64, 25, 3, '<p>70) Bendera-Lencana</p>', '', '', '-', 1, 1662626981, 1662626981),
(65, 25, 3, '<p>71) Rumput-Gajah</p>', '', '', '-', 1, 1662627021, 1662627021),
(66, 25, 3, '<p>72) Ember-Kantong</p>', '', '', '-', 1, 1662627231, 1662627231),
(67, 25, 3, '<p>73) Awal-Akhir</p>', '', '', '-', 1, 1662627358, 1662627358),
(68, 25, 3, '<p>74) Kikir-Boros</p>', '', '', '-', 1, 1662627382, 1662627382),
(69, 25, 3, '<p>75) Penawaran-Permintaan</p>', '', '', '-', 1, 1662627432, 1662627432),
(70, 25, 3, '<p>76) Atas-Bawah</p>', '', '', '-', 1, 1662627466, 1662627466);

-- --------------------------------------------------------

--
-- Struktur dari tabel `users`
--

CREATE TABLE `users` (
  `id` int UNSIGNED NOT NULL,
  `ip_address` varchar(45) NOT NULL,
  `username` varchar(100) DEFAULT NULL,
  `password` varchar(255) NOT NULL,
  `email` varchar(254) DEFAULT NULL,
  `activation_selector` varchar(255) DEFAULT NULL,
  `activation_code` varchar(255) DEFAULT NULL,
  `forgotten_password_selector` varchar(255) DEFAULT NULL,
  `forgotten_password_code` varchar(255) DEFAULT NULL,
  `forgotten_password_time` int UNSIGNED DEFAULT NULL,
  `remember_selector` varchar(255) DEFAULT NULL,
  `remember_code` varchar(255) DEFAULT NULL,
  `created_on` int UNSIGNED NOT NULL,
  `last_login` int UNSIGNED DEFAULT NULL,
  `active` tinyint UNSIGNED DEFAULT NULL,
  `first_name` varchar(50) DEFAULT NULL,
  `last_name` varchar(50) DEFAULT NULL,
  `company` varchar(100) DEFAULT NULL,
  `phone` varchar(20) DEFAULT NULL
) ENGINE=InnoDB DEFAULT CHARSET=utf8mb3;

--
-- Dumping data untuk tabel `users`
--

INSERT INTO `users` (`id`, `ip_address`, `username`, `password`, `email`, `activation_selector`, `activation_code`, `forgotten_password_selector`, `forgotten_password_code`, `forgotten_password_time`, `remember_selector`, `remember_code`, `created_on`, `last_login`, `active`, `first_name`, `last_name`, `company`, `phone`) VALUES
(1, '1', 'Administrator', '$2y$12$tGY.AtcyXrh7WmccdbT1rOuKEcTsKH6sIUmDr0ore1yN4LnKTTtuu', 'admin@admin.com', NULL, '', NULL, NULL, NULL, NULL, NULL, 1268889823, 1737024170, 1, 'Admin', 'Istrator', 'ADMIN', '0'),
(19, '::1', '123445566', '$2y$10$MSa/qiTm2E0ZqjpSopLlUuURgqn0BALnTjCZzzptdYeLdrBC6P86C', 'pelamar@gmail.com', NULL, NULL, NULL, NULL, NULL, NULL, NULL, 1653382753, 1722831807, 1, 'Calon', 'Pelamar', NULL, NULL),
(20, '36.90.17.177', '18081711', '$2y$10$rH08EoyaZ922zGHDAodVXuDurrgNXv2/mbvEzjBylKLgARhnzPG0O', 'andikarobinson123@gmail.com', NULL, NULL, NULL, NULL, NULL, NULL, NULL, 1663210086, 1663210861, 1, 'Andika', 'Robinson', NULL, NULL),
(21, '36.90.18.228', '123456789', '$2y$10$bbtFlbmzMGBNEERmuaSTfOfoFSDNYZRKOnSyVZjrR89yFeGCsbSIW', 'ekk.styo13@gmail.com', NULL, NULL, NULL, NULL, NULL, NULL, NULL, 1664175756, 1664259144, 1, 'eka', 'setyo', NULL, NULL),
(22, '36.90.16.225', '12345678', '$2y$10$p2di5CVEACT1Mm0maLors.Z9iIsKR./Cczr6LBI1QOCOtqsLs3/Lq', 'recruitment@mirota.co.id', NULL, NULL, NULL, NULL, NULL, NULL, NULL, 1670810074, 1740469466, 1, 'HRD', 'KSM', NULL, NULL),
(23, '36.90.17.30', '15022023001', '$2y$10$za8/u/oZNh3/fR1snDYTceOSiSmL.RgAmqId.u20/KFI/choOtEoe', 'teshrd', NULL, NULL, NULL, NULL, NULL, NULL, NULL, 1676431898, 1677726204, 1, 'Tes', 'HRD', NULL, NULL),
(24, '36.90.17.30', '15022023002', '$2y$10$9Eo69NlF1UHi8YCWKyXTPeu6dyO5WvBDQYJcOf/pZ4VxAaj.vzIoC', 'andikasuryana', NULL, NULL, NULL, NULL, NULL, NULL, NULL, 1676432065, 1677222443, 1, 'Andika', 'Suryana', NULL, NULL),
(25, '36.90.17.30', '15022023003', '$2y$10$nRE8G1P/cnQm5dt99KQW4O/WwbJZijqSmpMU69pIujwxhUeqkw.Sa', 'bennyhamongan', NULL, NULL, NULL, NULL, NULL, NULL, NULL, 1676432589, 1677222421, 1, 'Benny', 'Hamongan', NULL, NULL),
(26, '36.90.17.30', '15022023004', '$2y$10$Mt8f3r93iRCigxtq67sN1OzFKu.sWZcuIUzShaEOcc7lfA.B1.qlq', 'cindyfaulin', NULL, NULL, NULL, NULL, NULL, NULL, NULL, 1676432592, NULL, 1, 'Cindy', 'Faulin', NULL, NULL),
(27, '36.90.17.30', '160223001', '$2y$10$XTUwu.hY7O2RJqEz5gePgOksvxo4OH/3KSfbaoOu2FhDDLsGTUAw2', 'indra', NULL, NULL, NULL, NULL, NULL, NULL, NULL, 1676523886, 1681975078, 1, 'Indra', 'Indra', NULL, NULL),
(28, '36.90.19.19', '100323001', '$2y$10$qOosMbG9us6H287.2zP8ouPv8n3gQXuCcHDh0.nDqM9ZyOjln36N.', 'nurrahmi', NULL, NULL, NULL, NULL, NULL, NULL, NULL, 1678418400, 1678431799, 1, 'Nur', 'Setianingrum', NULL, NULL),
(29, '36.90.19.219', '160323001', '$2y$10$ffGWqFue0y5PcpP9baQSV.VmXIE3niE0dPadZU495IX12.dip8Ox2', 'mahendri', NULL, NULL, NULL, NULL, NULL, NULL, NULL, 1678956751, 1679036287, 1, 'Mahendri', 'Basukarno', NULL, NULL),
(30, '36.90.18.63', '300323002', '$2y$10$EntHzzsTne2geuKZchEO2OKOHHmJ3gtRSUNaF7DDXiHONP7ZDNV1S', 'firmannanda', NULL, NULL, NULL, NULL, NULL, NULL, NULL, 1680162826, 1680314533, 1, 'Firmannanda', 'Irzam', NULL, NULL),
(31, '36.90.18.63', '300323001', '$2y$10$Q8j6ClzkWfJlNjUeWymUvu/p12iiKSmSANyCO0Ika.I9EtpMbJ8d6', 'rizalsetyo', NULL, NULL, NULL, NULL, NULL, NULL, NULL, 1680162829, NULL, 1, 'Rizal', 'Widigdyo', NULL, NULL),
(32, '36.90.18.63', '300323003', '$2y$10$Y/P5y.vp6.bgIWp41B4ph.Pxg1PNvzRbhKNM2Rs00G6s9yxPv77Ci', 'nanangagung', NULL, NULL, NULL, NULL, NULL, NULL, NULL, 1680163538, NULL, 1, 'Nanang', 'Saputro', NULL, NULL),
(33, '36.90.16.198', '140423001', '$2y$10$hruupqro7dWnxluvkbpxWeBIdAoUFQR6vyNtJnH/Vtskrv.eM/TXW', 'diannurul', NULL, NULL, NULL, NULL, NULL, NULL, NULL, 1681450283, 1681700172, 1, 'Dian', 'Khikmah', NULL, NULL),
(34, '36.90.18.254', '2004230001', '$2y$10$1xNyLDSVGU.6Pth1ykwhI.4a5iDD45NaskIfakZurSegz2fkAO4Hu', 'andinoor', NULL, NULL, NULL, NULL, NULL, NULL, NULL, 1681963699, 1684911289, 1, 'Andy', 'Mawan', NULL, NULL),
(35, '36.90.16.127', '040523001', '$2y$10$4AVkNcrfVGbcH7tyxVnr7OqApH.LWdQIj17hFKrO9YnYFRWhUltQ6', 'alamsyah', NULL, NULL, NULL, NULL, NULL, NULL, NULL, 1683166069, 1684824578, 1, 'Alamsyah', 'Alamsyah', NULL, NULL),
(36, '36.90.18.205', '230523001', '$2y$10$.UbUgd/yzooIr4nFiOX56eYc8Pq0nP0rT0LpEb64dB0LTPll0Z9Ru', 'hendrimustofa', NULL, NULL, NULL, NULL, NULL, NULL, NULL, 1684822565, 1684912563, 1, 'Hendri', 'Mustofa', NULL, NULL),
(37, '36.90.18.205', '2905230001', '$2y$10$nwuE.TdAf9uQvPg4a6cfa.ZIODDE0UP7VnPCEAIaiW6vhHswsnwNK', 'indrapriyo', NULL, NULL, NULL, NULL, NULL, NULL, NULL, 1685340189, 1685341771, 1, 'indrapriyo', 'indrapriyo', NULL, NULL),
(38, '36.90.16.245', '150623001', '$2y$10$dcPl/zds.Cz8OAFwVVubzejOBW8EmMDQ8xi/TrfzTRRTNbaMVykIS', 'andiawan', NULL, NULL, NULL, NULL, NULL, NULL, NULL, 1686791322, 1687327759, 1, 'Andi', 'Awan', NULL, NULL),
(39, '36.90.19.97', '210623001', '$2y$10$mSC9pAnCjSRhRBvfyadWBOgIFus.w39n0WMKZxWu5d46I44aJOxEq', 'sony', NULL, NULL, NULL, NULL, NULL, NULL, NULL, 1687311292, 1687331727, 1, 'Sony', 'Sony', NULL, NULL),
(40, '36.90.19.97', '210623002', '$2y$10$v4cezk6gTWpCPnNf0htrxea1LlrClQ41xh./fIe/L4B8UCePCjghm', 'hengki', NULL, NULL, NULL, NULL, NULL, NULL, NULL, 1687311332, 1687331455, 1, 'Hengki', 'Hengki', NULL, NULL),
(41, '36.90.19.97', '210623003', '$2y$10$bmvm/tto/vYb2zvkrc5.K.IKpGZ8IrLAKsilXIdo5uHRtF8xc3.n2', 'mukti', NULL, NULL, NULL, NULL, NULL, NULL, NULL, 1687311355, NULL, 1, 'Mukti', 'Mukti', NULL, NULL),
(42, '36.90.19.97', '210623004', '$2y$10$vamaFDFOOXaLUH4bx2537Oo4g08Rv/xwlBvB58u5VaZwTkKGFGmg2', 'slamet', NULL, NULL, NULL, NULL, NULL, NULL, NULL, 1687311366, 1687331431, 1, 'Slamet', 'Slamet', NULL, NULL),
(43, '36.90.19.138', '2108230001', '$2y$10$QUG/F56/o3xXAgfnGCUVzujAYMjj67TssLaiMbb2ZairuVwB.1FuC', 'aan', NULL, NULL, NULL, NULL, NULL, NULL, NULL, 1692597881, NULL, 1, 'aan', 'aan', NULL, NULL),
(44, '36.90.19.138', '21080002', '$2y$10$0MbJWQUPapsM92yVsAvf1uaFcqDkmI7/xSL6HySu8QSqBFyyfvdka', 'andika', NULL, NULL, NULL, NULL, NULL, NULL, NULL, 1692598019, 1692926382, 1, 'andika', 'andika', NULL, NULL),
(45, '36.90.19.248', 'aancandra', '$2y$10$sNt/TV6GVbk0fMKGFYfD5eDPH5tg61k2MjHU.2/T157zEc5x2Wn4a', 'aancandra', NULL, NULL, NULL, NULL, NULL, NULL, NULL, 1693194536, 1693292584, 1, 'aan', 'candra', NULL, NULL),
(46, '36.90.16.79', 'nurhalizaayu', '$2y$10$igxmi2imDRCqM6QV/6ejU.PPYO94ZrCqBM1SLsSNRy9vHkUxKgaEq', 'nurhalizaayu', NULL, NULL, NULL, NULL, NULL, NULL, NULL, 1695603933, NULL, 1, 'Nurhaliza', 'Ayu', NULL, NULL),
(47, '36.90.16.79', 'putripuspika', '$2y$10$qgcvLIDuMdujbo7ehZJ9jukO8CgRgzbbjeGy82RM05tpM4KhRDAKC', 'putripuspika', NULL, NULL, NULL, NULL, NULL, NULL, NULL, 1695603943, 1695606982, 1, 'putri', 'puspikaasari', NULL, NULL),
(48, '36.90.16.79', 'rizkydevita', '$2y$10$BN2e6nGDIT8D.leiWCGP5O1/84/2PSWxA9UyHcWtH3Y15pnIOUpU.', 'rizkydevita', NULL, NULL, NULL, NULL, NULL, NULL, NULL, 1695603949, 1695607204, 1, 'Rizky', 'Utami', NULL, NULL),
(49, '36.90.16.79', 'cumicumi', '$2y$10$IEmH6U2B.8VHbgm0OlXX4esZIuOaTMa2YG5eq.lzfJKIU0PSc7mpi', 'tricahya', NULL, NULL, NULL, NULL, NULL, NULL, NULL, 1695603959, 1716192835, 1, 'Tri', 'Wibawa', NULL, NULL),
(50, '36.90.19.136', 'astrid', '$2y$10$M50s0SSEljyWoxe.tFySJul5AN4djFfFSyPG8zrCjLYr2O091oNii', 'astrid', NULL, NULL, NULL, NULL, NULL, NULL, NULL, 1696296029, NULL, 1, 'astrid', 'astrid', NULL, NULL),
(51, '36.90.16.240', 'peserta1', '$2y$10$/Q65j5.zTK/CxxcsaXYFjedrguOq4NLzcCHjF0oypnd/REmArQ2fi', 'peserta1', NULL, NULL, NULL, NULL, NULL, NULL, NULL, 1713766929, 1737522588, 1, 'peserta', '1', NULL, NULL),
(52, '36.90.16.240', 'peserta10', '$2y$10$PXBwgA5xz4w9OiHpMF5PYOQL/JNEq1fLx1enHdoAlE8pIVQ5mbh1a', 'peserta10', NULL, NULL, NULL, NULL, NULL, NULL, NULL, 1713766931, 1737555464, 1, 'peserta', '10', NULL, NULL),
(53, '36.90.16.240', 'peserta11', '$2y$10$XuBGzbIh40hsxz7AJK5pUe0i/XBO1OL6iceGiQb3ztkDOy6GuAqV2', 'peserta11', NULL, NULL, NULL, NULL, NULL, NULL, NULL, 1713766932, 1737540009, 1, 'peserta', '11', NULL, NULL),
(54, '36.90.16.240', 'peserta12', '$2y$10$T50OsBoJ3iaNoLCvWYdIM.CVD8CbdH4WkEvUMF3IsAWTnRWjXD4o2', 'peserta12', NULL, NULL, NULL, NULL, NULL, NULL, NULL, 1713766934, 1737601874, 1, 'peserta', '12', NULL, NULL),
(55, '36.90.16.240', 'peserta13', '$2y$10$CJXHkMwd4b4nROtxXTR4huOL62s0uQUAfMptGzFy7HmNroYqBfrIK', 'peserta13', NULL, NULL, NULL, NULL, NULL, NULL, NULL, 1713766935, 1729661456, 1, 'peserta', '13', NULL, NULL),
(56, '36.90.16.240', 'peserta14', '$2y$10$XW4dZFwkb02PqTOFf65xceO.PYUtQzTNC7Kl6VICmPx6Ktbi9oLfy', 'peserta14', NULL, NULL, NULL, NULL, NULL, NULL, NULL, 1713766937, 1737525794, 1, 'peserta', '14', NULL, NULL),
(57, '36.90.16.240', 'peserta15', '$2y$10$MK3EHPFw2MoQb6iiyd0A5uXwoRUNY5gRPDygczBBeLx/MSd2YYIsy', 'peserta15', NULL, NULL, NULL, NULL, NULL, NULL, NULL, 1713766938, 1737867037, 1, 'peserta', '15', NULL, NULL),
(58, '36.90.16.240', 'peserta16', '$2y$10$rINtsUGjjSlY0p1or45UTuKHguUqH0U1ywa0XmqxKlAib0V04RpIK', 'peserta16', NULL, NULL, NULL, NULL, NULL, NULL, NULL, 1713766942, 1737937348, 1, 'peserta', '16', NULL, NULL),
(59, '36.90.16.240', 'peserta17', '$2y$10$n//SgnixyrbZbBoyjeLbCO6pOSOJriuLdj0kFs7bLyetfYJ8KRKNm', 'peserta17', NULL, NULL, NULL, NULL, NULL, NULL, NULL, 1713766944, 1737942520, 1, 'peserta', '17', NULL, NULL),
(60, '36.90.16.240', 'peserta18', '$2y$10$58.oYdu8rj21WUsytJdJ/OeDbGWAnM/MJhLfL0w/xktS0Wr8jlmxW', 'peserta18', NULL, NULL, NULL, NULL, NULL, NULL, NULL, 1713766946, 1729063815, 1, 'peserta', '18', NULL, NULL),
(61, '36.90.16.240', 'peserta9', '$2y$10$dhv02PkbfhkdAHd5QTBpieMskOLB2NMmEgxdAsRFZn9W3ojQVfgRS', 'peserta9', NULL, NULL, NULL, NULL, NULL, NULL, NULL, 1713766950, 1737557360, 1, 'peserta', '9', NULL, NULL),
(62, '36.90.16.240', 'peserta8', '$2y$10$cfTPWqcI2YpoYlr2jF4yjOngNFGYdsIVsfIROF2yqhCO7I4IYK/Zq', 'peserta8', NULL, NULL, NULL, NULL, NULL, NULL, NULL, 1713766951, 1737525121, 1, 'peserta', '8', NULL, NULL),
(63, '36.90.16.240', 'peserta7', '$2y$10$D5dLCesxcti2QeQ.MlpYXOveih2QiLwxbILMJ18iULoiLgTEmXbXi', 'peserta7', NULL, NULL, NULL, NULL, NULL, NULL, NULL, 1713766952, 1737603175, 1, 'peserta', '7', NULL, NULL),
(64, '36.90.16.240', 'peserta6', '$2y$10$/xw10alo77LgusUwLQe/GeEv8DV/dYRyof7t8ItsMjdEbS66omTRK', 'peserta6', NULL, NULL, NULL, NULL, NULL, NULL, NULL, 1713766954, 1737606855, 1, 'peserta', '6', NULL, NULL),
(65, '36.90.16.240', 'peserta5', '$2y$10$oOgioIW5Hy4eZ4ziT/MJZOrAs2tOkPctphhejmhl9pJ03DEejYdZa', 'peserta5', NULL, NULL, NULL, NULL, NULL, NULL, NULL, 1713766955, 1737593943, 1, 'peserta', '5', NULL, NULL),
(66, '36.90.16.240', 'peserta4', '$2y$10$a48RkoYJHtaoazPckhQvzOZ3WUvz8PB0MM7nAcaQ7QY6Ygr6T4eBq', 'peserta4', NULL, NULL, NULL, NULL, NULL, NULL, NULL, 1713766956, 1737515423, 1, 'peserta', '4', NULL, NULL),
(67, '36.90.16.240', 'peserta3', '$2y$10$xEsk5u5YIl2LaQ2yK/WrweY6KKrAyfWx3yVh/Lm/hAVxgnaoVfAa.', 'peserta3', NULL, NULL, NULL, NULL, NULL, NULL, NULL, 1713766958, 1729208798, 1, 'peserta', '3', NULL, NULL),
(68, '36.90.16.240', 'peserta20', '$2y$10$.oBQR9FP09AmqpbvdJ1wxeYhLo7Uhak1/LkqR9PJZ3ayK023ba.Fa', 'peserta20', NULL, NULL, NULL, NULL, NULL, NULL, NULL, 1713766959, 1737860572, 1, 'peserta', '20', NULL, NULL),
(69, '36.90.16.240', 'peserta2', '$2y$10$UAAGqt8EMD6SusXTwF.GruyiNAyaImJvVLiuxeNuTDgxLrGuX1sKy', 'peserta2', NULL, NULL, NULL, NULL, NULL, NULL, NULL, 1713766961, 1729213730, 1, 'peserta', '2', NULL, NULL),
(70, '36.90.16.240', 'peserta19', '$2y$10$Um0MEbXn9NMJ7of6IgM/4uy2wa0YAcQLNK7I4U.JKDtr3O9TQ7G/6', 'peserta19', NULL, NULL, NULL, NULL, NULL, NULL, NULL, 1713766962, 1730201988, 1, 'peserta', '19', NULL, NULL),
(71, '36.90.16.100', 'peserta40', '$2y$10$T9EvyBZdBKtKDKdnfXMoBevo8qumFe8q6okX9U8iEkcUVC1GtdUDe', 'peserta40', NULL, NULL, NULL, NULL, NULL, NULL, NULL, 1716541587, 1739458382, 1, 'peserta40', 'peserta40', NULL, NULL),
(72, '36.90.16.100', 'peserta39', '$2y$10$GrJ1C0O5ePVkj0y.72PCz.9EdaKfGBevtzxZMeom4hsm5RO6KNIhq', 'peserta39', NULL, NULL, NULL, NULL, NULL, NULL, NULL, 1716541590, 1739254613, 1, 'peserta39', 'peserta39', NULL, NULL),
(73, '36.90.16.100', 'peserta38', '$2y$10$Kbkl3CGeBrS7IXnhRci.Y.h2cxrFqcaTE6sFYAk57OlW10pybod3i', 'peserta38', NULL, NULL, NULL, NULL, NULL, NULL, NULL, 1716541592, 1739278816, 1, 'peserta38', 'peserta38', NULL, NULL),
(74, '36.90.16.100', 'peserta37', '$2y$10$s/0WSx.ooos64Xf/vRlUSe91jp7Vm8tGkCtd2CX3ucIOpQhgTxBGS', 'peserta37', NULL, NULL, NULL, NULL, NULL, NULL, NULL, 1716541596, 1739248335, 1, 'peserta37', 'peserta37', NULL, NULL),
(75, '36.90.16.100', 'peserta36', '$2y$10$fbRa/tlOSSei7uhzwU767uU1/SLBPLgMGi/gRvo5vtvRFJtlj3TCO', 'peserta36', NULL, NULL, NULL, NULL, NULL, NULL, NULL, 1716541597, 1732861771, 1, 'peserta36', 'peserta36', NULL, NULL),
(76, '36.90.16.100', 'peserta35', '$2y$10$7ZYAAiCjMoNgJ0abghbs1ecQo0N.GrWDzyKhrNBLSuMFYB0pD2f6S', 'peserta35', NULL, NULL, NULL, NULL, NULL, NULL, NULL, 1716541598, 1738770622, 1, 'peserta35', 'peserta35', NULL, NULL),
(77, '36.90.16.100', 'peserta34', '$2y$10$Cw.HJi9YQEKCmXOe.iaC7.ujwtzFfgV/gUQqjeI.UDXmIZI10l/gy', 'peserta34', NULL, NULL, NULL, NULL, NULL, NULL, NULL, 1716541600, NULL, 1, 'peserta34', 'peserta34', NULL, NULL),
(78, '36.90.16.100', 'peserta33', '$2y$10$PnEPT/cH3axS0DbYSJOGsOPa1E3QDzZcXwHFE1ZFmU9rl0XNGVBbW', 'peserta33', NULL, NULL, NULL, NULL, NULL, NULL, NULL, 1716541601, 1717048292, 1, 'peserta33', 'peserta33', NULL, NULL),
(79, '36.90.16.100', 'peserta32', '$2y$10$J9H4tl5FyKecgQk7UK6OUuSBXkFqWxTDHUfwUpHM0EbC8FFuKU9Ia', 'peserta32', NULL, NULL, NULL, NULL, NULL, NULL, NULL, 1716541602, NULL, 1, 'peserta32', 'peserta32', NULL, NULL),
(80, '36.90.16.100', 'peserta31', '$2y$10$OPYiXsNIsYntAFfa/0dzFuVFkow3AWLz6LL6zEAJB92kDkz1nvpmi', 'peserta31', NULL, NULL, NULL, NULL, NULL, NULL, NULL, 1716541603, 1738674526, 1, 'peserta31', 'peserta31', NULL, NULL),
(81, '36.90.16.100', 'peserta30', '$2y$10$GxqQAVxq6ycoeIVMTglqveFkFcp65fdtiy.pVPK2CcE8eEdDU6Y4i', 'peserta30', NULL, NULL, NULL, NULL, NULL, NULL, NULL, 1716541604, 1738652648, 1, 'peserta30', 'peserta30', NULL, NULL),
(82, '36.90.16.100', 'peserta29', '$2y$10$o6/OSSDl50nTKts56/vqMeI/tSH1FNYT/pP/7HkJEDgUpuqNO0Kga', 'peserta29', NULL, NULL, NULL, NULL, NULL, NULL, NULL, 1716541606, 1738502639, 1, 'peserta29', 'peserta29', NULL, NULL),
(83, '36.90.16.100', 'peserta28', '$2y$10$STaUPATGLfLUTlZ9LaszwewCPf0vr7lAka9HwR9vjOX9OP.5LHzvq', 'peserta28', NULL, NULL, NULL, NULL, NULL, NULL, NULL, 1716541608, 1738479491, 1, 'peserta28', 'peserta28', NULL, NULL),
(84, '36.90.16.100', 'peserta27', '$2y$10$aOR3Z9naj0vae9RSsSFdIef4gQlz/VV2X1fmhvl.WHGh.Kb.94tZK', 'peserta27', NULL, NULL, NULL, NULL, NULL, NULL, NULL, 1716541609, 1737935726, 1, 'peserta27', 'peserta27', NULL, NULL),
(85, '36.90.16.100', 'peserta26', '$2y$10$YbDLrfPwstbwEXEMyjusW.GTQ2WMJx2xzsynRWZ6p2EVGW6pU.trS', 'peserta26', NULL, NULL, NULL, NULL, NULL, NULL, NULL, 1716541611, 1737895186, 1, 'peserta26', 'peserta26', NULL, NULL),
(86, '36.90.16.100', 'peserta25', '$2y$10$y.ICQl0emMmcBdpDq5Q9jeR9VvHKRMw/L9cO.ghJ.9u3VcjxEOYpa', 'peserta25', NULL, NULL, NULL, NULL, NULL, NULL, NULL, 1716541612, 1737936144, 1, 'peserta25', 'peserta25', NULL, NULL),
(87, '36.90.16.100', 'peserta24', '$2y$10$Gs.NiWvDlR4B811UDJ6jSuRwDFH9/rrpO019QRj9bvBddC7M3zWfm', 'peserta24', NULL, NULL, NULL, NULL, NULL, NULL, NULL, 1716541613, 1737940956, 1, 'peserta24', 'peserta24', NULL, NULL),
(88, '36.90.16.100', 'peserta23', '$2y$10$/lqoP2rM0tPObFLAMvB0g.9QrsgAMfFKk8XilW05jC0d6t6YnFIkC', 'peserta23', NULL, NULL, NULL, NULL, NULL, NULL, NULL, 1716541614, 1738029347, 1, 'peserta23', 'peserta23', NULL, NULL),
(89, '36.90.16.100', 'peserta22', '$2y$10$NnVUVDxijRmI3.uAl2wnsOCb2nO44s74QSu0FguACgmtyGUOZpTu2', 'peserta22', NULL, NULL, NULL, NULL, NULL, NULL, NULL, 1716541615, 1730451880, 1, 'peserta22', 'peserta22', NULL, NULL),
(90, '36.90.16.100', 'peserta21', '$2y$10$rx5.aiBLRq.HBohsU6r6HejLZcJvxdlEk7DLjhg55HcoiAhsTzFPa', 'peserta21', NULL, NULL, NULL, NULL, NULL, NULL, NULL, 1716541616, 1737870148, 1, 'peserta', '21', NULL, NULL),
(91, '36.90.16.114', 'peserta41', '$2y$10$Jp6msZAeuotaQ6Ir1KIHFekJ79sj9pTg5qEy7uZUauFVaHjtYU.oW', 'peserta41', NULL, NULL, NULL, NULL, NULL, NULL, NULL, 1719969009, 1739893359, 1, 'Peserta', '41', NULL, NULL),
(92, '36.90.16.114', 'peserta42', '$2y$10$QTVXZR8L7v8GUgHrJCNWu.ILGWAsLnXxyiYlkJLbiKFAv9skS2Yru', 'peserta42', NULL, NULL, NULL, NULL, NULL, NULL, NULL, 1719969251, 1739975462, 1, 'peserta', '42', NULL, NULL),
(93, '36.90.16.114', 'peserta43', '$2y$10$8JyHTz8aJrnJphVEVEOY4O0ZTB3KElikv/8C263eVAGxbUx7H.GMW', 'peserta43', NULL, NULL, NULL, NULL, NULL, NULL, NULL, 1719969257, 1739953910, 1, 'peserta', '43', NULL, NULL),
(94, '36.90.16.114', 'peserta44', '$2y$10$UyX1IvCb1Xd.N/T2iiq3/eModTOWITKxA4yt0lcZ/hoiIB.9FvgfK', 'peserta44', NULL, NULL, NULL, NULL, NULL, NULL, NULL, 1719969261, 1740019984, 1, 'peserta', '44', NULL, NULL),
(95, '36.90.16.114', 'peserta45', '$2y$10$j/0OfL24xj9wwmjAHZ3mfOGxGYvXSmmlZ4kOnBNK6Il.lMxha2dR2', 'peserta45', NULL, NULL, NULL, NULL, NULL, NULL, NULL, 1719969266, 1740021952, 1, 'peserta', '45', NULL, NULL),
(96, '36.90.16.114', 'peserta46', '$2y$10$YLgy3/lPGbt/tfkNv4YjaOvGXp18VMA9cYf/0L9DVnbMYs40c.jpm', 'peserta46', NULL, NULL, NULL, NULL, NULL, NULL, NULL, 1719969270, 1740033405, 1, 'peserta', '46', NULL, NULL),
(97, '36.90.16.114', 'peserta47', '$2y$10$LGYwgH3ZgXQqGiLvUuhw2OeUFV8xiEgizKsXe9A2kPhlh6G/XoaXi', 'peserta47', NULL, NULL, NULL, NULL, NULL, NULL, NULL, 1719969275, 1739975167, 1, 'peserta', '47', NULL, NULL),
(98, '36.90.16.114', 'peserta48', '$2y$10$p70rgLz6ZbTgsc4z5uWdLub.szoExu2JVsfqWa.42CBjLyyeS9xTu', 'peserta48', NULL, NULL, NULL, NULL, NULL, NULL, NULL, 1719969281, 1729176832, 1, 'peserta', '48', NULL, NULL),
(99, '36.90.16.114', 'peserta49', '$2y$10$AKh0g3ArwPtC9F5Sb9q3FOQV4DJamLN22jNpIoi9k5uB1CAcM8kO.', 'peserta49', NULL, NULL, NULL, NULL, NULL, NULL, NULL, 1719969286, 1740035604, 1, 'peserta', '49', NULL, NULL),
(100, '36.90.16.114', 'peserta50', '$2y$10$ek37quLryBYAcG57cuZyHeet3R.kfX.Y5omBUkF60k3Q1m0wsy3w6', 'peserta50', NULL, NULL, NULL, NULL, NULL, NULL, NULL, 1719969292, 1740472790, 1, 'peserta', '50', NULL, NULL),
(101, '36.90.17.110', 'psikotes59', '$2y$10$IuRFyk.eiMrL/rFKSucpXOY3dz9C6az.GmYB3bqNwtEGtuB5jbuaS', 'psikotes59', NULL, NULL, NULL, NULL, NULL, NULL, NULL, 1724998127, 1734018168, 1, 'psikotes', '59', NULL, NULL),
(102, '36.90.17.110', 'psikotes58', '$2y$10$4JvUHob1iZZA95gPHf3Sa.C2RBQmt0c7MC.oBrNq/AwOQ3EP2D576', 'psikotes58', NULL, NULL, NULL, NULL, NULL, NULL, NULL, 1724998128, 1733966773, 1, 'psikotes', '58', NULL, NULL),
(103, '36.90.17.110', 'psikotes57', '$2y$10$vzJCXGikcXK3fmSn/CCjueQmc5wXTrhTxxx1Er7e03x4VNH.VPOVm', 'psikotes57', NULL, NULL, NULL, NULL, NULL, NULL, NULL, 1724998130, 1733921319, 1, 'psikotes', '57', NULL, NULL),
(104, '36.90.17.110', 'psikotes56', '$2y$10$NrnlUi3s9p1CGwAjUVlPX.zW1kciiNPGLs8OTKuGzvCdPSSEWsGRu', 'psikotes56', NULL, NULL, NULL, NULL, NULL, NULL, NULL, 1724998131, 1733217443, 1, 'psikotes', '56', NULL, NULL),
(105, '36.90.17.110', 'psikotes55', '$2y$10$VoL5NREjCENARbmWj/48GuweBtwb8FMUpe02qIwEH2fqhh7VR2Aue', 'psikotes55', NULL, NULL, NULL, NULL, NULL, NULL, NULL, 1724998132, 1733132858, 1, 'psikotes', '55', NULL, NULL),
(106, '36.90.17.110', 'psikotes54', '$2y$10$/c6/iImTgDiJLlnCxvuxtumX0Y3H2y1TblmSkaj3djzoJOoeLHpRO', 'psikotes54', NULL, NULL, NULL, NULL, NULL, NULL, NULL, 1724998133, 1733215072, 1, 'psikotes', '54', NULL, NULL),
(107, '36.90.17.110', 'psikotes51', '$2y$10$V47VkBro51PB2HLtAS6VNeqGPnpCN/rB2L1TUo.rRkigf4zp64jmW', 'psikotes51', NULL, NULL, NULL, NULL, NULL, NULL, NULL, 1724998137, 1740474062, 1, 'psikotes', '51', NULL, NULL),
(108, '36.90.17.110', 'psikotes52', '$2y$10$khTtUci/fVjl2056R5pa2erci/eYybMAXt1Po.Fp2oaEfbrrrr.jq', 'psikotes52', NULL, NULL, NULL, NULL, NULL, NULL, NULL, 1724998138, 1733196269, 1, 'psikotes', '52', NULL, NULL),
(109, '36.90.17.110', 'psikotes53', '$2y$10$giV9YkzvRk9qcQBxMIGoLe/6A4wzNUqUEdApkMw.AP9N2afa2/2T6', 'psikotes53', NULL, NULL, NULL, NULL, NULL, NULL, NULL, 1724998140, 1733207480, 1, 'psikotes', '53', NULL, NULL),
(110, '36.90.16.164', 'peserta70', '$2y$10$0ALKtj3HSDaZlfFhCQYYB.jRCQqfE0kqOKRuure2u5PKD7sa3CbDu', 'peserta70', NULL, NULL, NULL, NULL, NULL, NULL, NULL, 1725930493, 1733969273, 1, 'peserta', '70', NULL, NULL),
(111, '36.90.16.164', 'peserta69', '$2y$10$OC5bYpzJD.n.X4SHm41/JO.G.60p.DVgQivtL5EgP7Gc9F/eoyul6', 'peserta69', NULL, NULL, NULL, NULL, NULL, NULL, NULL, 1725930503, 1733997217, 1, 'peserta', '69', NULL, NULL),
(112, '36.90.16.164', 'peserta61', '$2y$10$ImXwm8uc2ENKtFLM763q/.hX1Rs5NcNEbknCvvKuadrNjC8dtxwnq', 'peserta61', NULL, NULL, NULL, NULL, NULL, NULL, NULL, 1725930510, 1733969388, 1, 'peserta', '61', NULL, NULL),
(113, '36.90.16.164', 'peserta62', '$2y$10$f7tln69XARi09CfEczybKOwoBZb8K2Mm/xtMZBNlrp5wUabLTozja', 'peserta62', NULL, NULL, NULL, NULL, NULL, NULL, NULL, 1725930512, 1733969403, 1, 'peserta', '62', NULL, NULL),
(114, '36.90.16.164', 'peserta63', '$2y$10$8PfuJKwLL5lzEe4h.x1ue.zmgaeulZQKKarXkJrR/jBnmBsOS7cXG', 'peserta63', NULL, NULL, NULL, NULL, NULL, NULL, NULL, 1725930514, 1733969418, 1, 'peserta', '63', NULL, NULL),
(115, '36.90.16.164', 'peserta64', '$2y$10$g11/mepGtQBReUZ0DCB6c.pbPUpvM.WWH2MEiwwmNXvW8Qu23E56S', 'peserta64', NULL, NULL, NULL, NULL, NULL, NULL, NULL, 1725930517, 1726021390, 1, 'peserta', '64', NULL, NULL),
(116, '36.90.16.164', 'peserta65', '$2y$10$zqr8GWetdCfHSlcj62eFF.37oIIBTzbsu8EMbtBxEgLH0g1nvzEE.', 'peserta65', NULL, NULL, NULL, NULL, NULL, NULL, NULL, 1725930520, 1733997149, 1, 'peserta', '65', NULL, NULL),
(117, '36.90.16.164', 'peserta66', '$2y$10$VPjmSU5OyukHYQhJg4P7qe4oDghkb.NcpDmYyVvayYW7N0oqcGY8u', 'peserta66', NULL, NULL, NULL, NULL, NULL, NULL, NULL, 1725930522, 1733997166, 1, 'peserta', '66', NULL, NULL),
(118, '36.90.16.164', 'peserta67', '$2y$10$WS0puQT3ySeIiRw6FYf16uYPg.TznYHIo3HdCMaZLsBlr2lpGBGDO', 'peserta67', NULL, NULL, NULL, NULL, NULL, NULL, NULL, 1725930524, 1733997183, 1, 'peserta', '67', NULL, NULL),
(119, '36.90.16.164', 'peserta68', '$2y$10$2qUB0ghXgwPYbNqyaNMT5e0.MUra3zGPjA42aVmAQJvY4pDNhXW5C', 'peserta68', NULL, NULL, NULL, NULL, NULL, NULL, NULL, 1725930527, 1733997198, 1, 'peserta', '68', NULL, NULL),
(120, '36.90.17.21', 'psikotes71', '$2y$10$2jGOfxh..1YKN5armqYHiu1mOVO3jCvNMpqnrSi65TM4XddFMt.YW', 'psikotes71', NULL, NULL, NULL, NULL, NULL, NULL, NULL, 1726822496, 1733969449, 1, 'psikotes', '71', NULL, NULL),
(121, '36.90.17.21', 'psikotes72', '$2y$10$wb1R/7YraSlG5fbFYrkDmOR89Ys0qmpakzDv8Rv5p7df1qXJZCEGK', 'psikotes72', NULL, NULL, NULL, NULL, NULL, NULL, NULL, 1726822500, 1733997257, 1, 'psikotes', '72', NULL, NULL),
(122, '36.90.17.21', 'psikotes73', '$2y$10$46NRwDxQ0NM/Bb1as4GgQOYVFYWhfhRJfzFK7uZHs1a73zUFB4t5y', 'psikotes73', NULL, NULL, NULL, NULL, NULL, NULL, NULL, 1726822501, 1733997271, 1, 'psikotes', '73', NULL, NULL),
(123, '36.90.17.21', 'psikotes74', '$2y$10$HgYIUao5acz1McMWAahpG.iMrPlH4pLNmf3SweEr8hAygNa5gVr5a', 'psikotes74', NULL, NULL, NULL, NULL, NULL, NULL, NULL, 1726822503, 1733997283, 1, 'psikotes', '74', NULL, NULL),
(124, '36.90.17.21', 'psikotes75', '$2y$10$0IkuxciqEyjnaj4uxIDF6OwPoY8FJXHtk3YjBuawaVPUxWohZREom', 'psikotes75', NULL, NULL, NULL, NULL, NULL, NULL, NULL, 1726822504, 1734070567, 1, 'psikotes', '75', NULL, NULL),
(125, '36.90.17.21', 'psikotes76', '$2y$10$pqaNKpAlqClE3ETk.OgsX.eYP5K.nMqlX1/D48Wci6WEmbhEJSsxG', 'psikotes76', NULL, NULL, NULL, NULL, NULL, NULL, NULL, 1726822505, 1733997311, 1, 'psikotes', '76', NULL, NULL),
(126, '36.90.17.21', 'psikotes77', '$2y$10$zzMcTpkMP59fhUr7prL.P.X.OGSzRElOf1f79K1WzZaBIlLyl08.6', 'psikotes77', NULL, NULL, NULL, NULL, NULL, NULL, NULL, 1726822506, 1734092722, 1, 'psikotes', '77', NULL, NULL),
(127, '36.90.17.21', 'psikotes78', '$2y$10$mfMN7/PHK5C9Pr3yw5XVZ.ydI4/8opdBauFoZj3mpV6y07ieBFaTy', 'psikotes78', NULL, NULL, NULL, NULL, NULL, NULL, NULL, 1726822507, 1733997358, 1, 'psikotes', '78', NULL, NULL),
(128, '36.90.17.21', 'psikotes79', '$2y$10$kt/5c/F/8GkXcOLOcUwi8.Ye5hjd9lEhpKOOEL8lLsjS.lkZyuAke', 'psikotes79', NULL, NULL, NULL, NULL, NULL, NULL, NULL, 1726822508, 1733997370, 1, 'psikotes', '79', NULL, NULL),
(129, '36.90.17.21', 'psikotes80', '$2y$10$e5VpAEAoIVwXxDmMcX3dnuwVo5QX9BsKvcB/JDePfhGaB5.UbDdV.', 'psikotes80', NULL, NULL, NULL, NULL, NULL, NULL, NULL, 1726822514, 1733997383, 1, 'psikotes', '80', NULL, NULL),
(130, '103.247.13.138', 'psikotes81', '$2y$10$n8QN4ru3goCPkgpwQw9Byuf.v0.sUcznqdofKWrPMyyQhYdjJ0naW', 'psikotes81', NULL, NULL, NULL, NULL, NULL, NULL, NULL, 1727426472, 1733997395, 1, 'psikotes', '81', NULL, NULL),
(131, '103.247.13.138', 'psikotes82', '$2y$10$KG7O8fdpXiYRq8I2m1S3quywv4IvbeuRGzy2YbwwTJ8SskVyPQpia', 'psikotes82', NULL, NULL, NULL, NULL, NULL, NULL, NULL, 1727426476, 1734099142, 1, 'psikotes', '82', NULL, NULL),
(132, '103.247.13.138', 'psikotes83', '$2y$10$VWrOZI.RhZKafNUMPU2G9.dd3Dtm1Ln8Duk5sExPab5mg.62uo4eu', 'psikotes83', NULL, NULL, NULL, NULL, NULL, NULL, NULL, 1727426477, 1734051902, 1, 'psikotes', '83', NULL, NULL),
(133, '103.247.13.138', 'psikotes84', '$2y$10$s5jTvmu6nwjdau/GdlTzf..o4Q6B9xg/kCnMhkPJ.kQzS44X/Gble', 'psikotes84', NULL, NULL, NULL, NULL, NULL, NULL, NULL, 1727426480, 1734070243, 1, 'psikotes', '84', NULL, NULL),
(134, '103.247.13.138', 'psikotes85', '$2y$10$1WWmT/5nzC3ZG7soHBro6urhY6/Ocr3fNdUqFUeslmVpDy6DRgEIG', 'psikotes85', NULL, NULL, NULL, NULL, NULL, NULL, NULL, 1727426483, 1734052047, 1, 'psikotes', '85', NULL, NULL),
(135, '103.247.13.138', 'psikotes86', '$2y$10$mX4xyin9Z0TSQLIhDEk.h.s.Y.TUCnYVeanocLlDF01vcd7ZDsINO', 'psikotes86', NULL, NULL, NULL, NULL, NULL, NULL, NULL, 1727426485, 1734052063, 1, 'psikotes', '86', NULL, NULL),
(136, '103.247.13.138', 'psikotes87', '$2y$10$Sf/q6k0TxKqqBmUU6A.VvOoN8i9pIIsZs5njGjPn6l9O49uidvgVm', 'psikotes87', NULL, NULL, NULL, NULL, NULL, NULL, NULL, 1727426487, 1734052078, 1, 'psikotes', '87', NULL, NULL),
(137, '103.247.13.138', 'psikotes88', '$2y$10$ZG8nENcnl6lZqHMsdFM2t.hGPG0bPej5x.Ifa5toidpIe6EYChN1u', 'psikotes88', NULL, NULL, NULL, NULL, NULL, NULL, NULL, 1727426490, 1734052090, 1, 'psikotes', '88', NULL, NULL),
(138, '103.247.13.138', 'psikotes89', '$2y$10$1pdy0j2hRaZAGlhOtG85NOD0Oexcb76nV8Y3TzZstwkq7KpcOZfz6', 'psikotes89', NULL, NULL, NULL, NULL, NULL, NULL, NULL, 1727426492, 1734052104, 1, 'psikotes', '89', NULL, NULL),
(139, '103.247.13.138', 'psikotes90', '$2y$10$WKotKm3g7xj/jrZtpPSAyOKjvfuWjRw8udwWpEw5b12HI8IgDf.8e', 'psikotes90', NULL, NULL, NULL, NULL, NULL, NULL, NULL, 1727426499, 1734052117, 1, 'psikotes', '90', NULL, NULL),
(140, '103.247.13.138', 'psikotes91', '$2y$10$BV0/Y6LMxuifFogC6u3efOgJMevA45vYPW8W1mSXppjnRMPb3RUv6', 'psikotes91', NULL, NULL, NULL, NULL, NULL, NULL, NULL, 1727426501, 1734052131, 1, 'psikotes', '91', NULL, NULL),
(141, '103.247.13.138', 'psikotes92', '$2y$10$CSpWrQRt20Xt.qBfTg6A0OfMpr1Nr3pRpXROLCr5jxLBCAptpxFxO', 'psikotes92', NULL, NULL, NULL, NULL, NULL, NULL, NULL, 1727426503, 1734052144, 1, 'psikotes', '92', NULL, NULL),
(142, '103.247.13.138', 'psikotes93', '$2y$10$XzAfx55l3T1FfoP7ZRVnAOH9NgeOc35Hb3.Ond/aodDK2VCBSiF/C', 'psikotes93', NULL, NULL, NULL, NULL, NULL, NULL, NULL, 1727426504, 1734052156, 1, 'psikotes', '93', NULL, NULL),
(143, '103.247.13.138', 'psikotes94', '$2y$10$2ptvGUkAcpzopqhmNok8XOwpEmW3nsH7zWPmR3tlMavBn1aYV7wBq', 'psikotes94', NULL, NULL, NULL, NULL, NULL, NULL, NULL, 1727426506, 1734052168, 1, 'psikotes', '94', NULL, NULL),
(144, '103.247.13.138', 'psikotes95', '$2y$10$uw77DKqRKAY4PRk1zvEY3uzOXOtpRd6z.ZyxT8NfoSKN06p0bzH9y', 'psikotes95', NULL, NULL, NULL, NULL, NULL, NULL, NULL, 1727426507, 1734069003, 1, 'psikotes', '95', NULL, NULL),
(145, '103.247.13.138', 'psikotes96', '$2y$10$TZhIs.l/UCReClcf99LDHuDbJTEZ4Im985198a5YNxrgx7fE7mMOu', 'psikotes96', NULL, NULL, NULL, NULL, NULL, NULL, NULL, 1727426509, 1728407488, 1, 'psikotes', '96', NULL, NULL),
(146, '103.247.13.138', 'psikotes97', '$2y$10$meeh9bmNFDRDtBvQEGv9vuTKE//UK3q8nJfsFwbBzi4IXxz7SAvFi', 'psikotes97', NULL, NULL, NULL, NULL, NULL, NULL, NULL, 1727426511, 1735007002, 1, 'psikotes', '97', NULL, NULL),
(147, '103.247.13.138', 'psikotes98', '$2y$10$Y91La0BLCjhV4g4nCoXWP.MXFmoocUkV8Xhxnnlo8JWVilzgt4KKy', 'psikotes98', NULL, NULL, NULL, NULL, NULL, NULL, NULL, 1727426512, 1735042998, 1, 'psikotes', '98', NULL, NULL),
(148, '103.247.13.138', 'psikotes99', '$2y$10$cb6t1b7l2L5LFPlHsGwAmeYYE2fCBDSQMH3Arc9GVCi486.wufoEy', 'psikotes99', NULL, NULL, NULL, NULL, NULL, NULL, NULL, 1727426514, 1735084970, 1, 'psikotes', '99', NULL, NULL),
(149, '103.247.13.138', 'psikotes100', '$2y$10$5dutYpoZMszvKO6NVvvrR.H4Q0cHbSCgHFgd0T14FRmYR5DaDY0gK', 'psikotes100', NULL, NULL, NULL, NULL, NULL, NULL, NULL, 1727426529, 1735548224, 1, 'psikotes', '100', NULL, NULL),
(150, '36.90.18.192', 'psikotes101', '$2y$10$yTLjRsGWYxb.d6xq600Mo.9ZopJz4xnkXJrjJcS/3Xyv1P.RkcTbe', 'psikotes101', NULL, NULL, NULL, NULL, NULL, NULL, NULL, 1734056069, 1735006908, 1, 'psikotes101', 'psikotes101', NULL, NULL),
(151, '36.90.18.192', 'psikotes102', '$2y$10$7kkMdcf.ZRgigfPsdaTaxO964bfbjBO0c6G8CExPMEAv39MZ4UcL.', 'psikotes102', NULL, NULL, NULL, NULL, NULL, NULL, NULL, 1734056071, 1735006960, 1, 'psikotes102', 'psikotes102', NULL, NULL),
(152, '36.90.18.192', 'psikotes103', '$2y$10$k9flc3m5.YA6IKHuYQJ1ae2u3MJ8DqjWImbW7Ii4vaAqJjln1TZye', 'psikotes103', NULL, NULL, NULL, NULL, NULL, NULL, NULL, 1734056073, NULL, 1, 'psikotes103', 'psikotes103', NULL, NULL),
(153, '36.90.18.192', 'psikotes104', '$2y$10$wMByIXl6dWoPZXW01l1iTuTJ6PmFsBO5itKuvlcXi0xLze7NZKnGG', 'psikotes104', NULL, NULL, NULL, NULL, NULL, NULL, NULL, 1734056074, NULL, 1, 'psikotes104', 'psikotes104', NULL, NULL),
(154, '36.90.18.192', 'psikotes105', '$2y$10$eZ46k1TjRAfQN6vPpG/ydu54nbK3DeXH9JRlJWQW0TWRy0921ux3a', 'psikotes105', NULL, NULL, NULL, NULL, NULL, NULL, NULL, 1734056075, NULL, 1, 'psikotes105', 'psikotes105', NULL, NULL),
(155, '36.90.18.192', 'psikotes106', '$2y$10$/uHHhU4lK3HN22.mpqVfTegpXKklKUKgw8Cf8nDmbjj15MIfHt1Ou', 'psikotes106', NULL, NULL, NULL, NULL, NULL, NULL, NULL, 1734056076, NULL, 1, 'psikotes106', 'psikotes106', NULL, NULL),
(156, '36.90.18.192', 'psikotes107', '$2y$10$OuteX5Hj0W8a8RqISSdDv.3Qv9BoKfFCihUGOb/kFbw9oxuSa97PS', 'psikotes107', NULL, NULL, NULL, NULL, NULL, NULL, NULL, 1734056077, NULL, 1, 'psikotes107', 'psikotes107', NULL, NULL),
(157, '36.90.18.192', 'psikotes108', '$2y$10$rMpteim9mNmSkei1/3sQe.qejfbOXB5CWS1glPT/In/0ldNOSXbzC', 'psikotes108', NULL, NULL, NULL, NULL, NULL, NULL, NULL, 1734056079, NULL, 1, 'psikotes108', 'psikotes108', NULL, NULL),
(158, '36.90.18.192', 'psikotes109', '$2y$10$JPG7vMpvM.mXazbq/saPf.z2m0hjkKklUHJ844Lvo2b3zTlNyRW9e', 'psikotes109', NULL, NULL, NULL, NULL, NULL, NULL, NULL, 1734056081, NULL, 1, 'psikotes109', 'psikotes109', NULL, NULL);

-- --------------------------------------------------------

--
-- Struktur dari tabel `users_groups`
--

CREATE TABLE `users_groups` (
  `id` int UNSIGNED NOT NULL,
  `user_id` int UNSIGNED NOT NULL,
  `group_id` mediumint UNSIGNED NOT NULL
) ENGINE=InnoDB DEFAULT CHARSET=utf8mb3;

--
-- Dumping data untuk tabel `users_groups`
--

INSERT INTO `users_groups` (`id`, `user_id`, `group_id`) VALUES
(3, 1, 1),
(21, 19, 3),
(22, 20, 3),
(23, 21, 3),
(24, 22, 2),
(25, 23, 3),
(26, 24, 3),
(27, 25, 3),
(28, 26, 3),
(29, 27, 3),
(30, 28, 3),
(31, 29, 3),
(32, 30, 3),
(33, 31, 3),
(34, 32, 3),
(35, 33, 3),
(36, 34, 3),
(37, 35, 3),
(38, 36, 3),
(39, 37, 3),
(40, 38, 3),
(41, 39, 3),
(42, 40, 3),
(43, 41, 3),
(44, 42, 3),
(45, 43, 3),
(46, 44, 3),
(47, 45, 3),
(48, 46, 3),
(49, 47, 3),
(50, 48, 3),
(51, 49, 3),
(52, 50, 3),
(53, 51, 3),
(54, 52, 3),
(55, 53, 3),
(56, 54, 3),
(57, 55, 3),
(58, 56, 3),
(59, 57, 3),
(60, 58, 3),
(61, 59, 3),
(62, 60, 3),
(63, 61, 3),
(64, 62, 3),
(65, 63, 3),
(66, 64, 3),
(67, 65, 3),
(68, 66, 3),
(69, 67, 3),
(70, 68, 3),
(71, 69, 3),
(72, 70, 3),
(73, 71, 3),
(74, 72, 3),
(75, 73, 3),
(76, 74, 3),
(77, 75, 3),
(78, 76, 3),
(79, 77, 3),
(80, 78, 3),
(81, 79, 3),
(82, 80, 3),
(83, 81, 3),
(84, 82, 3),
(85, 83, 3),
(86, 84, 3),
(87, 85, 3),
(88, 86, 3),
(89, 87, 3),
(90, 88, 3),
(91, 89, 3),
(92, 90, 3),
(93, 91, 3),
(94, 92, 3),
(95, 93, 3),
(96, 94, 3),
(97, 95, 3),
(98, 96, 3),
(99, 97, 3),
(100, 98, 3),
(101, 99, 3),
(102, 100, 3),
(103, 101, 3),
(104, 102, 3),
(105, 103, 3),
(106, 104, 3),
(107, 105, 3),
(108, 106, 3),
(109, 107, 3),
(110, 108, 3),
(111, 109, 3),
(112, 110, 3),
(113, 111, 3),
(114, 112, 3),
(115, 113, 3),
(116, 114, 3),
(117, 115, 3),
(118, 116, 3),
(119, 117, 3),
(120, 118, 3),
(121, 119, 3),
(122, 120, 3),
(123, 121, 3),
(124, 122, 3),
(125, 123, 3),
(126, 124, 3),
(127, 125, 3),
(128, 126, 3),
(129, 127, 3),
(130, 128, 3),
(131, 129, 3),
(132, 130, 3),
(133, 131, 3),
(134, 132, 3),
(135, 133, 3),
(136, 134, 3),
(137, 135, 3),
(138, 136, 3),
(139, 137, 3),
(140, 138, 3),
(141, 139, 3),
(142, 140, 3),
(143, 141, 3),
(144, 142, 3),
(145, 143, 3),
(146, 144, 3),
(147, 145, 3),
(148, 146, 3),
(149, 147, 3),
(150, 148, 3),
(151, 149, 3),
(152, 150, 3),
(153, 151, 3),
(154, 152, 3),
(155, 153, 3),
(156, 154, 3),
(157, 155, 3),
(158, 156, 3),
(159, 157, 3),
(160, 158, 3);

--
-- Indexes for dumped tables
--

--
-- Indeks untuk tabel `dosen`
--
ALTER TABLE `dosen`
  ADD PRIMARY KEY (`id_dosen`),
  ADD UNIQUE KEY `email` (`email`),
  ADD UNIQUE KEY `nip` (`nip`),
  ADD KEY `matkul_id` (`matkul_id`);

--
-- Indeks untuk tabel `groups`
--
ALTER TABLE `groups`
  ADD PRIMARY KEY (`id`);

--
-- Indeks untuk tabel `h_ujian`
--
ALTER TABLE `h_ujian`
  ADD PRIMARY KEY (`id`),
  ADD KEY `ujian_id` (`ujian_id`),
  ADD KEY `mahasiswa_id` (`mahasiswa_id`);

--
-- Indeks untuk tabel `h_ujian_essay`
--
ALTER TABLE `h_ujian_essay`
  ADD PRIMARY KEY (`id`),
  ADD KEY `ujianessay_id` (`ujianessay_id`),
  ADD KEY `mahasiswa_id` (`mahasiswa_id`);

--
-- Indeks untuk tabel `info_db`
--
ALTER TABLE `info_db`
  ADD PRIMARY KEY (`id_group`);

--
-- Indeks untuk tabel `jurusan`
--
ALTER TABLE `jurusan`
  ADD PRIMARY KEY (`id_jurusan`);

--
-- Indeks untuk tabel `jurusan_matkul`
--
ALTER TABLE `jurusan_matkul`
  ADD PRIMARY KEY (`id`),
  ADD KEY `jurusan_id` (`jurusan_id`),
  ADD KEY `matkul_id` (`matkul_id`);

--
-- Indeks untuk tabel `kelas`
--
ALTER TABLE `kelas`
  ADD PRIMARY KEY (`id_kelas`),
  ADD KEY `jurusan_id` (`jurusan_id`);

--
-- Indeks untuk tabel `kelas_dosen`
--
ALTER TABLE `kelas_dosen`
  ADD PRIMARY KEY (`id`),
  ADD KEY `kelas_id` (`kelas_id`),
  ADD KEY `dosen_id` (`dosen_id`);

--
-- Indeks untuk tabel `login_attempts`
--
ALTER TABLE `login_attempts`
  ADD PRIMARY KEY (`id`);

--
-- Indeks untuk tabel `mahasiswa`
--
ALTER TABLE `mahasiswa`
  ADD PRIMARY KEY (`id_mahasiswa`),
  ADD UNIQUE KEY `nim` (`nim`),
  ADD UNIQUE KEY `email` (`email`),
  ADD KEY `kelas_id` (`kelas_id`);

--
-- Indeks untuk tabel `matkul`
--
ALTER TABLE `matkul`
  ADD PRIMARY KEY (`id_matkul`);

--
-- Indeks untuk tabel `matkul_dosen`
--
ALTER TABLE `matkul_dosen`
  ADD PRIMARY KEY (`id`),
  ADD KEY `dosen_id` (`dosen_id`),
  ADD KEY `matkul_id` (`matkul_id`);

--
-- Indeks untuk tabel `m_ujian`
--
ALTER TABLE `m_ujian`
  ADD PRIMARY KEY (`id_ujian`),
  ADD KEY `matkul_id` (`matkul_id`),
  ADD KEY `dosen_id` (`dosen_id`);

--
-- Indeks untuk tabel `m_ujianessay`
--
ALTER TABLE `m_ujianessay`
  ADD PRIMARY KEY (`id_UjianEssay`);

--
-- Indeks untuk tabel `tbl_psikotes_hasil`
--
ALTER TABLE `tbl_psikotes_hasil`
  ADD PRIMARY KEY (`id`),
  ADD KEY `ujian_id` (`ujian_id`),
  ADD KEY `mahasiswa_id` (`mahasiswa_id`);

--
-- Indeks untuk tabel `tb_soal`
--
ALTER TABLE `tb_soal`
  ADD PRIMARY KEY (`id_soal`),
  ADD KEY `dosen_id` (`dosen_id`),
  ADD KEY `tb_soal_ibfk_1` (`matkul_id`);

--
-- Indeks untuk tabel `tb_soal_essay`
--
ALTER TABLE `tb_soal_essay`
  ADD PRIMARY KEY (`id_SoalEssay`),
  ADD KEY `dosen_id` (`dosen_id`) USING BTREE;

--
-- Indeks untuk tabel `users`
--
ALTER TABLE `users`
  ADD PRIMARY KEY (`id`),
  ADD UNIQUE KEY `uc_activation_selector` (`activation_selector`),
  ADD UNIQUE KEY `uc_forgotten_password_selector` (`forgotten_password_selector`),
  ADD UNIQUE KEY `uc_remember_selector` (`remember_selector`),
  ADD UNIQUE KEY `uc_email` (`email`) USING BTREE;

--
-- Indeks untuk tabel `users_groups`
--
ALTER TABLE `users_groups`
  ADD PRIMARY KEY (`id`),
  ADD UNIQUE KEY `uc_users_groups` (`user_id`,`group_id`),
  ADD KEY `fk_users_groups_users1_idx` (`user_id`),
  ADD KEY `fk_users_groups_groups1_idx` (`group_id`);

--
-- AUTO_INCREMENT untuk tabel yang dibuang
--

--
-- AUTO_INCREMENT untuk tabel `dosen`
--
ALTER TABLE `dosen`
  MODIFY `id_dosen` int NOT NULL AUTO_INCREMENT, AUTO_INCREMENT=26;

--
-- AUTO_INCREMENT untuk tabel `groups`
--
ALTER TABLE `groups`
  MODIFY `id` mediumint UNSIGNED NOT NULL AUTO_INCREMENT, AUTO_INCREMENT=4;

--
-- AUTO_INCREMENT untuk tabel `h_ujian`
--
ALTER TABLE `h_ujian`
  MODIFY `id` int NOT NULL AUTO_INCREMENT, AUTO_INCREMENT=1078;

--
-- AUTO_INCREMENT untuk tabel `h_ujian_essay`
--
ALTER TABLE `h_ujian_essay`
  MODIFY `id` int NOT NULL AUTO_INCREMENT, AUTO_INCREMENT=596;

--
-- AUTO_INCREMENT untuk tabel `jurusan`
--
ALTER TABLE `jurusan`
  MODIFY `id_jurusan` int NOT NULL AUTO_INCREMENT, AUTO_INCREMENT=11;

--
-- AUTO_INCREMENT untuk tabel `jurusan_matkul`
--
ALTER TABLE `jurusan_matkul`
  MODIFY `id` int NOT NULL AUTO_INCREMENT, AUTO_INCREMENT=14;

--
-- AUTO_INCREMENT untuk tabel `kelas`
--
ALTER TABLE `kelas`
  MODIFY `id_kelas` int NOT NULL AUTO_INCREMENT, AUTO_INCREMENT=15;

--
-- AUTO_INCREMENT untuk tabel `kelas_dosen`
--
ALTER TABLE `kelas_dosen`
  MODIFY `id` int NOT NULL AUTO_INCREMENT, AUTO_INCREMENT=31;

--
-- AUTO_INCREMENT untuk tabel `login_attempts`
--
ALTER TABLE `login_attempts`
  MODIFY `id` int UNSIGNED NOT NULL AUTO_INCREMENT, AUTO_INCREMENT=439;

--
-- AUTO_INCREMENT untuk tabel `mahasiswa`
--
ALTER TABLE `mahasiswa`
  MODIFY `id_mahasiswa` int NOT NULL AUTO_INCREMENT, AUTO_INCREMENT=179;

--
-- AUTO_INCREMENT untuk tabel `matkul`
--
ALTER TABLE `matkul`
  MODIFY `id_matkul` int NOT NULL AUTO_INCREMENT, AUTO_INCREMENT=23;

--
-- AUTO_INCREMENT untuk tabel `matkul_dosen`
--
ALTER TABLE `matkul_dosen`
  MODIFY `id` int NOT NULL AUTO_INCREMENT, AUTO_INCREMENT=83;

--
-- AUTO_INCREMENT untuk tabel `m_ujian`
--
ALTER TABLE `m_ujian`
  MODIFY `id_ujian` int NOT NULL AUTO_INCREMENT, AUTO_INCREMENT=36;

--
-- AUTO_INCREMENT untuk tabel `m_ujianessay`
--
ALTER TABLE `m_ujianessay`
  MODIFY `id_UjianEssay` int NOT NULL AUTO_INCREMENT, AUTO_INCREMENT=22;

--
-- AUTO_INCREMENT untuk tabel `tbl_psikotes_hasil`
--
ALTER TABLE `tbl_psikotes_hasil`
  MODIFY `id` int NOT NULL AUTO_INCREMENT;

--
-- AUTO_INCREMENT untuk tabel `tb_soal`
--
ALTER TABLE `tb_soal`
  MODIFY `id_soal` int NOT NULL AUTO_INCREMENT, AUTO_INCREMENT=229;

--
-- AUTO_INCREMENT untuk tabel `tb_soal_essay`
--
ALTER TABLE `tb_soal_essay`
  MODIFY `id_SoalEssay` int NOT NULL AUTO_INCREMENT, AUTO_INCREMENT=71;

--
-- AUTO_INCREMENT untuk tabel `users`
--
ALTER TABLE `users`
  MODIFY `id` int UNSIGNED NOT NULL AUTO_INCREMENT, AUTO_INCREMENT=159;

--
-- AUTO_INCREMENT untuk tabel `users_groups`
--
ALTER TABLE `users_groups`
  MODIFY `id` int UNSIGNED NOT NULL AUTO_INCREMENT, AUTO_INCREMENT=161;

--
-- Ketidakleluasaan untuk tabel pelimpahan (Dumped Tables)
--

--
-- Ketidakleluasaan untuk tabel `dosen`
--
ALTER TABLE `dosen`
  ADD CONSTRAINT `dosen_ibfk_1` FOREIGN KEY (`matkul_id`) REFERENCES `matkul` (`id_matkul`);

--
-- Ketidakleluasaan untuk tabel `h_ujian`
--
ALTER TABLE `h_ujian`
  ADD CONSTRAINT `h_ujian_ibfk_1` FOREIGN KEY (`ujian_id`) REFERENCES `m_ujian` (`id_ujian`),
  ADD CONSTRAINT `h_ujian_ibfk_2` FOREIGN KEY (`mahasiswa_id`) REFERENCES `mahasiswa` (`id_mahasiswa`);

--
-- Ketidakleluasaan untuk tabel `jurusan_matkul`
--
ALTER TABLE `jurusan_matkul`
  ADD CONSTRAINT `jurusan_matkul_ibfk_1` FOREIGN KEY (`jurusan_id`) REFERENCES `jurusan` (`id_jurusan`),
  ADD CONSTRAINT `jurusan_matkul_ibfk_2` FOREIGN KEY (`matkul_id`) REFERENCES `matkul` (`id_matkul`);

--
-- Ketidakleluasaan untuk tabel `kelas_dosen`
--
ALTER TABLE `kelas_dosen`
  ADD CONSTRAINT `kelas_dosen_ibfk_1` FOREIGN KEY (`dosen_id`) REFERENCES `dosen` (`id_dosen`),
  ADD CONSTRAINT `kelas_dosen_ibfk_2` FOREIGN KEY (`kelas_id`) REFERENCES `kelas` (`id_kelas`);

--
-- Ketidakleluasaan untuk tabel `mahasiswa`
--
ALTER TABLE `mahasiswa`
  ADD CONSTRAINT `mahasiswa_ibfk_2` FOREIGN KEY (`kelas_id`) REFERENCES `kelas` (`id_kelas`);

--
-- Ketidakleluasaan untuk tabel `m_ujian`
--
ALTER TABLE `m_ujian`
  ADD CONSTRAINT `m_ujian_ibfk_1` FOREIGN KEY (`dosen_id`) REFERENCES `dosen` (`id_dosen`),
  ADD CONSTRAINT `m_ujian_ibfk_2` FOREIGN KEY (`matkul_id`) REFERENCES `matkul` (`id_matkul`);

--
-- Ketidakleluasaan untuk tabel `tb_soal`
--
ALTER TABLE `tb_soal`
  ADD CONSTRAINT `tb_soal_ibfk_1` FOREIGN KEY (`matkul_id`) REFERENCES `matkul` (`id_matkul`),
  ADD CONSTRAINT `tb_soal_ibfk_2` FOREIGN KEY (`dosen_id`) REFERENCES `dosen` (`id_dosen`);

--
-- Ketidakleluasaan untuk tabel `users_groups`
--
ALTER TABLE `users_groups`
  ADD CONSTRAINT `fk_users_groups_groups1` FOREIGN KEY (`group_id`) REFERENCES `groups` (`id`) ON DELETE CASCADE,
  ADD CONSTRAINT `fk_users_groups_users1` FOREIGN KEY (`user_id`) REFERENCES `users` (`id`) ON DELETE CASCADE;
COMMIT;

/*!40101 SET CHARACTER_SET_CLIENT=@OLD_CHARACTER_SET_CLIENT */;
/*!40101 SET CHARACTER_SET_RESULTS=@OLD_CHARACTER_SET_RESULTS */;
/*!40101 SET COLLATION_CONNECTION=@OLD_COLLATION_CONNECTION */;
